ID_Credit;Customer_ID;LoanDate;B_M;City;age;Time_experience;Activity;BankingExp;OtherIncome;SectBalance;Exp;Income;Delincuency_Hist;score_1;score_2;score_3;score_4;Cupo_solicitado;Cupo_aprobado;Canal_cobranza;Resultado_cobranza
1;1082423;2016-11-25 00:00:00;1;ATLANTHIC SOUTH;32;20;Empleado;N;S;8000;590;1250;1;525;560;700;700;28654;25249;Correo;No contactado
2;1069232;2020-05-28 00:00:00;1;ATLANTHIC SOUTH;29;20;Pensionado;S;S;7500;733;1500;0;493;529;590;660;20795;10802;Correo;No contactado
3;1031705;2016-06-25 00:00:00;1;ATLANTHIC SOUTH;67;20;Empleado;S;S;5000;300;1000;3;532;636;617;836;5860;5383;Correo;No contactado
4;1089806;2018-06-09 00:00:00;0;NEW ENGALND;30;20;Empleado;S;S;2200;500;1600;2;776;660;755;686;10390;8413;Ninguno;No aplica
5;1076695;2018-01-06 00:00:00;1;NEW ENGALND;62;30.33333333;Empleado;S;S;7500;500;1926;0;488;549;631;886;26575;20774;SMS;Pago parcial
6;1091652;2018-12-22 00:00:00;1;NEW YORK;48;20;Pensionado;S;S;8100;800;1100;3;488;589;519;756;16964;13780;Whatsapp;Sin gestión
7;1043846;2020-03-21 00:00:00;0;NEW YORK;33;10;Pensionado;S;S;5000;1502,378;2435,083;0;779;726;646;453;16284;15180;Ninguno;No aplica
8;1088967;2015-09-30 00:00:00;0;NEW YORK;50;20;Pensionado;N;S;6250;210;1700;0;738;823;644;765;27118;21517;Ninguno;No aplica
9;1045239;2016-02-20 00:00:00;0;NEW YORK;43;16.66666667;Pensionado;N;S;5400;780;980;0;677;730;734;534;11265;8905;Ninguno;No aplica
10;1046584;2016-08-08 00:00:00;1;NEW YORK;29;20;Empleado;S;S;10000;440;1350;2;527;650;651;741;21850;21748;SMS;Pago parcial
11;1076771;2020-05-26 00:00:00;0;NEW YORK;28;10;Empleado;N;S;2500;400;530;0;677;650;620;600;9426;8279;Ninguno;No aplica
12;1057800;2016-07-28 00:00:00;0;NEW ENGALND;24;10;independiente;N;N;13000;320;1050;3;677;618;723;863;26962;19444;Ninguno;No aplica
13;1083737;2016-09-01 00:00:00;1;NEW ENGALND;29;10;Pensionado;S;N;15000;600;1200;0;512;584;658;850;19423;16581;Correo;No contactado
14;1008539;2015-12-25 00:00:00;1;NEW ENGALND;44;30;independiente;N;S;7200;500;1000;4;404;586;597;653;16363;11366;Whatsapp;Sin gestión
15;1056697;2019-08-06 00:00:00;1;ATLANTHIC SOUTH;59;35;Empleado;S;S;8750;815;2275;1;414;515;731;709;21023;12917;Whatsapp;Sin gestión
16;1097730;2017-12-11 00:00:00;1;NEW YORK;54;35;Pensionado;S;S;8100;340;600;0;472;569;664;742;13322;10637;Call center;Promesa de pago
17;1020126;2020-03-11 00:00:00;1;ATLANTHIC SOUTH;47;4;independiente;S;S;4200;550;1400;0;449;604;650;798;6685;6445;SMS;Pago parcial
18;1078557;2017-10-13 00:00:00;0;ATLANTHIC SOUTH;44;20;Pensionado;S;S;9500;460;2500;0;716;702;662;673;5769;5565;Ninguno;No aplica
19;1018015;2018-01-04 00:00:00;0;ATLANTHIC SOUTH;41;20;independiente;S;S;7000;200;1000;4;655;710;575;578;28333;19010;Ninguno;No aplica
20;1016607;2020-01-20 00:00:00;1;CHICAGO;62;20;independiente;S;N;2800;600;1000;0;429;597;613;655;7433;5678;SMS;Pago parcial
21;1015068;2018-08-05 00:00:00;0;ATLANTHIC SOUTH;38;10;Empleado;N;N;8750;340;700;3;773;650;650;670;10311;6247;Ninguno;No aplica
22;1013855;2019-10-19 00:00:00;1;ATLANTHIC SOUTH;54;40;Pensionado;S;S;8750;546;1650;4;489;549;636;831;10051;10029;Call center;Promesa de pago
23;1044329;2016-10-07 00:00:00;0;ATLANTHIC SOUTH;36;10;Pensionado;N;S;20000;400;1500;4;703;608;739;709;11420;11312;Ninguno;No aplica
24;1088984;2016-12-20 00:00:00;1;NEW YORK;40;30;Empleado;S;N;3750;227;600;3;429;687;665;650;22568;18613;SMS;Pago parcial
25;1029191;2018-04-14 00:00:00;1;ATLANTHIC SOUTH;26;15;independiente;N;S;18000;500;1500;0;473;581;710;778;25939;23402;Correo;No contactado
26;1045505;2018-05-26 00:00:00;1;NEW YORK;30;20;Pensionado;S;S;7600;250;1270;2;506;567;651;685;24769;21241;Correo;No contactado
27;1021478;2019-02-16 00:00:00;0;NEW ENGALND;58;32;Empleado;S;N;3750;320;1300;4;642;624;724;750;11396;9078;Ninguno;No aplica
28;1040941;2016-07-03 00:00:00;1;ATLANTHIC SOUTH;62;40;Empleado;N;S;10800;1100;1570,833;2;519;756;678;947;13666;7198;SMS;Pago parcial
29;1005998;2018-10-03 00:00:00;1;NEW YORK;43;20;Pensionado;S;S;2750;447;630;2;470;516;651;688;23942;17415;Call center;Promesa de pago
30;1064411;2018-08-24 00:00:00;1;NEW ENGALND;35;17;Pensionado;S;N;7200;512;2147;0;485;554;649;792;29233;24480;Whatsapp;Sin gestión
31;1016302;2017-11-06 00:00:00;0;NEW YORK;35;15;Empleado;S;S;5800;230;800;0;670;705;583;603;23431;19653;Ninguno;No aplica
32;1013751;2018-06-28 00:00:00;1;CHICAGO;48;10;Pensionado;N;S;6750;500;900;0;593;616;685;710;7747;5319;SMS;Pago parcial
33;1029380;2015-10-06 00:00:00;0;ATLANTHIC SOUTH;53;35;Empleado;S;S;5000;540;1200;3;699;737;647;673;5189;5038;Ninguno;No aplica
34;1091059;2015-07-30 00:00:00;0;ATLANTHIC SOUTH;37;10;Empleado;S;S;5600;1304;2480;3;647;788;615;653;24118;14077;Ninguno;No aplica
35;1008208;2015-11-06 00:00:00;0;NEW YORK;41;20;Empleado;S;N;8750;630;1600;0;741;710;727;892;8005;6005;Ninguno;No aplica
36;1091061;2017-12-20 00:00:00;0;NEW YORK;27;7;Empleado;N;S;9000;275;1860;0;639;617;562;642;26042;22017;Ninguno;No aplica
37;1023685;2018-11-29 00:00:00;0;ATLANTHIC SOUTH;48;30;independiente;N;S;2500;703;1200;0;710;665;620;723;6899;5854;Ninguno;No aplica
38;1035097;2020-02-10 00:00:00;1;NEW YORK;50;36;independiente;S;S;8100;800;1100;2;402;598;722;546;29118;24003;Whatsapp;Sin gestión
39;1015658;2016-11-12 00:00:00;1;NEW YORK;47;10;Pensionado;S;S;2500;400;900;0;434;704;672;759;6267;3996;Call center;Promesa de pago
40;1068005;2019-05-20 00:00:00;0;ATLANTHIC SOUTH;38;20;Empleado;S;S;10000;580;1190;3;710;596;647;773;22912;13246;Ninguno;No aplica
41;1055064;2019-02-15 00:00:00;0;NEW YORK;44;15;Pensionado;S;S;9000;928;1793;4;737;752;668;623;16394;13410;Ninguno;No aplica
42;1091273;2020-03-14 00:00:00;0;NEW YORK;67;50;independiente;S;S;12375;300;1000;0;709;691;663;444;8556;6842;Ninguno;No aplica
43;1001867;2020-08-25 00:00:00;1;ATLANTHIC SOUTH;37;5;independiente;N;S;3750;707,5;1225;2;494;630;544;717;8890;5242;Whatsapp;Sin gestión
44;1062755;2018-04-02 00:00:00;1;NEW YORK;49;20;Pensionado;S;S;10000;900;1500;2;485;574;626;722;13838;11798;Call center;Promesa de pago
45;1072218;2017-04-15 00:00:00;0;NEW YORK;36;20;independiente;S;S;7200;860;1055;0;626;629;763;735;19502;14189;Ninguno;No aplica
46;1056368;2019-09-21 00:00:00;1;NEW YORK;29;10;Pensionado;S;S;11600;200;800;1;464;625;604;901;26777;22329;Call center;Promesa de pago
47;1032592;2017-09-02 00:00:00;0;NEW YORK;41;20;independiente;S;S;11500;750;1260;0;677;719;628;636;15627;14356;Ninguno;No aplica
48;1066597;2016-04-28 00:00:00;0;NEW YORK;33;14;Pensionado;N;S;18750;484;1400;1;753;738;612;593;13792;8066;Ninguno;No aplica
49;1068315;2019-12-15 00:00:00;1;NEW YORK;22;8;Pensionado;N;S;5200;220;500;2;517;579;644;615;15555;7926;Correo;No contactado
50;1005704;2020-07-28 00:00:00;0;CHICAGO;55;41;Empleado;S;S;5625;750;1500;3;612;644;609;688;15253;13568;Ninguno;No aplica
51;1047767;2018-07-29 00:00:00;0;NEW YORK;28;10;Pensionado;S;S;13500;700;1200;0;716;586;684;713;13433;10812;Ninguno;No aplica
52;1068378;2018-09-23 00:00:00;0;NEW YORK;34;10;Empleado;S;S;10000;520;2145;2;681;729;664;621;15233;12945;Ninguno;No aplica
53;1013047;2019-12-02 00:00:00;1;ATLANTHIC SOUTH;60;42;Empleado;N;N;5625;700;1500;0;466;605;704;790;16016;14720;Correo;No contactado
54;1011089;2018-07-21 00:00:00;0;ATLANTHIC SOUTH;64;40;Empleado;S;S;3750;350;900;2;731;622;576;712;28897;26048;Ninguno;No aplica
55;1045750;2019-10-01 00:00:00;0;NEW YORK;49;20;Pensionado;S;S;4000;1085;1750;0;752;648;626;674;7612;7463;Ninguno;No aplica
56;1076112;2019-11-30 00:00:00;1;NEW YORK;48;15;independiente;S;S;6750;592;850;0;547;552;634;639;28425;21829;Call center;Promesa de pago
57;1076198;2018-07-23 00:00:00;1;NEW YORK;41;10;Empleado;N;S;8750;680;990;0;458;491;682;677;27619;20555;SMS;Pago parcial
58;1056196;2017-12-09 00:00:00;0;NEW YORK;44;34;Pensionado;S;N;7500;880;1200;0;685;631;594;451;26870;18834;Ninguno;No aplica
59;1027338;2017-03-10 00:00:00;0;ATLANTHIC SOUTH;63;25;Empleado;N;S;16200;530;1530;0;717;612;714;691;28483;16430;Ninguno;No aplica
60;1086911;2017-03-06 00:00:00;0;545454;67;30;independiente;S;S;18750;320;1450;2;749;655;733;672;20787;16345;Ninguno;No aplica
61;1088347;2021-01-12 00:00:00;1;NEW YORK;34;16.66666667;Empleado;S;S;10000;1320;2500;0;476;536;581;737;22159;14149;Correo;No contactado
62;1007086;2016-05-11 00:00:00;1;CHICAGO;21;3;independiente;N;S;7600;750;1400;0;491;482;616;765;17206;16529;Call center;Promesa de pago
63;1054933;2017-06-21 00:00:00;0;545454;62;45;Pensionado;S;S;12500;350;1400;2;645;801;613;705;13226;10470;Ninguno;No aplica
64;1028649;2019-04-20 00:00:00;1;ATLANTHIC SOUTH;41;20;independiente;N;S;2000;533,333;916,666;0;440;655;834;710;19541;15563;Whatsapp;Sin gestión
65;1085074;2019-11-24 00:00:00;0;545454;39;10;Pensionado;S;S;7500;518,666;1500;0;741;633;620;674;8152;5523;Ninguno;No aplica
66;1051671;2019-01-09 00:00:00;1;NEW YORK;59;20;Pensionado;S;N;8125;400;1000;3;568;596;767;594;6585;3464;Whatsapp;Sin gestión
67;1053959;2015-11-18 00:00:00;0;ATLANTHIC SOUTH;41;5;independiente;S;S;7500;600;1300;0;696;705;561;617;8943;4613;Ninguno;No aplica
68;1027630;2020-10-15 00:00:00;0;NEW YORK;49;25;Pensionado;S;S;13500;528;930;0;750;751;581;675;28939;20595;Ninguno;No aplica
69;1049266;2020-03-28 00:00:00;0;NEW YORK;23;5;independiente;S;S;5800;220;800;3;718;631;602;604;24457;13263;Ninguno;No aplica
70;1019146;2017-02-10 00:00:00;1;NEW YORK;55;10;Empleado;S;S;7500;730;1400;0;468;646;591;797;6021;4837;SMS;Pago parcial
71;1048761;2016-09-08 00:00:00;1;NEW YORK;48;25;Empleado;S;S;10000;1517,354;2534,525;0;518;547;631;661;16653;15662;Whatsapp;Sin gestión
72;1002366;2017-11-20 00:00:00;1;NEW YORK;19;5;Empleado;N;S;6750;250;650;0;577;500;600;739;15805;14880;Whatsapp;Sin gestión
73;1028772;2015-12-02 00:00:00;1;NEW YORK;47;10;independiente;S;N;6250;300;1300;1;498;623;593;730;18417;15277;Call center;Promesa de pago
74;1070208;2019-02-22 00:00:00;1;545454;68;48;independiente;S;S;16500;350;1400;2;578;657;731;787;25227;15278;Whatsapp;Sin gestión
75;1019471;2020-01-08 00:00:00;1;NEW YORK;47;20;Empleado;S;S;3200;240;850;4;369;735;736;801;12989;12099;Whatsapp;Sin gestión
76;1089778;2020-05-07 00:00:00;0;NEW YORK;72;50;independiente;S;S;2500;185;800;0;741;608;716;732;14692;13855;Ninguno;No aplica
77;1019639;2015-11-26 00:00:00;0;CHICAGO;24;7;Empleado;S;S;9600;1200;2500;0;704;722;687;480;17990;10764;Ninguno;No aplica
78;1046932;2015-11-11 00:00:00;1;545454;25;10;Pensionado;N;S;6500;250;1600;0;485;555;656;827;11873;10314;Whatsapp;Sin gestión
79;1046285;2017-09-14 00:00:00;1;545454;56;30;independiente;S;N;12500;632;1500;0;505;627;615;857;10675;6867;Whatsapp;Sin gestión
80;1068224;2018-05-24 00:00:00;1;CHICAGO;41;26;Empleado;S;S;11250;500;1000;1;401;492;583;677;5161;4652;Call center;Promesa de pago
81;1018335;2020-08-07 00:00:00;1;NEW YORK;45;10;Pensionado;S;N;5000;200;800;0;489;504;675;741;9297;9284;Whatsapp;Sin gestión
82;1089902;2018-03-18 00:00:00;1;ATLANTHIC SOUTH;45;25;independiente;S;S;12500;980;2000;2;518;533;568;640;5995;3088;SMS;Pago parcial
83;1055525;2021-01-01 00:00:00;1;CHICAGO;33;10;Pensionado;N;S;7600;800;1400;3;574;585;580;545;16534;15686;Correo;No contactado
84;1074220;2017-09-11 00:00:00;0;NEW YORK;40;12;independiente;S;S;7500;351;2310;0;674;642;731;604;12629;10246;Ninguno;No aplica
85;1051859;2016-08-29 00:00:00;0;NEW YORK;27;10.83333333;independiente;S;N;5800;630;1270;1;660;720;783;621;6016;5936;Ninguno;No aplica
86;1059340;2019-04-24 00:00:00;1;NEW ENGALND;70;52;independiente;S;N;12500;534;1100;0;475;642;678;688;29253;21428;SMS;Pago parcial
87;1071184;2019-05-17 00:00:00;0;ATLANTHIC SOUTH;33;1.666666667;Pensionado;N;S;6250;500;913,05;3;746;716;727;584;27823;25700;Ninguno;No aplica
88;1062599;2015-11-09 00:00:00;1;CHICAGO;56;10;Empleado;S;S;6000;1050;1800;3;516;677;633;654;29276;15551;Correo;No contactado
89;1048824;2017-10-09 00:00:00;0;NEW ENGALND;51;30;independiente;N;S;12000;640;1250;0;674;705;556;669;28247;18859;Ninguno;No aplica
90;1007540;2016-08-11 00:00:00;1;NEW YORK;27;12;Pensionado;S;N;5625;150;1000;4;526;507;693;651;29300;15632;SMS;Pago parcial
91;1047944;2020-11-02 00:00:00;1;CHICAGO;34;20;independiente;S;S;11132;300;900;0;505;662;690;769;13529;13362;Correo;No contactado
92;1011210;2019-05-07 00:00:00;1;NEW YORK;57;30;Pensionado;S;S;10000;600;1500;0;548;544;655;781;22262;20225;Correo;No contactado
93;1017236;2019-01-01 00:00:00;0;NEW YORK;56;20;Empleado;S;S;12500;385,83;900;2;665;735;633;884;14268;13216;Ninguno;No aplica
94;1079315;2017-11-08 00:00:00;1;NEW YORK;63;45;Empleado;S;S;6250;250;850;0;484;674;717;821;26271;25456;Correo;No contactado
95;1090228;2021-01-19 00:00:00;0;NEW ENGALND;54;20;Pensionado;S;S;5000;950;4400;1;680;707;581;692;17185;9324;Ninguno;No aplica
96;1021284;2018-08-06 00:00:00;1;NEW ENGALND;45;16.66666667;independiente;N;S;18000;350;1500;0;427;490;596;664;26243;18181;Correo;No contactado
97;1004669;2020-09-30 00:00:00;0;545454;19;1;Pensionado;N;S;9000;600;1200;1;715;625;579;696;11331;6068;Ninguno;No aplica
98;1049782;2020-06-20 00:00:00;0;NEW YORK;27;8;Pensionado;S;S;12000;750;1950;0;713;759;656;699;13571;8216;Ninguno;No aplica
99;1042810;2018-06-24 00:00:00;1;ATLANTHIC SOUTH;22;10;Empleado;S;S;16200;535;1950;4;500;570;574;674;12208;7504;Call center;Promesa de pago
100;1063964;2016-11-03 00:00:00;0;545454;48;10;independiente;S;S;9000;400;1700;0;688;685;602;741;10276;7548;Ninguno;No aplica
101;1057553;2015-12-13 00:00:00;0;NEW YORK;42;15;Empleado;N;S;12500;440;880;3;629;726;601;544;23446;14871;Ninguno;No aplica
102;1032537;2020-01-30 00:00:00;1;ATLANTHIC SOUTH;47;26;independiente;S;N;15000;500;2300;3;479;622;632;698;21448;11807;SMS;Pago parcial
103;1040496;2018-02-12 00:00:00;0;CHICAGO;42;25;Empleado;S;N;7200;660;1300;3;683;697;546;720;21216;12385;Ninguno;No aplica
104;1050396;2019-12-17 00:00:00;0;NEW YORK;55;37;Empleado;N;S;12000;580;1800;1;660;667;656;644;13006;7461;Ninguno;No aplica
105;1099007;2019-02-07 00:00:00;0;545454;61;15.91666667;independiente;N;S;15000;320;1410;4;692;661;737;651;7568;7466;Ninguno;No aplica
106;1065065;2017-12-20 00:00:00;1;545454;28;10;Empleado;S;N;11875;800;1600;0;520;631;659;708;26847;23616;Correo;No contactado
107;1033811;2016-04-20 00:00:00;0;NEW ENGALND;66;45;independiente;S;N;7500;527;1300;2;794;713;758;595;7027;6914;Ninguno;No aplica
108;1059746;2021-01-16 00:00:00;1;NEW ENGALND;67;33;Pensionado;S;S;7200;350;1040;0;509;565;743;826;7695;5539;SMS;Pago parcial
109;1011394;2018-08-06 00:00:00;1;545454;45;20;Pensionado;S;N;10000;330;1500;2;513;645;704;628;20422;13053;Whatsapp;Sin gestión
110;1035282;2016-08-17 00:00:00;0;NEW YORK;66;5;Empleado;S;S;12000;220;1200;0;696;672;655;699;10258;9223;Ninguno;No aplica
111;1090168;2017-06-03 00:00:00;0;NEW YORK;29;5;independiente;S;S;7500;127;620;1;604;629;652;707;27002;17906;Ninguno;No aplica
112;1079231;2020-11-11 00:00:00;1;NEW YORK;36;5;Pensionado;S;S;7500;210;750;0;499;534;703;635;11736;7625;Correo;No contactado
113;1028759;2019-05-23 00:00:00;0;ATLANTHIC SOUTH;56;10;Empleado;S;S;18125;435;1935;0;703;621;623;677;5391;3322;Ninguno;No aplica
114;1016781;2017-07-14 00:00:00;0;CHICAGO;39;10;Empleado;S;S;12600;1907;3185,6;0;823;664;518;588;18986;10724;Ninguno;No aplica
115;1011051;2020-02-09 00:00:00;0;545454;49;a;Empleado;S;S;3000;400;1520;2;690;754;684;795;17666;11098;Ninguno;No aplica
116;1062791;2018-01-27 00:00:00;1;NEW YORK;38;22;independiente;S;S;6563;305;800;0;515;532;571;618;10892;7381;SMS;Pago parcial
117;1049228;2018-03-03 00:00:00;0;NEW YORK;46;25;independiente;S;S;14000;300;1200;0;698;691;583;611;8561;7166;Ninguno;No aplica
118;1011205;2019-02-17 00:00:00;0;545454;50;10;Pensionado;S;S;6000;300;1400;4;642;641;650;560;11184;5942;Ninguno;No aplica
119;1010813;2017-02-14 00:00:00;1;CHICAGO;63;10;Empleado;S;S;6250;400;1200;0;557;564;643;598;24483;14818;Call center;Promesa de pago
120;1077754;2019-03-25 00:00:00;1;NEW ENGALND;50;30;Pensionado;N;S;14000;400;2000;0;538;489;551;863;27662;25021;SMS;Pago parcial
121;1015584;2017-05-05 00:00:00;1;NEW YORK;49;31;Pensionado;S;N;8700;450;1170;4;540;567;662;769;13392;7680;Correo;No contactado
122;1066934;2020-02-07 00:00:00;1;NEW ENGALND;43;20;independiente;S;S;4375;500;2000;0;455;568;718;733;18067;12129;Whatsapp;Sin gestión
123;1081581;2018-07-18 00:00:00;0;CHICAGO;40;20;Pensionado;S;S;7500;710;1800;1;770;712;571;611;20265;18894;Ninguno;No aplica
124;1002146;2017-03-03 00:00:00;1;NEW YORK;61;20;Empleado;N;S;3375;380;530;0;430;593;739;802;24488;14141;SMS;Pago parcial
125;1044749;2020-02-01 00:00:00;0;545454;65;25;Pensionado;S;S;15000;727,9;2428,25;2;729;608;541;596;28599;15483;Ninguno;No aplica
126;1025479;2017-02-13 00:00:00;1;NEW ENGALND;54;16.66666667;Pensionado;S;S;4000;250;1300;1;610;645;798;791;7454;5533;Whatsapp;Sin gestión
127;1038121;2020-11-30 00:00:00;1;NEW YORK;47;20;independiente;S;S;7800;10440;19200;0;450;593;621;641;16837;10964;Call center;Promesa de pago
128;1023352;2017-03-16 00:00:00;0;ATLANTHIC SOUTH;38;15;Empleado;S;S;7500;400;1200;3;672;692;660;612;19039;14883;Ninguno;No aplica
129;1013487;2021-01-19 00:00:00;0;CHICAGO;39;15;Empleado;N;N;17030;505;1670;0;705;679;518;738;24115;21749;Ninguno;No aplica
130;1091035;2016-05-03 00:00:00;0;545454;31;10;Pensionado;S;S;18000;520;2300;1;675;649;646;748;15965;9077;Ninguno;No aplica
131;1017405;2018-07-12 00:00:00;1;CHICAGO;34;16;independiente;N;N;17796;1577,125;1881,5;3;422;593;666;774;29538;23345;SMS;Pago parcial
132;1012932;2017-10-09 00:00:00;0;NEW YORK;55;44;Empleado;S;S;5000;6149;13200;0;703;709;644;576;14762;11112;Ninguno;No aplica
133;1034603;2019-06-02 00:00:00;0;NEW YORK;42;42;independiente;S;S;8000;650;1100;3;647;575;611;630;10056;5752;Ninguno;No aplica
134;1021722;2019-08-06 00:00:00;0;ATLANTHIC SOUTH;39;20;independiente;S;S;9208;55;2149,5;0;724;648;584;684;19948;16198;Ninguno;No aplica
135;1090513;2018-02-14 00:00:00;0;NEW YORK;61;5;independiente;N;S;4400;700;1500;0;654;665;729;594;13110;8349;Ninguno;No aplica
136;1099059;2019-08-28 00:00:00;1;545454;66;40;independiente;S;S;15400;500;1100;2;577;595;652;843;18773;13966;SMS;Pago parcial
137;1015715;2018-07-06 00:00:00;1;NEW YORK;43;20;Empleado;S;N;4200;350;550;1;461;652;758;504;25224;13650;Call center;Promesa de pago
138;1085015;2017-12-03 00:00:00;1;ATLANTHIC SOUTH;36;20;Pensionado;N;N;3375;634;1158;0;484;534;613;650;22412;16356;Call center;Promesa de pago
139;1018201;2017-08-16 00:00:00;1;NEW YORK;39;15;Pensionado;N;N;7500;470;680;3;541;550;620;674;28769;18793;Call center;Promesa de pago
140;1028674;2016-05-22 00:00:00;1;ATLANTHIC SOUTH;58;30;Pensionado;S;S;8750;570;1900;1;438;549;707;464;5502;5013;Correo;No contactado
141;1099655;2021-01-07 00:00:00;1;NEW YORK;38;10;Pensionado;N;S;3750;245;500;1;511;532;536;594;11910;6294;Correo;No contactado
142;1025682;2020-12-23 00:00:00;0;NEW YORK;52;34;Pensionado;S;N;12000;370;800;0;765;659;565;726;17685;12544;Ninguno;No aplica
143;1041906;2018-05-29 00:00:00;0;545454;62;10;independiente;S;S;12000;500;2000;3;620;726;727;673;28322;20653;Ninguno;No aplica
144;1060840;2016-08-28 00:00:00;1;545454;22;4;Pensionado;S;S;9000;230;1460;4;509;517;568;862;25872;22315;SMS;Pago parcial
145;1046369;2019-01-04 00:00:00;1;545454;48;10;independiente;S;S;12000;400;2200;0;513;606;523;859;5206;4098;SMS;Pago parcial
146;1099039;2017-06-23 00:00:00;1;CHICAGO;34;10;independiente;S;S;4375;300;520;0;539;478;781;759;26518;22106;SMS;Pago parcial
147;1060712;2019-03-18 00:00:00;1;NEW YORK;42;20;Empleado;S;N;8000;250;700;0;438;546;552;748;27361;24311;Whatsapp;Sin gestión
148;1098085;2017-08-17 00:00:00;1;NEW YORK;52;33.33333333;Pensionado;N;S;11250;350;1000;3;434;560;663;726;29105;27100;Call center;Promesa de pago
149;1079795;2017-03-23 00:00:00;1;NEW ENGALND;44;30;independiente;N;N;2625;430;1000;0;526;680;655;481;28419;18670;SMS;Pago parcial
150;1007795;2020-05-10 00:00:00;0;NEW YORK;62;35;independiente;S;S;12500;13608;20160;1;715;664;453;544;22868;17586;Ninguno;No aplica
151;1076178;2017-12-18 00:00:00;0;NEW YORK;55;15;Empleado;S;S;6000;600;1000;1;713;548;631;679;29242;26904;Ninguno;No aplica
152;1063735;2020-12-30 00:00:00;1;NEW ENGALND;28;10;Pensionado;S;S;7000;400;900;1;517;460;681;775;20934;20824;Call center;Promesa de pago
153;1062478;2020-10-17 00:00:00;1;545454;27;d;Empleado;S;S;15000;680;2000;4;466;582;675;746;22247;21018;Correo;No contactado
154;1055853;2017-01-23 00:00:00;1;NEW ENGALND;27;3;Empleado;S;N;10500;310;700;0;512;617;713;640;24174;16577;Call center;Promesa de pago
155;1019827;2016-06-15 00:00:00;1;545454;55;13.5;independiente;S;S;6250;1050;2250;1;515;603;623;804;28792;17206;Whatsapp;Sin gestión
156;1052250;2017-01-31 00:00:00;1;NEW YORK;58;20;Pensionado;S;S;10000;3120;9000;3;464;590;700;853;13755;10243;Whatsapp;Sin gestión
157;1023169;2015-06-21 00:00:00;1;ATLANTHIC SOUTH;27;0;Empleado;N;S;12500;1000;2000;0;593;650;602;804;26500;23077;Call center;Promesa de pago
158;1015682;2016-07-22 00:00:00;1;545454;31;10;Empleado;N;S;6500;250;1600;0;524;548;551;809;17383;12973;Whatsapp;Sin gestión
159;1033966;2015-09-23 00:00:00;0;NEW ENGALND;29;16.66666667;independiente;S;N;15000;350;1500;2;640;734;559;620;27403;20322;Ninguno;No aplica
160;1040133;2019-11-29 00:00:00;1;NEW YORK;36;20;Empleado;S;N;3000;200;800;3;533;482;548;817;23141;21269;Whatsapp;Sin gestión
161;1023124;2017-11-03 00:00:00;1;NEW YORK;50;20;independiente;S;N;12000;1900;2750;2;451;526;721;733;19820;13492;Correo;No contactado
162;1060278;2019-10-01 00:00:00;1;545454;61;20;independiente;S;N;8750;400;1350;0;539;472;544;766;12574;11693;SMS;Pago parcial
163;1082182;2018-08-24 00:00:00;0;ATLANTHIC SOUTH;35;8;independiente;S;S;6250;880;1298;4;758;664;669;703;11374;8000;Ninguno;No aplica
164;1023631;2015-11-17 00:00:00;0;NEW YORK;58;20;independiente;S;S;13400;350;850;0;659;677;631;659;28276;18779;Ninguno;No aplica
165;1091010;2017-01-02 00:00:00;1;545454;62;20;Empleado;S;S;2500;400;900;2;548;587;643;643;6678;4855;Whatsapp;Sin gestión
166;1083816;2017-06-16 00:00:00;0;ATLANTHIC SOUTH;40;16;Empleado;S;S;6625;615;1600;0;721;684;745;663;24626;21701;Ninguno;No aplica
167;1065210;2017-08-16 00:00:00;1;ATLANTHIC SOUTH;44;12.5;Empleado;S;S;8125;600;1600;3;541;524;619;809;26020;14649;SMS;Pago parcial
168;1039541;2018-03-05 00:00:00;0;ATLANTHIC SOUTH;44;20;independiente;S;S;8000;348;1150;1;795;669;693;630;6059;3625;Ninguno;No aplica
169;1038161;2020-06-09 00:00:00;1;NEW YORK;61;10;Empleado;S;N;10100;1640;2562;0;488;490;653;800;28052;27371;Call center;Promesa de pago
170;1029772;2018-05-08 00:00:00;1;NEW YORK;36;19;independiente;N;N;7500;520;1200;0;462;662;639;786;21198;12459;Call center;Promesa de pago
171;1005423;2017-12-20 00:00:00;1;NEW YORK;41;4;Pensionado;S;S;10625;240;1000;0;456;562;811;693;14914;11691;Whatsapp;Sin gestión
172;1097898;2018-03-03 00:00:00;1;NEW YORK;31;12.5;Empleado;N;S;12500;210;1200;1;459;551;549;845;24541;19379;Call center;Promesa de pago
173;1062289;2020-03-10 00:00:00;0;545454;37;20;Pensionado;S;S;10000;350;1400;1;696;775;740;638;27299;20333;Ninguno;No aplica
174;1017691;2018-08-23 00:00:00;1;NEW YORK;24;14;independiente;S;S;5000;197;500;3;517;505;696;856;15817;13007;Correo;No contactado
175;1089051;2016-09-17 00:00:00;1;ATLANTHIC SOUTH;21;5;Empleado;N;S;6270;610;1370;0;514;512;616;759;15921;9790;Whatsapp;Sin gestión
176;1087178;2020-01-14 00:00:00;1;NEW YORK;59;41;Pensionado;S;S;2750;632,843;1225;1;541;514;764;719;14789;11481;Whatsapp;Sin gestión
177;1065784;2015-09-15 00:00:00;0;NEW YORK;43;10;Pensionado;S;S;9000;600;1400;1;701;676;521;590;21312;14622;Ninguno;No aplica
178;1089735;2017-12-02 00:00:00;0;ATLANTHIC SOUTH;61;30;Pensionado;S;S;5000;400;1000;0;773;706;613;662;16252;13503;Ninguno;No aplica
179;1091896;2017-11-22 00:00:00;0;NEW ENGALND;21;3;Empleado;N;N;7500;310;750;0;687;724;565;652;7693;4390;Ninguno;No aplica
180;1094422;2020-01-05 00:00:00;1;NEW YORK;50;30;Empleado;S;N;2000;200;900;1;636;734;679;607;18931;14869;Whatsapp;Sin gestión
181;1013735;2019-06-19 00:00:00;1;NEW YORK;51;23.33333333;Pensionado;S;S;5000;400;1200;2;531;445;572;700;8627;5113;Call center;Promesa de pago
182;1038362;2016-08-14 00:00:00;1;NEW YORK;38;15;Empleado;S;S;6250;200;1200;2;457;617;680;648;21157;13526;Call center;Promesa de pago
183;1024580;2018-12-29 00:00:00;0;ATLANTHIC SOUTH;41;25;Pensionado;S;S;3750;500;750;0;646;647;637;723;15173;9246;Ninguno;No aplica
184;1097212;2018-06-18 00:00:00;1;ATLANTHIC SOUTH;52;34;independiente;N;S;7200;674,583;1787,65;3;524;545;616;838;26834;15870;Whatsapp;Sin gestión
185;1065562;2018-07-19 00:00:00;0;NEW ENGALND;33;30;Pensionado;N;S;12000;1956,667;3630,667;0;689;643;677;560;23047;21039;Ninguno;No aplica
186;1094369;2018-01-24 00:00:00;0;NEW YORK;34;20;Empleado;N;S;11300;450;900;0;736;625;631;824;15230;9791;Ninguno;No aplica
187;1063658;2018-04-22 00:00:00;1;ATLANTHIC SOUTH;26;14;Pensionado;S;N;6400;350;1100;0;524;681;574;708;20707;19952;SMS;Pago parcial
188;1048099;2016-05-28 00:00:00;1;NEW YORK;66;33.33333333;independiente;S;N;3800;460;1000;1;496;631;846;632;26976;26570;Call center;Promesa de pago
189;1047382;2018-08-30 00:00:00;0;CHICAGO;21;20;Pensionado;N;S;9600;400;1000;4;658;681;616;738;16494;12958;Ninguno;No aplica
190;1079861;2020-04-28 00:00:00;0;ATLANTHIC SOUTH;54;15;Pensionado;S;S;12272;1200;3250;4;624;761;495;630;28776;16446;Ninguno;No aplica
191;1062868;2018-06-26 00:00:00;0;545454;40;30;Empleado;S;S;10000;330;1600;4;678;589;591;663;6306;4334;Ninguno;No aplica
192;1066989;2020-08-25 00:00:00;1;NEW YORK;51;30;Empleado;S;S;19250;380;1200;0;543;500;561;684;11776;10585;Call center;Promesa de pago
193;1054447;2016-02-03 00:00:00;1;CHICAGO;43;20;Empleado;N;S;9000;780;1300;0;511;449;708;646;27248;18629;Whatsapp;Sin gestión
194;1055172;2017-02-08 00:00:00;0;NEW ENGALND;45;11.66666667;Empleado;N;S;12000;600;1200;0;638;638;673;735;14474;7867;Ninguno;No aplica
195;1006223;2016-04-16 00:00:00;0;NEW YORK;45;20;Empleado;S;S;17400;350;1200;4;709;690;678;644;12526;9750;Ninguno;No aplica
196;1057695;2018-11-21 00:00:00;0;NEW YORK;33;10;Empleado;S;S;10000;420;1200;1;719;686;624;541;26959;24871;Ninguno;No aplica
197;1055498;2016-10-27 00:00:00;0;NEW YORK;45;25;independiente;S;S;8750;194;490;2;656;689;630;720;10530;9456;Ninguno;No aplica
198;1035849;2015-10-13 00:00:00;1;NEW YORK;48;48;independiente;N;S;9000;620;900;3;508;495;624;611;25797;15157;SMS;Pago parcial
199;1052776;2019-11-01 00:00:00;1;NEW ENGALND;28;16.66666667;Pensionado;S;S;12500;250;1500;4;503;628;644;616;8748;7317;Whatsapp;Sin gestión
200;1080979;2018-09-06 00:00:00;1;CHICAGO;28;10;Pensionado;N;S;3125;520;900;2;443;594;708;827;18545;11317;Call center;Promesa de pago
201;1096953;2017-03-07 00:00:00;0;NEW YORK;49;34;Empleado;S;S;5625;550;1300;0;718;724;674;562;5663;3449;Ninguno;No aplica
202;1017192;2019-09-26 00:00:00;1;NEW ENGALND;36;4.166666667;Pensionado;S;S;12000;937;1400;0;528;466;685;512;6998;6557;Whatsapp;Sin gestión
203;1057649;2020-09-23 00:00:00;0;NEW YORK;45;20;Pensionado;S;S;8700;250;1000;1;754;699;685;726;12994;8119;Ninguno;No aplica
204;1025580;2015-10-04 00:00:00;0;CHICAGO;62;25;Pensionado;N;S;5000;562,5;912,5;0;753;609;712;643;22879;14451;Ninguno;No aplica
205;1033727;2019-11-27 00:00:00;0;NEW YORK;34;20;independiente;S;S;11250;1209;1915;0;631;656;670;650;8304;4155;Ninguno;No aplica
206;1020389;2016-01-26 00:00:00;1;545454;53;5;Empleado;S;S;8000;285;1400;0;453;612;675;692;25147;23521;Whatsapp;Sin gestión
207;1095059;2017-11-07 00:00:00;1;NEW YORK;18;6;Empleado;S;N;6250;100;900;0;526;585;733;741;26616;23856;Whatsapp;Sin gestión
208;1031092;2017-03-09 00:00:00;1;ATLANTHIC SOUTH;31;13;Empleado;N;S;6250;1110;1800;3;526;529;603;652;23237;18907;SMS;Pago parcial
209;1007025;2019-09-16 00:00:00;1;NEW YORK;47;20;Pensionado;S;S;4000;230;800;0;526;580;590;853;18808;16459;Whatsapp;Sin gestión
210;1093205;2016-07-09 00:00:00;0;545454;43;d;Empleado;S;N;12600;389;2225;2;893;588;567;537;11585;6673;Ninguno;No aplica
211;1040422;2016-06-21 00:00:00;1;NEW ENGALND;38;4;independiente;N;N;18000;550;2000;2;529;649;663;760;22675;16534;Call center;Promesa de pago
212;1044645;2019-11-13 00:00:00;0;ATLANTHIC SOUTH;65;40;independiente;N;N;12375;500;1200;2;757;668;520;728;24965;16867;Ninguno;No aplica
213;1061517;2017-04-02 00:00:00;1;NEW YORK;34;5;Pensionado;S;S;10200;300;2000;1;548;647;682;652;16649;9105;Whatsapp;Sin gestión
214;1015533;2018-12-26 00:00:00;1;CHICAGO;39;21;Pensionado;S;S;5000;1677;2351;0;533;548;642;628;28938;21503;SMS;Pago parcial
215;1020430;2018-05-15 00:00:00;0;ATLANTHIC SOUTH;35;17;Empleado;N;S;4000;1350;2300;2;684;649;729;762;28664;27528;Ninguno;No aplica
216;1079122;2016-11-29 00:00:00;1;NEW YORK;69;40;Empleado;S;S;8700;380;1100;0;538;534;603;631;6636;3451;Correo;No contactado
217;1073746;2017-10-22 00:00:00;1;NEW ENGALND;26;4;Pensionado;N;N;8000;250;750;1;461;633;636;665;25080;16195;SMS;Pago parcial
218;1059857;2019-11-17 00:00:00;1;NEW YORK;41;27.41666667;Empleado;S;S;11250;820;1600;0;488;537;729;800;22082;13332;Whatsapp;Sin gestión
219;1035552;2016-03-10 00:00:00;0;NEW YORK;35;10;Pensionado;S;S;11900;670;1100;0;676;719;747;673;9737;6028;Ninguno;No aplica
220;1009778;2019-03-02 00:00:00;1;NEW YORK;37;15;Empleado;S;S;5000;700;1600;0;504;557;602;558;19555;18660;Correo;No contactado
221;1019236;2017-05-15 00:00:00;0;545454;34;10;Pensionado;S;N;5000;200;1500;1;816;561;663;827;18877;13856;Ninguno;No aplica
222;1026030;2020-12-04 00:00:00;0;NEW YORK;63;30;Empleado;S;N;10000;200;1200;2;607;646;671;622;5854;4292;Ninguno;No aplica
223;1088924;2018-06-29 00:00:00;1;ATLANTHIC SOUTH;44;26.66666667;Empleado;S;S;6250;470;2000;1;534;509;676;684;29548;26011;Whatsapp;Sin gestión
224;1085161;2017-10-25 00:00:00;1;NEW ENGALND;24;3;Pensionado;N;N;10500;310;750;3;419;582;632;743;10855;6266;SMS;Pago parcial
225;1050744;2015-12-21 00:00:00;1;NEW ENGALND;30;4;Pensionado;S;N;8000;350;800;0;476;509;740;776;12392;9215;Correo;No contactado
226;1024718;2018-11-06 00:00:00;1;545454;56;15;Pensionado;S;N;7500;516,667;791,667;3;554;636;518;896;27912;19957;Correo;No contactado
227;1058824;2015-10-21 00:00:00;1;NEW YORK;41;15;Pensionado;S;S;10000;1900;2750;2;503;575;621;571;18949;15130;Whatsapp;Sin gestión
228;1074541;2015-11-06 00:00:00;1;545454;50;30;independiente;S;S;16000;250;2100;1;446;569;681;794;26633;26627;Whatsapp;Sin gestión
229;1044265;2018-01-10 00:00:00;0;545454;55;40;Empleado;S;S;12500;381;1300;0;664;719;682;737;26556;23495;Ninguno;No aplica
230;1012204;2017-07-23 00:00:00;0;ATLANTHIC SOUTH;66;20;Pensionado;N;S;8200;520;800;0;734;738;745;658;23091;16139;Ninguno;No aplica
231;1007984;2019-11-19 00:00:00;1;545454;54;8.333333333;Pensionado;S;N;10000;500;1900;3;463;579;734;791;10791;9861;SMS;Pago parcial
232;1029607;2017-02-03 00:00:00;1;ATLANTHIC SOUTH;32;10;independiente;S;S;10000;2500;4500;0;511;534;630;804;26919;15757;Whatsapp;Sin gestión
233;1078433;2019-07-26 00:00:00;0;NEW YORK;37;4;Pensionado;S;S;6375;200;900;0;702;574;741;546;9931;5117;Ninguno;No aplica
234;1002619;2015-09-08 00:00:00;1;ATLANTHIC SOUTH;41;20;independiente;S;S;18130;390;1500;2;467;539;600;877;24894;14992;Correo;No contactado
235;1050920;2016-01-22 00:00:00;1;ATLANTHIC SOUTH;29;11;Empleado;N;S;11250;840;1500;0;607;543;715;580;5202;3486;Call center;Promesa de pago
236;1086639;2016-10-27 00:00:00;0;545454;26;10;Empleado;S;N;12750;510;1200;4;732;686;777;568;16447;12422;Ninguno;No aplica
237;1032524;2020-06-09 00:00:00;1;ATLANTHIC SOUTH;26;15;independiente;S;S;12500;900;2000;0;399;559;735;696;25602;20675;Call center;Promesa de pago
238;1094469;2020-09-10 00:00:00;0;CHICAGO;42;15;independiente;S;N;11600;660;1300;2;709;721;657;843;17688;16897;Ninguno;No aplica
239;1089547;2016-09-13 00:00:00;0;CHICAGO;24;10;Pensionado;N;N;10625;600;2800;0;667;643;627;642;9389;7088;Ninguno;No aplica
240;1078984;2017-09-15 00:00:00;0;NEW ENGALND;28;10;independiente;S;N;8000;250;600;2;743;677;543;667;7327;5500;Ninguno;No aplica
241;1023989;2020-06-07 00:00:00;0;NEW YORK;42;12;Empleado;N;S;5384;490;800;4;660;751;672;799;13004;6829;Ninguno;No aplica
242;1026898;2018-06-04 00:00:00;0;ATLANTHIC SOUTH;45;7.5;Pensionado;S;N;10094;1416,438;2250;2;694;701;572;643;24315;12582;Ninguno;No aplica
243;1075560;2017-10-05 00:00:00;1;NEW YORK;39;5;independiente;N;N;7200;400;650;0;525;576;594;614;12777;9910;SMS;Pago parcial
244;1030527;2016-06-13 00:00:00;0;NEW YORK;35;15;Empleado;S;S;6250;680;1800;2;743;644;567;632;5197;3737;Ninguno;No aplica
245;1007748;2017-02-01 00:00:00;1;ATLANTHIC SOUTH;32;15;independiente;S;S;8750;600;1000;0;440;542;618;843;28509;26217;Whatsapp;Sin gestión
246;1042656;2020-02-26 00:00:00;0;NEW ENGALND;36;20;Pensionado;S;S;6500;400;800;0;683;629;648;676;6930;4022;Ninguno;No aplica
247;1074063;2018-02-23 00:00:00;0;NEW YORK;29;12;independiente;N;S;7000;270;1700;3;676;648;669;844;16774;8596;Ninguno;No aplica
248;1082548;2019-12-30 00:00:00;0;CHICAGO;47;20;Empleado;S;S;12500;900;2000;3;667;725;608;736;20087;14553;Ninguno;No aplica
249;1065069;2020-09-14 00:00:00;0;ATLANTHIC SOUTH;34;10;Pensionado;N;S;18125;450;2200;3;788;667;725;612;27671;17121;Ninguno;No aplica
250;1047480;2017-02-22 00:00:00;0;ATLANTHIC SOUTH;65;25;independiente;S;S;6250;470;800;2;720;599;635;675;14339;7525;Ninguno;No aplica
251;1065051;2016-09-30 00:00:00;1;545454;33;10;independiente;S;S;12500;304,35;1004,2;0;437;686;595;643;25666;22132;SMS;Pago parcial
252;1075065;2015-11-26 00:00:00;0;ATLANTHIC SOUTH;71;50;Pensionado;S;N;12375;700;2000;4;746;699;666;610;16589;9220;Ninguno;No aplica
253;1088350;2019-09-13 00:00:00;0;CHICAGO;53;20;independiente;N;S;2500;434;735;4;806;596;787;1073;23895;19215;Ninguno;No aplica
254;1045521;2019-04-08 00:00:00;0;NEW YORK;66;20;Pensionado;S;S;6680;198,229;491,166;2;752;653;673;762;20708;13264;Ninguno;No aplica
255;1001932;2016-12-10 00:00:00;1;NEW ENGALND;26;d;Pensionado;N;S;12600;250;500;0;424;587;625;797;22043;12934;Call center;Promesa de pago
256;1026798;2017-01-16 00:00:00;0;CHICAGO;46;20;Pensionado;S;S;3750;360,833;983,333;2;676;782;543;614;7811;5389;Ninguno;No aplica
257;1071222;2020-03-22 00:00:00;0;CHICAGO;62;33.33333333;Pensionado;S;S;11500;1310;2000;3;763;614;635;811;28482;25654;Ninguno;No aplica
258;1045008;2020-03-01 00:00:00;0;NEW YORK;27;25;Empleado;S;S;3750;300;900;3;665;739;666;769;19243;13394;Ninguno;No aplica
259;1066125;2018-03-13 00:00:00;1;CHICAGO;36;15;independiente;S;S;6250;1820;2410;2;522;664;623;889;11546;10107;Call center;Promesa de pago
260;1097055;2018-07-01 00:00:00;0;ATLANTHIC SOUTH;78;26.66666667;independiente;S;S;3750;200;1000;4;739;642;533;835;6986;3931;Ninguno;No aplica
261;1090433;2017-12-12 00:00:00;1;NEW ENGALND;48;24;independiente;S;S;12200;430;1350;3;454;563;590;587;13338;11823;Whatsapp;Sin gestión
262;1006388;2017-04-11 00:00:00;0;NEW YORK;74;54.16666667;independiente;S;S;12375;490;1000;0;697;618;752;570;16411;10150;Ninguno;No aplica
263;1071057;2019-12-23 00:00:00;1;NEW YORK;44;10;Pensionado;S;S;17500;1050;4000;2;338;568;750;630;7911;6635;Correo;No contactado
264;1083624;2019-07-08 00:00:00;1;NEW YORK;46;30;Empleado;S;S;11875;1860;3060;0;449;578;588;635;6734;5272;Whatsapp;Sin gestión
265;1039062;2017-10-08 00:00:00;0;CHICAGO;36;20;Empleado;N;N;11250;550;1700;4;687;720;697;699;23227;22404;Ninguno;No aplica
266;1006422;2016-07-03 00:00:00;1;ATLANTHIC SOUTH;34;14;Empleado;S;S;15000;900;3100;0;438;645;567;669;13680;9489;Call center;Promesa de pago
267;1046324;2019-05-25 00:00:00;1;NEW YORK;43;6.666666667;independiente;S;S;3000;672;1800;2;582;535;748;907;24360;12986;Correo;No contactado
268;1041363;2017-08-23 00:00:00;1;NEW YORK;43;6.666666667;Pensionado;S;S;6000;672;1800;1;428;462;667;891;23343;11895;SMS;Pago parcial
269;1029681;2020-10-03 00:00:00;0;NEW YORK;41;17.5;Empleado;S;S;18750;825;3800;2;678;679;716;669;10759;9828;Ninguno;No aplica
270;1066152;2019-06-23 00:00:00;0;NEW YORK;50;0;independiente;N;N;7500;500;800;0;707;698;530;846;28078;21406;Ninguno;No aplica
271;1018300;2018-07-02 00:00:00;1;NEW YORK;26;0;independiente;N;N;6250;370;850;3;572;595;697;854;7385;6555;Call center;Promesa de pago
272;1059030;2017-06-30 00:00:00;0;NEW YORK;26;0;Empleado;S;N;6500;430;800;3;628;660;649;629;16111;9944;Ninguno;No aplica
273;1018980;2018-03-27 00:00:00;1;NEW YORK;42;0;Empleado;S;N;3500;566;1200;0;558;587;710;539;9736;6548;SMS;Pago parcial
274;1039221;2019-01-19 00:00:00;0;NEW YORK;57;0;Pensionado;S;N;6250;200;400;0;701;771;714;650;6802;3503;Ninguno;No aplica
275;1022995;2018-06-28 00:00:00;1;NEW ENGALND;33;0;Empleado;S;N;5000;350;950;3;451;603;655;662;13155;12902;Correo;No contactado
276;1051131;2020-01-31 00:00:00;1;NEW YORK;69;0;Empleado;N;N;14000;550;1300;3;523;558;608;739;13120;10941;SMS;Pago parcial
277;1085773;2016-06-17 00:00:00;1;NEW YORK;21;0;Pensionado;S;S;5000;250;900;0;510;550;705;728;11616;11228;Call center;Promesa de pago
278;1027191;2017-03-16 00:00:00;1;NEW ENGALND;45;0;Empleado;S;N;6000;1080;2400;2;470;570;646;726;19257;12185;Whatsapp;Sin gestión
279;1008888;2015-08-03 00:00:00;1;545454;39;0;Pensionado;N;S;8000;693;1200;1;503;678;589;767;19486;15700;SMS;Pago parcial
280;1075392;2017-12-02 00:00:00;1;NEW ENGALND;42;0;independiente;S;N;4000;315;870;4;481;569;586;611;26918;22591;Call center;Promesa de pago
281;1035670;2019-12-13 00:00:00;0;ATLANTHIC SOUTH;32;0;Pensionado;S;S;6250;300;1200;0;706;679;547;707;25445;16763;Ninguno;No aplica
282;1068435;2019-09-21 00:00:00;1;ATLANTHIC SOUTH;41;0;independiente;S;N;3125;643;1500;4;533;551;614;680;21646;20002;Call center;Promesa de pago
283;1057755;2020-03-10 00:00:00;1;NEW ENGALND;41;0;Empleado;N;S;6400;594,333;904,583;3;579;646;727;738;19075;18571;Correo;No contactado
284;1003786;2018-07-08 00:00:00;0;ATLANTHIC SOUTH;56;0;Pensionado;S;S;6250;400;800;4;638;798;662;756;27671;26078;Ninguno;No aplica
285;1020752;2018-05-09 00:00:00;0;NEW YORK;32;0;Pensionado;S;N;11250;300;800;0;807;707;613;560;14208;12354;Ninguno;No aplica
286;1067870;2018-08-09 00:00:00;0;NEW YORK;44;0;Pensionado;S;S;6250;320;1600;4;602;685;706;645;21371;13650;Ninguno;No aplica
287;1080605;2018-08-26 00:00:00;0;NEW YORK;46;0;Empleado;S;N;6500;165;600;4;692;682;592;659;16835;10788;Ninguno;No aplica
288;1099334;2016-01-15 00:00:00;1;NEW ENGALND;38;20;Empleado;S;S;12500;5515;19675;0;529;437;657;674;18168;17835;Call center;Promesa de pago
289;1068450;2014-11-10 00:00:00;1;545454;41;20;Empleado;S;S;15000;1996;2799;2;514;625;637;801;7049;3561;Whatsapp;Sin gestión
290;1054066;2017-08-09 00:00:00;1;NEW YORK;58;0;Empleado;N;S;6750;150;450;0;469;588;705;655;10423;8943;Whatsapp;Sin gestión
291;1042885;2018-06-15 00:00:00;1;NEW ENGALND;25;5;Pensionado;S;N;15000;250;630;0;490;606;540;670;19589;16712;SMS;Pago parcial
292;1065402;2016-10-15 00:00:00;1;NEW YORK;57;0;independiente;N;S;11250;700;1080;0;475;537;590;656;25932;21040;SMS;Pago parcial
293;1005411;2015-12-01 00:00:00;1;NEW ENGALND;44;0;Pensionado;S;S;12000;1724;2833;0;471;557;535;818;24492;24371;SMS;Pago parcial
294;1088085;2020-01-17 00:00:00;0;NEW YORK;49;0;Pensionado;S;S;6250;610;1130;1;742;655;632;626;12158;7975;Ninguno;No aplica
295;1087888;2019-09-18 00:00:00;0;NEW ENGALND;22;10;Empleado;N;N;15000;300;780;0;718;741;735;711;15248;10216;Ninguno;No aplica
296;1092224;2015-09-13 00:00:00;0;ATLANTHIC SOUTH;34;0;independiente;S;S;5000;475;1000;0;665;657;615;848;12400;6689;Ninguno;No aplica
297;1088306;2018-08-08 00:00:00;0;NEW YORK;40;0;independiente;S;N;7500;410;800;0;745;805;614;663;24554;17713;Ninguno;No aplica
298;1046760;2017-05-26 00:00:00;0;ATLANTHIC SOUTH;26;0;independiente;N;S;8750;722;2000;0;715;706;711;770;14874;9378;Ninguno;No aplica
299;1098102;2018-01-30 00:00:00;0;ATLANTHIC SOUTH;38;0;Pensionado;S;S;11250;100;1500;0;741;603;725;820;20151;13535;Ninguno;No aplica
300;1036553;2019-04-11 00:00:00;1;ATLANTHIC SOUTH;50;0;Empleado;S;S;1875;400;800;0;531;572;644;812;23639;21684;SMS;Pago parcial
301;1041879;2016-11-20 00:00:00;0;ATLANTHIC SOUTH;43;0;independiente;S;S;8000;1000;2400;0;659;641;698;668;6154;5955;Ninguno;No aplica
302;1088241;2014-12-16 00:00:00;1;NEW ENGALND;24;15;independiente;N;S;15400;11330;16680;0;472;448;575;778;9499;5632;Whatsapp;Sin gestión
303;1064715;2015-11-20 00:00:00;1;NEW ENGALND;31;0;independiente;S;S;2000;150;800;2;537;676;746;604;11295;7751;Correo;No contactado
304;1092474;2018-07-01 00:00:00;1;NEW YORK;34;0;Empleado;S;S;6250;450;1300;0;531;622;800;650;27581;26597;SMS;Pago parcial
305;1072414;2015-07-20 00:00:00;1;NEW YORK;44;0;Empleado;S;N;9500;250;1500;2;499;612;686;666;17183;9123;Correo;No contactado
306;1096855;2017-06-11 00:00:00;1;545454;44;0;Empleado;S;S;3800;470;900;2;506;590;504;922;17874;9762;Call center;Promesa de pago
307;1030345;2020-03-31 00:00:00;0;CHICAGO;35;0;independiente;S;N;12600;2799,25;3544;3;764;597;611;597;23032;13391;Ninguno;No aplica
308;1057302;2018-09-07 00:00:00;1;NEW ENGALND;29;0;Empleado;S;S;8000;250;1000;0;470;551;693;646;10539;8406;Call center;Promesa de pago
309;1070297;2017-08-05 00:00:00;0;NEW YORK;59;0;independiente;S;S;1250;216,535;650;0;727;731;620;576;14637;8420;Ninguno;No aplica
310;1033802;2015-03-30 00:00:00;0;NEW YORK;36;0;independiente;N;S;4250;180;400;0;690;617;739;720;25583;25175;Ninguno;No aplica
311;1083101;2018-08-07 00:00:00;1;NEW ENGALND;64;0;Empleado;S;S;6000;931;1412;4;489;428;691;733;29829;21577;SMS;Pago parcial
312;1083107;2017-09-17 00:00:00;1;545454;51;0;independiente;S;S;5000;500;700;0;555;566;601;818;20586;15455;Call center;Promesa de pago
313;1069709;2017-10-24 00:00:00;0;ATLANTHIC SOUTH;50;0;Empleado;S;S;2500;400;850;0;741;671;652;730;7557;4710;Ninguno;No aplica
314;1034736;2015-02-25 00:00:00;0;NEW ENGALND;25;10;Empleado;S;N;15000;14400;32000;2;741;688;587;546;10592;7790;Ninguno;No aplica
315;1047699;2019-06-15 00:00:00;0;NEW YORK;47;0;Empleado;N;S;7500;326;691;4;765;724;637;597;21482;17851;Ninguno;No aplica
316;1003041;2018-07-28 00:00:00;1;NEW ENGALND;37;15;Empleado;S;S;15800;19440;29360;0;501;618;611;843;7200;6304;Correo;No contactado
317;1069086;2016-02-14 00:00:00;1;ATLANTHIC SOUTH;22;3;independiente;N;S;15000;200;1200;4;534;596;732;702;19172;16813;Correo;No contactado
318;1031618;2018-05-08 00:00:00;1;CHICAGO;32;0;Empleado;N;S;10000;420;860;1;484;652;798;827;7961;6281;Call center;Promesa de pago
319;1030534;2018-03-05 00:00:00;1;NEW YORK;35;0;independiente;S;S;3750;300;600;1;516;489;550;707;19207;18289;SMS;Pago parcial
320;1067275;2019-07-25 00:00:00;1;ATLANTHIC SOUTH;33;0;Empleado;S;S;10800;700;1800;0;493;610;515;633;26357;23951;Correo;No contactado
321;1091134;2019-02-02 00:00:00;0;NEW ENGALND;42;0;independiente;N;S;12500;250;1200;0;705;718;633;643;25817;22681;Ninguno;No aplica
322;1019071;2016-05-07 00:00:00;0;NEW YORK;63;0;independiente;S;N;5100;320;700;0;730;606;544;583;16969;8956;Ninguno;No aplica
323;1028216;2018-08-10 00:00:00;0;NEW YORK;34;0;Empleado;S;N;5000;250;650;4;659;590;653;619;7869;3962;Ninguno;No aplica
324;1096980;2018-12-18 00:00:00;1;NEW YORK;45;0;independiente;N;N;3130;460;1690;0;605;535;702;738;22340;13543;Correo;No contactado
325;1033407;2018-07-27 00:00:00;1;NEW ENGALND;36;0;Pensionado;N;S;6400;500;1300;2;450;540;755;766;18992;15797;Whatsapp;Sin gestión
326;1036707;2019-03-26 00:00:00;1;NEW YORK;42;0;Empleado;S;S;2500;310;950;4;439;625;664;577;29736;20982;SMS;Pago parcial
327;1031169;2019-09-25 00:00:00;1;NEW YORK;36;0;independiente;S;S;5500;200;600;2;558;543;636;718;10699;7502;Whatsapp;Sin gestión
328;1016046;2017-06-14 00:00:00;0;NEW YORK;29;0;independiente;S;S;6000;300;850;0;740;629;512;617;28328;26693;Ninguno;No aplica
329;1017671;2018-03-26 00:00:00;1;NEW YORK;47;0;Empleado;S;S;3200;200;500;0;531;543;652;662;25877;24526;Call center;Promesa de pago
330;1063027;2019-03-25 00:00:00;0;CHICAGO;46;0;independiente;S;S;4800;800;1400;1;731;747;655;682;26295;25101;Ninguno;No aplica
331;1037262;2019-04-14 00:00:00;0;NEW YORK;54;0;Empleado;S;N;5000;320;1000;3;699;681;695;620;8987;5904;Ninguno;No aplica
332;1063689;2017-11-22 00:00:00;0;NEW YORK;24;0;Empleado;N;S;7500;300;1000;0;655;669;600;794;27399;23167;Ninguno;No aplica
333;1064926;2017-10-13 00:00:00;1;NEW YORK;53;0;Empleado;S;S;5000;463;1678;2;504;573;620;827;18446;11728;Call center;Promesa de pago
334;1012613;2019-11-05 00:00:00;1;NEW YORK;46;31;independiente;S;N;12600;8960;17750;0;466;658;547;826;6218;3702;Whatsapp;Sin gestión
335;1055424;2017-04-18 00:00:00;0;CHICAGO;63;0;independiente;N;S;6300;1000;1800;0;749;635;490;625;25880;15329;Ninguno;No aplica
336;1082424;2016-05-23 00:00:00;0;NEW YORK;55;0;Pensionado;S;N;4000;735;880;4;693;759;572;583;9735;6533;Ninguno;No aplica
337;1056712;2017-04-25 00:00:00;0;NEW YORK;66;0;independiente;N;S;7500;170;1050;0;659;693;540;677;16296;11651;Ninguno;No aplica
338;1084123;2016-04-23 00:00:00;1;NEW ENGALND;68;0;Empleado;S;N;7000;400;500;3;484;570;674;706;9555;8747;SMS;Pago parcial
339;1056945;2016-04-24 00:00:00;0;ATLANTHIC SOUTH;57;0;independiente;N;N;5000;270;800;1;721;830;614;615;14146;7921;Ninguno;No aplica
340;1017425;2017-03-18 00:00:00;1;NEW YORK;24;0;Empleado;N;N;4000;400;800;3;472;517;612;614;13050;11320;Correo;No contactado
341;1060351;2015-11-15 00:00:00;1;NEW YORK;48;0;Empleado;S;S;5625;560;1280;1;459;559;581;716;17757;13597;Call center;Promesa de pago
342;1011689;2016-08-29 00:00:00;1;ATLANTHIC SOUTH;26;0;independiente;S;S;9600;390;1400;3;512;506;424;684;24830;15990;SMS;Pago parcial
343;1049457;2015-10-13 00:00:00;0;NEW YORK;52;0;Empleado;S;S;11250;516;4800;0;712;737;756;732;22429;16741;Ninguno;No aplica
344;1065467;2015-02-06 00:00:00;0;ATLANTHIC SOUTH;23;0;Pensionado;S;S;7000;400;2019;0;675;781;580;730;11893;7730;Ninguno;No aplica
345;1018270;2020-03-18 00:00:00;1;NEW YORK;51;0;independiente;S;S;6500;633;840;4;476;680;621;819;23077;18416;SMS;Pago parcial
346;1064705;2019-06-20 00:00:00;1;CHICAGO;44;0;independiente;N;N;7500;600;1800;0;512;653;548;607;19373;13889;Call center;Promesa de pago
347;1035416;2015-12-15 00:00:00;1;ATLANTHIC SOUTH;59;0;Empleado;S;S;11200;450;1500;4;428;568;718;756;19565;11391;Call center;Promesa de pago
348;1055842;2017-05-01 00:00:00;1;NEW YORK;40;0;Pensionado;N;S;7500;225;550;2;430;558;660;655;8436;4710;SMS;Pago parcial
349;1024391;2018-03-26 00:00:00;1;NEW YORK;53;0;independiente;S;N;7500;568;870;2;464;480;592;610;13754;10637;Correo;No contactado
350;1066999;2018-02-02 00:00:00;0;ATLANTHIC SOUTH;54;0;Pensionado;S;S;8750;920;1200;0;689;802;623;631;15677;14912;Ninguno;No aplica
351;1007332;2017-10-27 00:00:00;0;NEW YORK;31;0;independiente;S;N;5000;600;1100;4;716;708;767;766;10895;7321;Ninguno;No aplica
352;1043981;2016-03-02 00:00:00;0;NEW YORK;41;0;independiente;S;N;4000;1274;1670;0;774;650;645;636;24738;21435;Ninguno;No aplica
353;1077541;2018-01-24 00:00:00;0;NEW YORK;37;0;Pensionado;S;N;11953;1407,182;2576;4;743;760;637;811;21609;17921;Ninguno;No aplica
354;1097679;2017-06-15 00:00:00;1;NEW ENGALND;54;0;independiente;N;S;6250;350;450;2;492;522;584;769;20636;19930;Whatsapp;Sin gestión
355;1062662;2016-08-08 00:00:00;0;NEW YORK;41;0;Pensionado;S;S;5000;612;1250;4;699;704;517;635;26277;23925;Ninguno;No aplica
356;1077297;2016-08-28 00:00:00;0;NEW YORK;23;0;Pensionado;N;N;4050;560;1898;3;650;670;639;774;12022;9417;Ninguno;No aplica
357;1002013;2015-11-07 00:00:00;1;NEW YORK;38;0;Pensionado;S;S;11875;550;1000;1;499;618;673;760;14151;11724;Call center;Promesa de pago
358;1068448;2018-05-17 00:00:00;0;NEW YORK;25;0;independiente;N;S;10000;671;880;0;686;676;727;586;10600;10061;Ninguno;No aplica
359;1003795;2018-03-17 00:00:00;0;ATLANTHIC SOUTH;62;0;independiente;S;S;3200;850;2100;1;716;593;493;837;12996;9094;Ninguno;No aplica
360;1024220;2017-06-23 00:00:00;0;NEW YORK;66;0;Pensionado;S;S;9000;300;900;2;659;685;571;693;14007;9292;Ninguno;No aplica
361;1088995;2020-04-23 00:00:00;0;ATLANTHIC SOUTH;34;0;Pensionado;S;S;10000;870;1800;2;726;743;609;672;17946;9070;Ninguno;No aplica
362;1084884;2016-08-11 00:00:00;0;ATLANTHIC SOUTH;53;0;Empleado;N;S;7500;280;950;1;777;678;650;593;29067;26546;Ninguno;No aplica
363;1034322;2017-01-01 00:00:00;1;NEW ENGALND;28;10;independiente;N;N;15000;13610;30800;2;495;627;640;826;9642;8683;Whatsapp;Sin gestión
364;1064729;2016-04-05 00:00:00;0;CHICAGO;25;0;independiente;S;N;11250;900;2400;2;720;617;641;717;16312;9008;Ninguno;No aplica
365;1083897;2018-11-21 00:00:00;1;NEW YORK;48;0;Pensionado;S;S;7000;605;1200;3;535;578;679;777;12679;9996;SMS;Pago parcial
366;1015137;2018-11-13 00:00:00;0;NEW YORK;37;0;Empleado;S;S;11500;570;1200;3;680;643;587;624;13208;9668;Ninguno;No aplica
367;1051380;2019-12-27 00:00:00;0;545454;29;0;Pensionado;S;S;5000;350;1800;0;711;725;715;745;28723;16066;Ninguno;No aplica
368;1057764;2015-04-21 00:00:00;1;NEW ENGALND;48;0;Empleado;S;S;7500;280;800;0;501;582;680;802;23589;23360;Whatsapp;Sin gestión
369;1011113;2019-03-25 00:00:00;0;CHICAGO;28;0;independiente;S;N;4500;550;1400;0;705;721;628;610;15716;9545;Ninguno;No aplica
370;1009905;2016-08-11 00:00:00;0;CHICAGO;42;0;independiente;N;N;3750;700;1000;3;661;745;762;542;22453;11981;Ninguno;No aplica
371;1079311;2016-06-08 00:00:00;0;NEW YORK;48;0;independiente;S;S;3800;460;960;2;701;721;759;722;8444;6733;Ninguno;No aplica
372;1031281;2020-01-16 00:00:00;1;NEW ENGALND;22;0;Empleado;S;S;4800;600;1000;3;525;596;715;578;15757;13700;Correo;No contactado
373;1050678;2019-11-05 00:00:00;0;NEW YORK;49;0;Empleado;S;S;3800;280;800;0;773;620;439;684;19434;10032;Ninguno;No aplica
374;1034511;2016-09-04 00:00:00;0;NEW ENGALND;54;50;Empleado;S;N;11000;5640;27653;0;748;680;761;630;6060;5026;Ninguno;No aplica
375;1099670;2016-03-20 00:00:00;1;NEW YORK;47;0;Pensionado;N;S;3000;535;1434;0;608;548;706;830;23711;18166;SMS;Pago parcial
376;1038669;2016-03-16 00:00:00;1;NEW ENGALND;62;62;Pensionado;S;N;14405;900;16800;2;462;559;790;685;8420;4645;Correo;No contactado
377;1078621;2015-08-24 00:00:00;0;NEW YORK;59;0;independiente;S;S;2000;260;650;2;744;658;737;770;5301;3108;Ninguno;No aplica
378;1089748;2019-09-30 00:00:00;0;NEW YORK;59;0;Pensionado;S;S;5250;340;475;0;709;621;760;624;17468;13695;Ninguno;No aplica
379;1072942;2018-10-03 00:00:00;0;NEW YORK;56;0;Empleado;N;S;4420;300;500;0;809;563;712;760;21990;14253;Ninguno;No aplica
380;1047165;2020-02-13 00:00:00;1;ATLANTHIC SOUTH;36;0;independiente;S;N;5000;1000;1850;0;460;540;744;905;24554;23797;SMS;Pago parcial
381;1015789;2018-01-07 00:00:00;0;NEW YORK;36;0;Empleado;N;S;10500;550;1200;0;658;692;790;574;5699;5183;Ninguno;No aplica
382;1086436;2018-01-06 00:00:00;0;NEW YORK;45;0;Pensionado;N;S;10000;250;600;0;670;599;665;696;26472;26254;Ninguno;No aplica
383;1043233;2017-03-08 00:00:00;1;ATLANTHIC SOUTH;36;0;Empleado;S;N;12375;600;1200;0;394;581;540;967;5190;3269;Correo;No contactado
384;1016106;2015-11-28 00:00:00;1;545454;37;0;independiente;N;S;4800;384;1625;0;474;694;628;726;15492;15257;SMS;Pago parcial
385;1015970;2019-07-16 00:00:00;0;NEW YORK;43;0;Pensionado;S;S;6750;479;700;1;662;741;677;676;22364;16004;Ninguno;No aplica
386;1052205;2019-03-05 00:00:00;1;ATLANTHIC SOUTH;35;0;Pensionado;S;S;10000;642;1362;0;508;679;655;791;7975;5373;Correo;No contactado
387;1030822;2018-08-01 00:00:00;0;545454;26;0;Pensionado;S;S;8900;657;2171,066;0;717;703;563;674;11102;5830;Ninguno;No aplica
388;1073424;2019-09-12 00:00:00;1;NEW YORK;41;0;Pensionado;S;S;7500;636,083;976,59;4;594;650;536;566;22568;11879;SMS;Pago parcial
389;1026134;2020-05-07 00:00:00;0;ATLANTHIC SOUTH;26;0;Pensionado;S;S;11250;872;2278;0;748;637;598;772;24711;20906;Ninguno;No aplica
390;1064429;2015-03-30 00:00:00;1;NEW YORK;52;0;Pensionado;S;N;12600;300;700;3;471;541;707;540;24778;18062;Correo;No contactado
391;1030157;2016-09-18 00:00:00;0;545454;47;0;Pensionado;S;S;12500;350;1500;3;655;516;761;632;29703;18216;Ninguno;No aplica
392;1065412;2019-12-29 00:00:00;1;545454;31;0;independiente;S;S;7500;200;1900;0;525;651;714;829;6816;5500;SMS;Pago parcial
393;1032256;2016-12-23 00:00:00;1;NEW YORK;44;0;independiente;S;S;10910;1209,166;1850;1;434;672;724;688;27238;17063;Correo;No contactado
394;1082406;2016-08-16 00:00:00;1;NEW YORK;34;0;Empleado;N;S;6250;230;480;0;592;547;644;658;28093;22160;Call center;Promesa de pago
395;1063175;2020-01-05 00:00:00;0;NEW ENGALND;40;0;Pensionado;N;N;5000;1800;2600;2;759;665;528;749;5569;3785;Ninguno;No aplica
396;1027652;2016-10-10 00:00:00;1;ATLANTHIC SOUTH;44;0;Empleado;N;S;5000;1780;2800;3;477;535;618;643;10442;9521;Whatsapp;Sin gestión
397;1050824;2018-06-16 00:00:00;1;ATLANTHIC SOUTH;44;0;Empleado;N;S;3750;1780;2800;0;414;603;632;610;6895;6277;SMS;Pago parcial
398;1074795;2020-04-17 00:00:00;0;NEW YORK;40;0;Empleado;S;N;3600;200;500;1;768;747;615;695;24117;17815;Ninguno;No aplica
399;1038366;2015-07-18 00:00:00;1;NEW YORK;29;0;Pensionado;S;S;5063;636,083;867,443;3;494;475;654;704;8863;5986;Correo;No contactado
400;1007489;2018-09-30 00:00:00;1;NEW YORK;33;0;Empleado;N;N;7800;475;604;0;562;605;681;608;17913;12204;Call center;Promesa de pago
401;1058486;2017-06-25 00:00:00;1;ATLANTHIC SOUTH;40;0;independiente;S;S;11500;400;1200;2;420;563;710;777;12455;11245;SMS;Pago parcial
402;1090520;2019-04-08 00:00:00;0;NEW YORK;40;10.83333333;Empleado;S;N;13400;14107;29230;1;670;687;631;712;9014;5986;Ninguno;No aplica
403;1065512;2017-12-27 00:00:00;1;NEW YORK;48;0;Pensionado;S;S;5063;500;2200;1;500;608;517;688;16093;9729;SMS;Pago parcial
404;1035941;2019-07-19 00:00:00;0;CHICAGO;24;0;independiente;N;S;8800;600;1154,153;0;702;669;616;644;23070;12512;Ninguno;No aplica
405;1097488;2017-10-25 00:00:00;0;NEW YORK;52;0;Empleado;S;N;12600;200;700;3;677;674;653;712;8009;5873;Ninguno;No aplica
406;1074162;2017-12-29 00:00:00;1;NEW YORK;57;0;independiente;S;S;7500;820;1810;0;531;567;736;827;29190;21632;SMS;Pago parcial
407;1023699;2017-05-06 00:00:00;0;NEW ENGALND;41;0;Pensionado;S;S;9600;850;1600;0;647;738;610;645;21538;19825;Ninguno;No aplica
408;1024103;2015-08-06 00:00:00;1;NEW YORK;48;0;Empleado;S;S;7500;310;1920;1;493;605;686;779;15729;9604;Whatsapp;Sin gestión
409;1069367;2017-01-16 00:00:00;0;NEW YORK;58;0;independiente;S;N;7550;650;1200;0;706;693;670;721;6409;4425;Ninguno;No aplica
410;1009771;2017-09-01 00:00:00;0;NEW YORK;48;0;Empleado;S;S;11250;676,08;1219;2;726;604;653;749;17249;15597;Ninguno;No aplica
411;1022453;2018-10-28 00:00:00;1;545454;43;0;independiente;S;N;9375;500;1500;2;536;557;715;724;5784;5274;Correo;No contactado
412;1035132;2019-04-26 00:00:00;0;ATLANTHIC SOUTH;35;0;independiente;S;S;3750;200;700;0;644;734;604;588;13096;9066;Ninguno;No aplica
413;1037072;2019-04-22 00:00:00;0;NEW YORK;22;0;Empleado;N;S;5000;476;966;3;623;682;610;628;12560;9163;Ninguno;No aplica
414;1027106;2015-09-18 00:00:00;0;ATLANTHIC SOUTH;26;0;independiente;N;S;11500;320;2800;0;764;720;649;701;17533;11425;Ninguno;No aplica
415;1000785;2019-03-06 00:00:00;0;NEW YORK;43;0;independiente;S;S;7500;370;1700;0;717;786;605;834;12343;11927;Ninguno;No aplica
416;1014283;2017-07-19 00:00:00;0;545454;43;0;Empleado;S;S;6600;780;1620;0;663;742;686;626;12206;6827;Ninguno;No aplica
417;1035477;2019-12-13 00:00:00;1;NEW ENGALND;22;4;Empleado;N;N;13500;8340;27300;0;578;586;600;792;26980;26086;Correo;No contactado
418;1087543;2019-03-31 00:00:00;0;545454;47;0;Pensionado;S;S;4000;980;1450;4;706;649;666;640;10801;9094;Ninguno;No aplica
419;1045676;2020-01-19 00:00:00;1;NEW YORK;51;0;independiente;N;S;6250;400;600;2;559;427;643;730;24190;18524;SMS;Pago parcial
420;1091501;2019-11-15 00:00:00;1;NEW YORK;30;0;independiente;N;S;4000;250;650;2;503;570;665;856;21921;11318;SMS;Pago parcial
421;1064221;2015-12-30 00:00:00;0;ATLANTHIC SOUTH;34;0;Empleado;N;S;12375;600;1500;0;803;660;618;739;10986;8105;Ninguno;No aplica
422;1049364;2018-10-19 00:00:00;1;545454;52;0;Empleado;S;S;3750;708,042;1825;1;588;603;626;608;23225;16347;SMS;Pago parcial
423;1019091;2017-10-18 00:00:00;1;NEW YORK;70;0;Empleado;S;S;4000;676;1025,1;1;488;571;657;668;15647;9085;Call center;Promesa de pago
424;1023906;2019-08-26 00:00:00;0;NEW YORK;47;0;independiente;S;S;6400;360;780;4;749;661;664;783;13716;11360;Ninguno;No aplica
425;1008422;2019-11-10 00:00:00;1;ATLANTHIC SOUTH;48;0;independiente;N;S;11250;100;1700;0;532;473;650;733;28355;27946;SMS;Pago parcial
426;1007567;2018-07-12 00:00:00;1;NEW YORK;33;0;Empleado;S;S;9775;992;1450;3;568;524;769;617;27009;21097;Whatsapp;Sin gestión
427;1020796;2018-02-19 00:00:00;1;NEW YORK;42;0;independiente;S;S;6250;520;1150;0;452;609;581;646;24334;20863;Correo;No contactado
428;1001813;2017-11-06 00:00:00;1;CHICAGO;24;0;independiente;N;N;12375;300;1500;3;534;683;646;783;29376;15693;Whatsapp;Sin gestión
429;1019935;2019-01-01 00:00:00;1;NEW YORK;42;0;Pensionado;N;S;5400;280;650;3;553;574;540;809;17323;12279;SMS;Pago parcial
430;1032539;2017-05-17 00:00:00;1;NEW YORK;51;0;Pensionado;S;S;11900;278,2;700;0;412;600;676;722;9780;5459;Call center;Promesa de pago
431;1078031;2018-03-23 00:00:00;1;NEW YORK;29;0;Empleado;S;S;3750;950;1800;0;441;637;572;943;7368;5942;SMS;Pago parcial
432;1067422;2017-12-09 00:00:00;0;NEW ENGALND;54;20;independiente;S;S;2500;14500;27000;3;598;631;631;744;17039;16515;Ninguno;No aplica
433;1050577;2014-12-19 00:00:00;0;ATLANTHIC SOUTH;33;0;independiente;S;N;7000;300;500;2;687;702;624;648;11655;9684;Ninguno;No aplica
434;1091266;2017-12-28 00:00:00;1;ATLANTHIC SOUTH;45;0;Empleado;S;N;5625;535;1150;0;536;536;670;647;13173;7092;SMS;Pago parcial
435;1088872;2014-12-15 00:00:00;0;NEW YORK;68;0;Pensionado;S;N;6800;360;890;4;775;732;611;582;9495;6431;Ninguno;No aplica
436;1041810;2016-10-12 00:00:00;1;545454;33;0;Empleado;S;S;2500;695;1825;3;504;589;608;750;15893;12322;SMS;Pago parcial
437;1030346;2018-10-17 00:00:00;0;NEW ENGALND;58;0;independiente;S;N;14842;1000;1600;3;781;698;751;626;27386;19214;Ninguno;No aplica
438;1044230;2015-02-10 00:00:00;1;NEW ENGALND;45;0;Pensionado;S;N;8125;1550;2600;3;431;533;670;871;27998;25669;SMS;Pago parcial
439;1027304;2019-12-17 00:00:00;1;NEW YORK;51;0;Empleado;S;S;3000;365,7;850;0;415;622;611;852;18403;16698;SMS;Pago parcial
440;1067140;2016-05-10 00:00:00;1;NEW YORK;44;0;Pensionado;S;N;9500;250;800;3;497;705;632;777;18121;14604;Correo;No contactado
441;1017656;2019-11-28 00:00:00;1;545454;60;0;Pensionado;S;S;11000;350;1550;3;519;520;765;614;27303;18750;Whatsapp;Sin gestión
442;1024124;2015-04-13 00:00:00;1;NEW YORK;52;0;Pensionado;S;S;11250;320;750;3;498;560;634;660;15966;10021;Call center;Promesa de pago
443;1064472;2016-09-15 00:00:00;0;NEW YORK;64;16.66666667;Pensionado;N;S;8000;14558;28305;0;597;694;602;783;5853;3236;Ninguno;No aplica
444;1041213;2019-03-07 00:00:00;0;NEW YORK;41;0;independiente;S;N;7500;350;1000;3;696;727;602;619;25530;17295;Ninguno;No aplica
445;1009534;2018-04-07 00:00:00;1;NEW ENGALND;31;0;Pensionado;S;N;8250;860;1200;2;435;546;612;821;25153;17773;SMS;Pago parcial
446;1035526;2015-02-20 00:00:00;0;ATLANTHIC SOUTH;19;0;Empleado;S;N;11500;600;1800;0;733;510;608;713;21958;18399;Ninguno;No aplica
447;1043720;2019-12-04 00:00:00;1;NEW YORK;33;0;independiente;N;S;12375;610;1480;2;518;662;560;725;22532;18681;Call center;Promesa de pago
448;1020073;2016-05-23 00:00:00;0;CHICAGO;33;0;Empleado;N;N;11250;300;700;4;653;726;571;607;27677;14809;Ninguno;No aplica
449;1007377;2015-03-03 00:00:00;0;CHICAGO;39;0;independiente;N;N;11250;300;1100;1;674;575;592;662;27841;19423;Ninguno;No aplica
450;1042128;2019-07-01 00:00:00;1;NEW YORK;58;0;independiente;S;S;3750;320;750;3;447;544;691;737;28893;17073;Correo;No contactado
451;1035814;2019-11-19 00:00:00;0;NEW ENGALND;52;0;Pensionado;S;N;10000;115;1400;0;697;774;623;763;14907;8622;Ninguno;No aplica
452;1005730;2015-09-09 00:00:00;0;NEW YORK;39;0;Empleado;S;S;11875;1356;2110;0;748;767;635;590;9777;8933;Ninguno;No aplica
453;1066788;2016-03-24 00:00:00;1;NEW YORK;37;0;independiente;S;S;2000;474;850;1;451;636;739;696;25238;13148;Whatsapp;Sin gestión
454;1017744;2015-09-03 00:00:00;1;NEW YORK;43;0;Empleado;N;S;8750;458;800;2;525;569;741;724;20338;14432;SMS;Pago parcial
455;1096486;2015-03-06 00:00:00;1;NEW YORK;53;0;independiente;S;S;6250;850;1600;4;473;585;630;780;7491;4376;Correo;No contactado
456;1084183;2019-07-16 00:00:00;0;ATLANTHIC SOUTH;47;0;Pensionado;S;N;9375;1100;2000;3;660;672;606;588;20328;19102;Ninguno;No aplica
457;1050240;2018-03-29 00:00:00;0;NEW YORK;59;0;Empleado;N;S;10680;566,662;1000;0;695;748;589;552;19599;15258;Ninguno;No aplica
458;1055472;2019-11-10 00:00:00;0;NEW YORK;33;0;Pensionado;N;S;11250;280;465,5;3;648;627;698;731;24508;15089;Ninguno;No aplica
459;1070376;2018-03-14 00:00:00;0;ATLANTHIC SOUTH;35;20;independiente;S;S;15000;2360;6000;4;672;632;636;533;27075;20339;Ninguno;No aplica
460;1092860;2017-05-05 00:00:00;0;NEW YORK;70;0;Empleado;S;N;3500;420;1000;0;640;741;623;786;8051;6970;Ninguno;No aplica
461;1077764;2016-06-26 00:00:00;0;ATLANTHIC SOUTH;56;40;Empleado;N;N;12000;6760;11760;3;798;677;593;656;20979;20540;Ninguno;No aplica
462;1082770;2016-07-02 00:00:00;0;CHICAGO;66;0;independiente;S;S;6000;665;800;3;702;763;596;531;21388;13051;Ninguno;No aplica
463;1016407;2017-08-11 00:00:00;0;545454;48;0;Pensionado;S;S;6750;320;2800;0;665;640;672;627;26606;25092;Ninguno;No aplica
464;1075124;2017-12-22 00:00:00;0;ATLANTHIC SOUTH;43;0;Pensionado;N;S;6250;200;750;0;711;677;558;704;26699;25822;Ninguno;No aplica
465;1069133;2019-07-10 00:00:00;1;NEW YORK;50;0;Empleado;S;S;10375;465;1200;0;494;525;720;672;26253;25156;Correo;No contactado
466;1027315;2019-07-02 00:00:00;0;545454;44;0;independiente;S;S;7500;455;1600;4;689;680;613;672;5876;4805;Ninguno;No aplica
467;1073848;2016-01-09 00:00:00;0;NEW YORK;66;0;Pensionado;S;N;8400;300;700;2;731;591;640;737;28411;23152;Ninguno;No aplica
468;1096542;2015-07-11 00:00:00;0;NEW YORK;30;0;independiente;N;S;12000;400;970;2;738;651;556;652;9142;6414;Ninguno;No aplica
469;1037162;2019-03-29 00:00:00;1;NEW YORK;57;30;independiente;S;N;12624;10500;21600;1;473;494;649;636;20202;17701;Whatsapp;Sin gestión
470;1018653;2019-07-04 00:00:00;0;NEW YORK;30;0;Pensionado;N;S;6561;350;800;0;671;722;627;643;11966;9162;Ninguno;No aplica
471;1055646;2019-10-05 00:00:00;1;CHICAGO;59;0;independiente;S;N;3600;300;600;1;486;623;646;847;12079;10131;SMS;Pago parcial
472;1008664;2018-01-30 00:00:00;0;NEW YORK;55;0;independiente;S;S;7500;610;1550;1;585;576;753;822;12987;9276;Ninguno;No aplica
473;1086331;2017-09-29 00:00:00;1;545454;32;5;independiente;S;S;15000;4200;17100;3;424;660;662;538;11799;10215;Whatsapp;Sin gestión
474;1009116;2016-06-16 00:00:00;1;ATLANTHIC SOUTH;47;0;independiente;S;S;12000;650;1800;1;568;730;594;818;9465;8634;Whatsapp;Sin gestión
475;1037309;2019-03-15 00:00:00;1;ATLANTHIC SOUTH;32;14;Empleado;S;S;4500;2340;50200;4;582;583;600;743;22019;12622;Call center;Promesa de pago
476;1038579;2018-02-09 00:00:00;1;NEW YORK;24;0;Empleado;S;S;4375;220;460;1;488;542;692;803;18417;16879;Call center;Promesa de pago
477;1074168;2020-05-22 00:00:00;0;545454;36;0;Empleado;S;S;8000;535;1700;4;729;849;741;620;23077;17773;Ninguno;No aplica
478;1041407;2017-10-05 00:00:00;1;NEW ENGALND;44;0;independiente;S;S;6500;200;700;0;516;501;670;561;26136;24106;Whatsapp;Sin gestión
479;1087633;2016-11-27 00:00:00;1;NEW YORK;62;0;Pensionado;N;S;2000;430;1700;0;654;581;698;773;13311;9526;Call center;Promesa de pago
480;1071743;2018-11-17 00:00:00;1;NEW YORK;29;0;Pensionado;S;S;12600;350;750;2;556;591;693;635;22214;15317;Correo;No contactado
481;1048684;2019-09-16 00:00:00;0;ATLANTHIC SOUTH;41;8;independiente;S;S;15000;1929;7359;0;694;761;749;545;19098;18287;Ninguno;No aplica
482;1064918;2020-04-22 00:00:00;0;NEW YORK;44;0;Pensionado;S;S;6250;360;800;1;652;702;514;551;10177;6367;Ninguno;No aplica
483;1084796;2018-02-27 00:00:00;0;CHICAGO;41;0;Empleado;N;S;7200;460;820;0;620;650;697;724;19262;17762;Ninguno;No aplica
484;1021576;2018-02-17 00:00:00;1;NEW YORK;39;0;independiente;S;N;9500;1930;3000;4;510;523;719;733;13308;9875;Whatsapp;Sin gestión
485;1031052;2018-09-29 00:00:00;1;ATLANTHIC SOUTH;61;0;Pensionado;S;N;8250;884,335;1750;3;462;559;556;790;10949;8289;SMS;Pago parcial
486;1042140;2020-01-09 00:00:00;1;545454;53;0;Pensionado;S;S;1000;895,75;2026;3;429;520;588;780;24222;15847;SMS;Pago parcial
487;1054125;2016-05-04 00:00:00;1;NEW YORK;53;0;Empleado;S;S;6250;390;823;3;468;583;590;682;6150;4837;Correo;No contactado
488;1054882;2016-10-31 00:00:00;1;NEW YORK;37;0;Pensionado;S;S;5250;200;600;1;446;546;599;714;28944;19178;SMS;Pago parcial
489;1018139;2019-09-02 00:00:00;0;NEW YORK;36;0;Empleado;S;S;10000;400;1800;0;784;590;616;624;6931;3602;Ninguno;No aplica
490;1019593;2017-03-15 00:00:00;1;NEW YORK;57;0;Empleado;S;S;5600;690;800;4;544;655;667;701;14204;9034;SMS;Pago parcial
491;1086592;2017-11-02 00:00:00;1;ATLANTHIC SOUTH;49;36;Pensionado;S;N;11600;2000;10000;0;500;550;711;633;23048;11598;Whatsapp;Sin gestión
492;1000398;2017-01-01 00:00:00;1;NEW YORK;47;0;Pensionado;S;S;7500;727;1112;1;574;504;726;755;6081;6015;Correo;No contactado
493;1052441;2016-01-20 00:00:00;1;545454;56;0;Pensionado;S;S;12500;420;1800;3;504;570;591;817;21896;21521;Whatsapp;Sin gestión
494;1028714;2015-08-16 00:00:00;0;NEW YORK;63;0;independiente;S;S;5000;0;2000;0;657;684;591;597;18407;12840;Ninguno;No aplica
495;1032046;2016-10-27 00:00:00;1;CHICAGO;57;0;Pensionado;S;S;2500;400;800;0;576;475;742;835;12805;11066;Correo;No contactado
496;1096024;2016-03-25 00:00:00;0;ATLANTHIC SOUTH;43;10;Pensionado;N;S;5400;400;1200;1;727;700;695;680;10237;6889;Ninguno;No aplica
497;1075808;2018-03-22 00:00:00;1;ATLANTHIC SOUTH;38;10;Empleado;S;S;7600;771,5;1900;2;448;517;656;742;21943;18334;Whatsapp;Sin gestión
498;1023880;2016-10-23 00:00:00;1;NEW YORK;46;f;Empleado;N;S;4500;380;800;1;490;683;683;567;25056;22618;Whatsapp;Sin gestión
499;1090135;2016-04-21 00:00:00;0;NEW YORK;52;40;independiente;N;S;8750;300;950;2;656;711;648;507;17775;17302;Ninguno;No aplica
500;1012974;2020-07-21 00:00:00;0;NEW YORK;55;20;independiente;N;S;8750;350;750;0;631;656;687;683;28788;20155;Ninguno;No aplica
501;1048051;2021-01-16 00:00:00;0;NEW YORK;19;4;Pensionado;N;N;6250;280;1690;1;746;635;626;741;21244;18942;Ninguno;No aplica
502;1081483;2016-04-14 00:00:00;1;NEW ENGALND;45;27;Empleado;S;S;4400;300;900;0;595;574;669;660;18184;11510;Call center;Promesa de pago
503;1030002;2020-12-26 00:00:00;0;ATLANTHIC SOUTH;41;12;Empleado;S;S;4375;731;1900;0;630;717;544;820;8343;8303;Ninguno;No aplica
504;1016603;2018-11-03 00:00:00;1;CHICAGO;40;22;Pensionado;S;S;3500;720;1300;3;528;578;602;786;18500;9488;SMS;Pago parcial
505;1098739;2017-05-25 00:00:00;0;ATLANTHIC SOUTH;62;44;Pensionado;S;S;6250;500;800;1;667;667;603;588;25454;20408;Ninguno;No aplica
506;1069208;2021-04-04 00:00:00;0;ATLANTHIC SOUTH;34;14;Pensionado;N;S;8800;585;1550;3;676;684;624;673;14662;12166;Ninguno;No aplica
507;1047927;2017-09-01 00:00:00;0;NEW YORK;59;23.33333333;independiente;S;S;8125;220;1387,5;0;670;644;585;893;21964;18538;Ninguno;No aplica
508;1061215;2019-11-02 00:00:00;0;NEW YORK;42;10;Pensionado;S;N;6562;290;2000;0;657;659;613;558;20125;11274;Ninguno;No aplica
509;1049122;2017-07-13 00:00:00;0;ATLANTHIC SOUTH;63;40;Empleado;S;S;3000;370;1200;3;702;555;544;718;28388;27515;Ninguno;No aplica
510;1010948;2016-11-26 00:00:00;0;NEW ENGALND;32;20;independiente;N;S;15400;600;2500;3;658;738;688;641;13130;7754;Ninguno;No aplica
511;1013257;2016-10-31 00:00:00;1;ATLANTHIC SOUTH;37;10;independiente;S;S;7500;200;850;3;514;598;644;784;24531;19904;Correo;No contactado
512;1004085;2017-08-13 00:00:00;0;ATLANTHIC SOUTH;31;12;independiente;N;S;11250;220;900;2;697;634;531;784;25633;15670;Ninguno;No aplica
513;1037393;2019-07-16 00:00:00;1;NEW YORK;33;10;Empleado;S;S;4000;340;800;0;488;694;592;685;6679;4365;SMS;Pago parcial
514;1083443;2020-10-29 00:00:00;0;NEW YORK;25;6;Pensionado;S;S;6000;260;900;4;655;685;674;771;8506;6577;Ninguno;No aplica
515;1067409;2017-09-25 00:00:00;0;ATLANTHIC SOUTH;36;15;Pensionado;S;S;5000;270;900;0;671;618;612;870;18284;12956;Ninguno;No aplica
516;1059638;2021-04-08 00:00:00;0;NEW ENGALND;56;31.66666667;Empleado;S;S;4000;300;1500;0;738;731;601;676;12253;7108;Ninguno;No aplica
517;1094482;2020-06-22 00:00:00;0;545454;29;10;independiente;S;N;7500;350;1617,5;0;725;704;645;741;24128;14126;Ninguno;No aplica
518;1015855;2021-04-30 00:00:00;1;ATLANTHIC SOUTH;62;31.66666667;Empleado;S;S;12500;700;2180;2;451;604;674;667;14435;10235;Call center;Promesa de pago
519;1087379;2019-11-02 00:00:00;0;NEW ENGALND;31;15.5;independiente;N;S;7000;573,75;1580,833;3;705;654;549;672;26572;23347;Ninguno;No aplica
520;1063745;2018-10-26 00:00:00;0;NEW YORK;61;42;Empleado;N;S;5000;705;1216;0;738;707;689;654;16310;15478;Ninguno;No aplica
521;1078325;2017-11-06 00:00:00;1;ATLANTHIC SOUTH;24;10;Pensionado;N;S;8750;580;1300;1;417;564;594;792;18296;9918;Correo;No contactado
522;1047520;2016-09-12 00:00:00;0;NEW YORK;52;15;Pensionado;S;S;2700;780;1100;2;727;713;649;778;23525;16386;Ninguno;No aplica
523;1056729;2021-03-18 00:00:00;1;ATLANTHIC SOUTH;39;25;Pensionado;S;S;8000;400;1500;0;467;466;648;710;18245;10037;Call center;Promesa de pago
524;1069917;2021-03-31 00:00:00;0;ATLANTHIC SOUTH;42;20;Empleado;S;S;17500;140;1750;0;729;654;613;808;16151;8209;Ninguno;No aplica
525;1067472;2017-03-10 00:00:00;0;CHICAGO;45;20;Pensionado;N;S;2500;876,666;1208,333;0;662;783;578;808;15457;12843;Ninguno;No aplica
526;1074622;2016-11-25 00:00:00;1;NEW ENGALND;41;29;Empleado;S;S;6300;300;1300;3;410;534;630;796;28001;22435;SMS;Pago parcial
527;1041817;2019-08-18 00:00:00;1;NEW YORK;37;10;independiente;N;N;3750;570;2500;2;419;544;764;674;7479;4349;Whatsapp;Sin gestión
528;1025747;2016-01-28 00:00:00;0;NEW YORK;57;30;Empleado;S;S;5000;200;420;4;702;653;555;615;27868;17192;Ninguno;No aplica
529;1020240;2017-12-17 00:00:00;1;NEW YORK;50;49;Empleado;S;S;6300;500;1300;0;513;507;768;647;28805;14744;Call center;Promesa de pago
530;1046882;2019-01-15 00:00:00;0;NEW YORK;39;15;Empleado;S;S;6800;528,108;1957,467;2;655;548;632;755;9452;8672;Ninguno;No aplica
531;1086792;2018-08-28 00:00:00;1;NEW YORK;58;15;independiente;S;S;6000;410;700;0;532;566;652;611;10881;10743;Call center;Promesa de pago
532;1058076;2018-04-24 00:00:00;0;NEW YORK;25;12;independiente;N;S;5400;890;1240;2;617;688;574;731;28049;15924;Ninguno;No aplica
533;1059172;2016-11-18 00:00:00;1;CHICAGO;35;20;Pensionado;N;S;11250;400;975;3;497;577;596;623;19069;11742;Whatsapp;Sin gestión
534;1055888;2019-06-06 00:00:00;1;CHICAGO;38;22;independiente;N;N;18000;603,333;1529,583;1;439;571;615;794;7849;7333;SMS;Pago parcial
535;1051993;2020-05-13 00:00:00;1;545454;54;10;Empleado;S;S;15000;320;2570;3;467;583;577;722;12390;11934;Call center;Promesa de pago
536;1091118;2016-12-25 00:00:00;1;NEW YORK;62;20;Pensionado;S;S;6500;550;1100;0;502;641;635;840;28289;20080;SMS;Pago parcial
537;1002837;2016-02-04 00:00:00;1;NEW YORK;40;18.33333333;Empleado;S;N;8700;380;1100;3;457;569;622;823;16922;8889;Whatsapp;Sin gestión
538;1039182;2020-11-09 00:00:00;0;NEW YORK;67;37;independiente;N;S;3750;250;600;1;681;646;780;799;7489;3892;Ninguno;No aplica
539;1046960;2019-02-01 00:00:00;0;NEW YORK;26;5;Pensionado;S;S;6375;117;930;4;750;663;568;801;14823;11665;Ninguno;No aplica
540;1058333;2021-01-19 00:00:00;1;NEW YORK;54;30;Empleado;S;S;5400;230;750;0;471;615;657;733;14207;9894;Correo;No contactado
541;1051501;2017-08-23 00:00:00;0;NEW ENGALND;59;22;Pensionado;S;S;16500;180;970;1;742;765;667;566;14540;7478;Ninguno;No aplica
542;1066029;2020-02-24 00:00:00;0;NEW YORK;28;10;Empleado;S;S;15150;305;1300;0;644;642;575;575;21364;16912;Ninguno;No aplica
543;1026507;2016-10-03 00:00:00;1;NEW YORK;44;20;Empleado;S;S;10000;610;1550;1;526;586;698;532;9611;4860;Call center;Promesa de pago
544;1014707;2016-11-24 00:00:00;1;CHICAGO;34;20;Pensionado;S;S;6250;500;1000;1;572;600;622;622;24223;21648;SMS;Pago parcial
545;1022227;2018-10-09 00:00:00;1;ATLANTHIC SOUTH;43;21.66666667;independiente;S;S;7500;450;850;1;376;520;476;726;29911;19538;Whatsapp;Sin gestión
546;1070770;2017-01-04 00:00:00;0;NEW YORK;49;30;independiente;S;S;10000;164;640;0;660;681;696;620;10878;5658;Ninguno;No aplica
547;1094080;2020-03-31 00:00:00;0;NEW YORK;47;20;Empleado;S;S;8240;500;800;0;729;592;572;654;21347;16953;Ninguno;No aplica
548;1038104;2018-09-23 00:00:00;0;NEW YORK;59;39;Pensionado;S;S;12600;350;1200;4;690;574;577;714;27687;19349;Ninguno;No aplica
549;1083416;2017-02-20 00:00:00;0;NEW ENGALND;32;14;Empleado;N;S;8800;990;1400;0;719;702;698;643;5851;5774;Ninguno;No aplica
550;1001133;2017-05-09 00:00:00;1;NEW YORK;36;18;Pensionado;S;S;7500;580;2100;2;470;557;626;619;23071;17813;Whatsapp;Sin gestión
551;1086805;2019-10-28 00:00:00;0;NEW YORK;28;9;Empleado;S;S;6300;463;1300;0;704;692;714;665;11833;7545;Ninguno;No aplica
552;1059238;2019-03-08 00:00:00;1;ATLANTHIC SOUTH;52;20;Empleado;S;N;8750;1500;2500;1;492;579;735;639;16938;14477;Call center;Promesa de pago
553;1039146;2017-03-29 00:00:00;0;CHICAGO;48;30;Pensionado;N;N;7200;580;1200;4;758;621;605;646;7427;4722;Ninguno;No aplica
554;1089728;2020-11-30 00:00:00;0;NEW YORK;52;4;Empleado;S;S;8500;350;1450;0;713;677;706;791;9000;8569;Ninguno;No aplica
555;1089425;2020-04-13 00:00:00;1;NEW YORK;37;20;Empleado;S;S;9000;600;2500;1;517;506;597;696;10052;6909;Correo;No contactado
556;1088126;2018-02-10 00:00:00;0;NEW YORK;41;19;independiente;S;S;6250;700;2000;0;679;763;806;829;7738;5996;Ninguno;No aplica
557;1015104;2016-01-26 00:00:00;0;NEW YORK;61;42;Pensionado;S;S;5000;315;850;1;676;599;601;799;27116;14244;Ninguno;No aplica
558;1001979;2016-06-03 00:00:00;1;CHICAGO;61;25;independiente;S;N;14063;1040;2250;2;478;568;722;668;10387;7407;Call center;Promesa de pago
559;1099161;2018-12-18 00:00:00;0;NEW ENGALND;40;20;Empleado;N;S;7000;600;2000;1;720;617;709;570;13002;11912;Ninguno;No aplica
560;1042497;2017-11-24 00:00:00;0;545454;67;40;independiente;S;S;8800;1020;1690;0;679;714;672;665;10536;9512;Ninguno;No aplica
561;1005263;2017-05-24 00:00:00;0;NEW YORK;39;15;Pensionado;S;S;4500;150;740;2;714;660;603;774;18479;11312;Ninguno;No aplica
562;1089543;2018-04-19 00:00:00;1;NEW YORK;24;4;independiente;S;S;5312;158;690;0;604;549;639;676;8913;5464;SMS;Pago parcial
563;1075263;2018-01-13 00:00:00;0;ATLANTHIC SOUTH;38;20;Empleado;N;S;9200;495;1400;0;744;731;499;752;22450;20399;Ninguno;No aplica
564;1033795;2017-06-07 00:00:00;1;NEW YORK;39;25;Empleado;N;S;12500;372;860;3;484;582;666;829;29107;28094;Whatsapp;Sin gestión
565;1046945;2016-09-17 00:00:00;0;NEW YORK;70;35;Pensionado;S;S;6000;387;1238;4;760;711;674;600;25764;14110;Ninguno;No aplica
566;1024084;2017-02-24 00:00:00;1;NEW YORK;31;15;independiente;S;N;11500;450;900;0;480;521;659;659;15636;11337;Correo;No contactado
567;1090242;2018-07-13 00:00:00;0;NEW YORK;48;50;Empleado;S;S;6400;740;1420;4;598;596;442;734;25491;17047;Ninguno;No aplica
568;1085363;2017-01-05 00:00:00;1;NEW YORK;50;10;Pensionado;S;S;12600;550;1200;3;450;586;561;734;10726;10033;SMS;Pago parcial
569;1075691;2021-02-18 00:00:00;1;NEW YORK;55;30;independiente;S;S;3800;338,33;652;0;406;561;598;658;8373;4536;Call center;Promesa de pago
570;1011005;2016-01-23 00:00:00;0;NEW YORK;64;10;Pensionado;S;S;7200;509;871;0;682;718;670;638;17161;10392;Ninguno;No aplica
571;1019312;2020-08-01 00:00:00;1;NEW YORK;26;9;independiente;N;N;6250;300;900;3;501;575;670;714;7082;6205;Whatsapp;Sin gestión
572;1026740;2020-03-23 00:00:00;1;NEW YORK;47;40;independiente;N;S;12500;300;1700;0;584;592;638;579;28132;14787;Call center;Promesa de pago
573;1075421;2017-10-23 00:00:00;0;NEW YORK;27;10;independiente;S;S;10000;600;1100;1;716;583;694;739;21281;15881;Ninguno;No aplica
574;1097773;2018-05-10 00:00:00;1;NEW ENGALND;52;10;independiente;S;S;9000;350;2250;4;489;693;578;677;20305;14641;Correo;No contactado
575;1036711;2019-06-26 00:00:00;1;NEW YORK;25;8;independiente;N;N;6750;600;945;1;541;570;693;469;14817;9886;Correo;No contactado
576;1050752;2017-12-31 00:00:00;1;NEW ENGALND;28;10;Pensionado;S;S;7500;200;1300;1;389;622;683;718;16261;11339;Correo;No contactado
577;1014989;2015-12-25 00:00:00;0;CHICAGO;37;20;Pensionado;S;S;1250;465;950;2;712;630;676;603;5417;4144;Ninguno;No aplica
578;1018329;2019-06-25 00:00:00;1;ATLANTHIC SOUTH;44;25;Empleado;S;S;9000;520;1250;4;539;598;637;872;29690;17240;Correo;No contactado
579;1089792;2020-12-01 00:00:00;1;CHICAGO;34;20.66666667;Pensionado;N;S;8750;500;1000;4;426;502;778;667;13808;10853;Correo;No contactado
580;1019547;2015-12-10 00:00:00;0;NEW YORK;38;16.66666667;Empleado;S;S;7500;376;980;1;757;707;685;571;25358;22891;Ninguno;No aplica
581;1057010;2015-12-07 00:00:00;0;ATLANTHIC SOUTH;57;48.33333333;Pensionado;S;S;6300;604,167;2125;2;717;659;582;716;8267;7276;Ninguno;No aplica
582;1054387;2018-08-05 00:00:00;0;ATLANTHIC SOUTH;47;9;Pensionado;N;N;7500;1240;2730,88;3;679;682;667;611;22209;12813;Ninguno;No aplica
583;1038869;2015-12-14 00:00:00;0;545454;38;15;Empleado;S;S;2500;300;800;0;732;722;703;600;29052;16694;Ninguno;No aplica
584;1009505;2019-12-25 00:00:00;1;NEW YORK;69;50;Empleado;S;S;12500;325;1200;3;614;506;609;766;10745;6813;Call center;Promesa de pago
585;1080558;2016-06-30 00:00:00;0;545454;34;6;independiente;N;S;4200;395;1450;0;709;639;726;576;16338;11119;Ninguno;No aplica
586;1080576;2018-03-07 00:00:00;1;545454;58;30;independiente;S;S;4000;300;1400;0;512;607;677;589;5412;3811;Correo;No contactado
587;1008625;2018-01-31 00:00:00;0;ATLANTHIC SOUTH;57;39;Pensionado;S;S;6750;495;1669,167;0;677;806;486;825;12543;10534;Ninguno;No aplica
588;1084152;2020-07-13 00:00:00;0;ATLANTHIC SOUTH;31;10;Pensionado;S;S;5000;1957;2871;4;658;672;671;722;12587;6650;Ninguno;No aplica
589;1062316;2019-08-30 00:00:00;1;ATLANTHIC SOUTH;38;11.66666667;Empleado;S;S;6750;700;1200;0;542;615;622;696;5728;2963;Correo;No contactado
590;1095203;2020-03-13 00:00:00;1;545454;50;10;Pensionado;S;S;12500;290;2000;2;457;574;688;720;28548;19868;Whatsapp;Sin gestión
591;1022624;2020-11-06 00:00:00;0;NEW YORK;25;5;independiente;S;S;5800;240;800;0;704;797;716;716;16657;14135;Ninguno;No aplica
592;1095708;2016-03-08 00:00:00;1;NEW YORK;26;8;independiente;S;S;12500;1284;1808;0;476;475;664;808;10988;6557;Correo;No contactado
593;1007136;2019-10-23 00:00:00;1;ATLANTHIC SOUTH;25;17.91666667;Empleado;S;N;3750;350;1000;2;524;586;767;652;23888;19606;Whatsapp;Sin gestión
594;1047884;2016-10-17 00:00:00;1;545454;35;8;Empleado;S;S;12500;645;2840;1;517;482;637;753;7967;5019;Whatsapp;Sin gestión
595;1066629;2017-01-26 00:00:00;1;NEW YORK;38;5;Pensionado;S;S;6375;173;900;2;552;430;694;674;19527;18415;Whatsapp;Sin gestión
596;1061002;2016-10-31 00:00:00;1;NEW YORK;64;46;Pensionado;S;S;10200;320;950;3;474;598;706;703;24170;22909;Call center;Promesa de pago
597;1003382;2019-06-12 00:00:00;0;545454;40;15;Pensionado;S;N;7500;920;2750;4;687;688;643;684;21048;13653;Ninguno;No aplica
598;1049509;2018-06-11 00:00:00;0;CHICAGO;46;5;Pensionado;S;S;2500;420;800;2;651;663;705;669;22506;13841;Ninguno;No aplica
599;1007850;2019-06-27 00:00:00;1;NEW YORK;32;10;Pensionado;S;S;6250;200;1200;1;478;574;608;786;25463;17968;Call center;Promesa de pago
600;1059006;2020-01-24 00:00:00;1;NEW YORK;52;33.33333333;Empleado;N;N;6250;300;900;3;519;766;620;764;22955;14238;SMS;Pago parcial
601;1020287;2017-03-10 00:00:00;1;ATLANTHIC SOUTH;50;20;Pensionado;S;S;5000;270;950;4;538;565;558;584;10073;8423;SMS;Pago parcial
602;1023350;2016-05-22 00:00:00;0;ATLANTHIC SOUTH;50;15;Empleado;S;S;2250;525,209;1426,458;3;654;711;667;548;10104;9225;Ninguno;No aplica
603;1025393;2021-03-22 00:00:00;1;CHICAGO;34;1;independiente;S;N;12500;400;1150;0;543;541;673;687;7143;5975;Whatsapp;Sin gestión
604;1087920;2018-05-15 00:00:00;0;NEW ENGALND;45;25;Empleado;S;S;11413;910;2600;3;768;698;733;835;28190;25714;Ninguno;No aplica
605;1066703;2016-02-24 00:00:00;0;545454;42;20;independiente;S;S;19000;400;2500;2;721;666;705;593;12357;8631;Ninguno;No aplica
606;1053373;2019-10-15 00:00:00;1;ATLANTHIC SOUTH;64;30;Pensionado;N;S;7500;885,5;1800;4;594;555;630;701;17043;9854;Call center;Promesa de pago
607;1082720;2018-07-26 00:00:00;1;NEW YORK;58;5;Empleado;S;S;4500;300;700;1;461;689;568;672;8440;7334;Correo;No contactado
608;1098201;2017-07-31 00:00:00;1;NEW YORK;53;18.33333333;independiente;S;S;5000;750;2000;2;438;651;680;670;25150;17108;SMS;Pago parcial
609;1095329;2020-12-07 00:00:00;1;NEW YORK;32;14;independiente;S;S;7500;900;1479;1;411;588;728;736;10644;8895;Call center;Promesa de pago
610;1057033;2019-07-08 00:00:00;0;ATLANTHIC SOUTH;54;2;independiente;S;S;12500;870;3051;2;775;542;703;796;15518;9859;Ninguno;No aplica
611;1078876;2020-01-07 00:00:00;1;ATLANTHIC SOUTH;29;10;Pensionado;S;S;9000;450;1400;0;533;558;726;761;19552;10570;Correo;No contactado
612;1007985;2017-07-31 00:00:00;1;545454;31;5;independiente;N;S;12500;300;1500;0;497;742;635;648;7914;7885;Correo;No contactado
613;1071708;2019-04-21 00:00:00;1;545454;36;12;independiente;S;S;12000;350;1800;0;514;566;617;968;26352;15234;Call center;Promesa de pago
614;1084093;2015-12-26 00:00:00;0;CHICAGO;23;2;Pensionado;N;N;9380;304;785;4;644;746;598;677;27301;27143;Ninguno;No aplica
615;1092708;2019-12-24 00:00:00;1;ATLANTHIC SOUTH;38;20;independiente;N;S;3750;716;1800;0;622;667;646;668;18584;18373;SMS;Pago parcial
616;1096240;2017-12-12 00:00:00;1;NEW ENGALND;41;20;Pensionado;S;S;9650;360;1125;0;506;593;644;847;17144;15377;Call center;Promesa de pago
617;1014189;2019-06-27 00:00:00;1;ATLANTHIC SOUTH;34;14;independiente;N;S;9000;500;1400;0;505;529;664;678;19397;16094;SMS;Pago parcial
618;1097652;2020-09-01 00:00:00;1;ATLANTHIC SOUTH;30;5;Pensionado;S;S;12600;633;1600;0;536;434;641;870;13787;10877;Whatsapp;Sin gestión
619;1017509;2017-11-07 00:00:00;0;NEW YORK;36;1;Empleado;S;S;1950;155;800;0;724;721;641;592;19191;17906;Ninguno;No aplica
620;1083308;2016-10-29 00:00:00;0;NEW YORK;46;31;independiente;S;S;8750;572;1431;4;711;631;596;799;5728;3693;Ninguno;No aplica
621;1061881;2019-01-18 00:00:00;0;NEW ENGALND;69;54;Pensionado;S;S;2000;300;1500;0;660;691;716;688;22749;16694;Ninguno;No aplica
622;1016934;2018-05-26 00:00:00;0;545454;43;10;Pensionado;S;S;5200;590;1604,917;1;724;605;655;786;25876;20952;Ninguno;No aplica
623;1081326;2020-01-03 00:00:00;0;NEW YORK;55;18.33333333;Empleado;S;N;14500;750;1900;4;794;664;638;841;5698;4020;Ninguno;No aplica
624;1053006;2020-09-05 00:00:00;0;CHICAGO;28;3;Empleado;S;S;12500;420;1000;0;767;682;598;568;12186;8698;Ninguno;No aplica
625;1077428;2016-12-19 00:00:00;0;CHICAGO;44;11.66666667;independiente;S;S;17190;1016,117;1228,167;1;780;696;557;785;19512;12978;Ninguno;No aplica
626;1000211;2019-07-15 00:00:00;0;NEW YORK;35;15.83333333;Pensionado;S;N;5000;280;900;3;674;613;742;543;18923;14800;Ninguno;No aplica
627;1032517;2016-01-31 00:00:00;1;NEW YORK;61;40;Empleado;S;S;8000;850;2250;1;451;652;689;626;21779;20152;Call center;Promesa de pago
628;1096976;2020-03-26 00:00:00;1;NEW YORK;49;24;Pensionado;N;S;6375;276;900;0;494;544;536;648;12400;7449;Call center;Promesa de pago
629;1071730;2017-02-06 00:00:00;1;ATLANTHIC SOUTH;52;29.16666667;Empleado;S;N;18750;2000;4000;2;503;480;703;765;29466;28500;SMS;Pago parcial
630;1000957;2017-07-17 00:00:00;1;CHICAGO;53;40;Empleado;S;S;11875;600;1000;3;555;573;715;723;9171;7745;SMS;Pago parcial
631;1031126;2018-06-19 00:00:00;0;NEW YORK;40;20;independiente;S;S;3750;200;500;0;615;682;659;655;9360;8533;Ninguno;No aplica
632;1001602;2019-07-22 00:00:00;1;NEW YORK;34;20;Pensionado;N;N;6750;400;600;2;576;590;762;733;7502;5837;Call center;Promesa de pago
633;1069138;2018-01-29 00:00:00;1;NEW YORK;41;20;Empleado;S;S;16250;200;1200;2;492;662;665;773;22101;19665;Correo;No contactado
634;1073252;2016-03-12 00:00:00;0;ATLANTHIC SOUTH;41;30;independiente;S;S;12250;400;1800;4;679;666;551;730;24166;12279;Ninguno;No aplica
635;1084991;2016-04-09 00:00:00;0;NEW YORK;63;25;Empleado;S;N;6750;889;1079,918;0;649;673;676;768;26330;23939;Ninguno;No aplica
636;1019269;2019-10-03 00:00:00;0;545454;53;15;independiente;S;S;7750;250;600;0;617;614;667;834;10486;5453;Ninguno;No aplica
637;1081583;2016-12-09 00:00:00;0;NEW YORK;37;10;Pensionado;S;N;6250;200;1000;4;741;729;608;668;13335;12601;Ninguno;No aplica
638;1025069;2018-07-01 00:00:00;0;ATLANTHIC SOUTH;52;35;independiente;S;S;6250;600;1500;4;704;691;690;623;26364;26258;Ninguno;No aplica
639;1063342;2019-07-18 00:00:00;1;NEW YORK;63;20;Empleado;S;S;4500;300;873;1;436;555;533;775;28650;18538;Correo;No contactado
640;1012561;2017-06-01 00:00:00;0;NEW YORK;30;12.5;Pensionado;S;S;12500;850;2200;4;635;566;719;567;9491;5744;Ninguno;No aplica
641;1024492;2019-09-07 00:00:00;0;NEW ENGALND;36;18;Pensionado;S;S;12000;810;2700;0;683;767;589;609;28576;25224;Ninguno;No aplica
642;1062255;2018-04-14 00:00:00;0;CHICAGO;56;5;Pensionado;S;S;11250;880;1800;3;783;606;581;760;16130;10106;Ninguno;No aplica
643;1076927;2016-08-03 00:00:00;1;CHICAGO;47;15;independiente;N;N;16250;510;1000;1;487;545;642;709;26972;25159;Correo;No contactado
644;1084350;2021-05-09 00:00:00;0;CHICAGO;40;20;independiente;S;S;7500;820;950;0;625;702;680;561;12651;6976;Ninguno;No aplica
645;1063017;2018-02-23 00:00:00;1;ATLANTHIC SOUTH;68;30;independiente;S;S;18750;500;2200;3;488;508;661;586;25020;14086;Whatsapp;Sin gestión
646;1013832;2018-04-16 00:00:00;1;NEW ENGALND;44;10;Pensionado;S;N;5000;250;1000;0;486;490;598;724;6167;6103;Whatsapp;Sin gestión
647;1057703;2018-08-09 00:00:00;1;NEW ENGALND;42;21.66666667;Pensionado;S;S;11000;200;1513;1;365;453;615;823;6062;5073;SMS;Pago parcial
648;1043167;2020-12-21 00:00:00;1;ATLANTHIC SOUTH;52;33;independiente;S;N;12500;1200;5600;1;497;623;571;822;23540;21738;Whatsapp;Sin gestión
649;1081693;2017-09-21 00:00:00;1;NEW YORK;52;20;Pensionado;S;S;7000;1191;1900;4;488;547;634;730;29244;19364;Correo;No contactado
650;1030440;2019-05-23 00:00:00;1;NEW ENGALND;49;36;Pensionado;S;S;5000;320;1300;2;535;756;725;901;26545;22251;Call center;Promesa de pago
651;1017251;2018-07-29 00:00:00;1;ATLANTHIC SOUTH;38;0;Pensionado;S;N;7500;443;900;0;592;520;650;711;26689;21274;Whatsapp;Sin gestión
652;1044211;2018-07-30 00:00:00;0;NEW YORK;30;0;Pensionado;S;N;11250;737;1800;2;756;625;710;658;16174;12965;Ninguno;No aplica
653;1044974;2015-01-06 00:00:00;0;ATLANTHIC SOUTH;48;0;independiente;N;N;2880;350;800;3;687;646;752;439;27925;23492;Ninguno;No aplica
654;1095528;2016-03-15 00:00:00;1;ATLANTHIC SOUTH;46;0;Empleado;N;S;3125;650;1680;2;445;595;609;680;9729;7663;Whatsapp;Sin gestión
655;1047507;2015-05-22 00:00:00;0;ATLANTHIC SOUTH;28;0;Empleado;N;S;7000;200;1500;0;829;652;637;747;14348;10252;Ninguno;No aplica
656;1040723;2015-06-12 00:00:00;0;NEW ENGALND;36;0;independiente;S;S;7000;350;500;2;703;717;802;811;28714;18318;Ninguno;No aplica
657;1025315;2019-06-18 00:00:00;0;CHICAGO;54;0;independiente;N;N;8400;350;750;4;701;621;751;595;10334;9138;Ninguno;No aplica
658;1075197;2017-08-25 00:00:00;1;ATLANTHIC SOUTH;28;0;independiente;S;N;9729;570;1300;4;499;497;533;762;13924;8537;Correo;No contactado
659;1049910;2015-10-22 00:00:00;0;NEW YORK;51;0;Pensionado;S;N;6250;460,833;875;0;710;572;677;764;9330;7895;Ninguno;No aplica
660;1028648;2019-12-10 00:00:00;1;ATLANTHIC SOUTH;36;0;independiente;S;S;5000;700;1930;1;493;447;650;721;29394;18126;Whatsapp;Sin gestión
661;1077127;2015-06-15 00:00:00;1;NEW ENGALND;23;0;independiente;N;S;7500;318;1040;4;471;549;708;515;11801;9590;SMS;Pago parcial
662;1013725;2018-03-25 00:00:00;1;ATLANTHIC SOUTH;38;0;independiente;N;S;8000;623,333;2259,167;0;473;562;598;742;9846;8601;Call center;Promesa de pago
663;1091963;2015-03-29 00:00:00;0;NEW YORK;42;0;Pensionado;S;S;7200;230;440;2;698;642;591;739;11731;7148;Ninguno;No aplica
664;1040562;2018-06-24 00:00:00;1;ATLANTHIC SOUTH;50;0;Pensionado;S;S;6900;400;1500;3;473;655;603;635;20368;10794;Correo;No contactado
665;1009884;2015-10-02 00:00:00;1;NEW YORK;45;0;independiente;N;S;7000;769;1060;0;464;654;610;697;28625;16187;SMS;Pago parcial
666;1031370;2017-09-14 00:00:00;0;ATLANTHIC SOUTH;63;0;Empleado;S;S;8000;626;1200;4;705;660;707;566;22337;17937;Ninguno;No aplica
667;1058035;2015-12-05 00:00:00;0;NEW YORK;51;0;Empleado;S;S;6250;600;978;0;687;572;567;439;7539;6971;Ninguno;No aplica
668;1093201;2016-10-16 00:00:00;0;CHICAGO;59;0;independiente;S;S;8000;325;1794,083;2;775;646;606;762;12056;6299;Ninguno;No aplica
669;1075511;2015-11-12 00:00:00;0;CHICAGO;40;0;independiente;S;S;9594;750;1900;2;567;644;525;670;16516;14321;Ninguno;No aplica
670;1082120;2017-01-09 00:00:00;1;NEW YORK;41;0;Pensionado;S;S;7000;780;1026;3;555;541;720;864;16493;11061;Correo;No contactado
671;1074609;2017-06-29 00:00:00;0;ATLANTHIC SOUTH;54;0;independiente;N;S;8000;500;1250;0;762;638;739;747;6542;4836;Ninguno;No aplica
672;1017717;2017-06-17 00:00:00;0;NEW YORK;58;0;independiente;S;N;6400;210;1400;0;596;641;627;638;26677;25728;Ninguno;No aplica
673;1061814;2020-05-05 00:00:00;1;NEW YORK;61;0;independiente;S;N;3750;240;650;4;483;557;629;713;18964;12630;SMS;Pago parcial
674;1027781;2017-08-29 00:00:00;0;545454;34;0;independiente;N;S;5400;1150;2350;0;681;642;682;721;22575;16540;Ninguno;No aplica
675;1073784;2016-11-03 00:00:00;0;NEW YORK;39;0;Empleado;S;S;8000;650;1500;0;630;692;753;757;11313;5734;Ninguno;No aplica
676;1087651;2019-11-03 00:00:00;0;NEW YORK;31;0;Empleado;N;S;10680;210;780;4;661;702;679;699;28322;15317;Ninguno;No aplica
677;1060313;2016-08-25 00:00:00;0;NEW YORK;65;0;independiente;S;S;10000;400;850;0;644;625;601;770;24065;15144;Ninguno;No aplica
678;1033216;2016-02-18 00:00:00;1;ATLANTHIC SOUTH;26;0;Empleado;N;S;6000;880;1700;3;588;656;537;693;22924;11781;Call center;Promesa de pago
679;1016709;2015-12-18 00:00:00;1;NEW YORK;48;0;independiente;S;N;10500;647,452;1229,125;2;547;521;572;630;27556;22477;Call center;Promesa de pago
680;1001452;2017-05-03 00:00:00;1;ATLANTHIC SOUTH;52;0;Empleado;S;S;7500;700;1920;0;564;483;655;714;26925;19203;SMS;Pago parcial
681;1025224;2018-07-03 00:00:00;0;NEW YORK;40;0;Pensionado;S;S;2500;183,333;800;0;736;703;604;688;18807;14558;Ninguno;No aplica
682;1003734;2018-07-19 00:00:00;1;NEW ENGALND;68;0;independiente;S;S;8000;400;1000;0;444;531;664;612;14580;8563;SMS;Pago parcial
683;1027483;2016-08-28 00:00:00;0;545454;59;0;Pensionado;S;N;6000;1300;2400;1;674;699;611;550;22749;14741;Ninguno;No aplica
684;1092742;2016-04-05 00:00:00;1;CHICAGO;46;0;independiente;S;N;11250;400;500;0;524;436;576;760;13691;11390;SMS;Pago parcial
685;1013135;2019-02-16 00:00:00;0;NEW YORK;53;0;Pensionado;N;S;6800;225;1000;0;639;764;568;633;12494;12277;Ninguno;No aplica
686;1076969;2019-03-28 00:00:00;1;NEW YORK;57;0;Empleado;N;S;3900;356;950;3;536;620;759;705;9312;4891;SMS;Pago parcial
687;1068574;2017-10-31 00:00:00;0;NEW YORK;29;0;Pensionado;S;S;12300;1433,05;2613,92;0;688;590;712;638;6324;5977;Ninguno;No aplica
688;1081810;2018-02-25 00:00:00;0;NEW YORK;34;0;independiente;S;S;4700;370;850;0;681;591;771;807;8141;6419;Ninguno;No aplica
689;1027744;2019-11-13 00:00:00;0;545454;21;0;Empleado;S;S;12000;500;1800;0;736;780;688;784;28803;22523;Ninguno;No aplica
690;1086747;2015-01-15 00:00:00;1;NEW YORK;36;0;independiente;S;S;3031;946,667;1735;0;522;536;620;609;24870;18656;SMS;Pago parcial
691;1013756;2017-07-20 00:00:00;0;CHICAGO;22;0;Empleado;N;S;15000;700;1850;1;682;630;743;622;6810;3641;Ninguno;No aplica
692;1037073;2018-05-12 00:00:00;1;NEW ENGALND;52;0;independiente;N;S;10000;160;1200;1;558;444;648;797;11588;6315;SMS;Pago parcial
693;1033738;2020-04-22 00:00:00;0;NEW YORK;43;0;Empleado;S;S;10500;250;850;1;646;659;665;724;24307;19457;Ninguno;No aplica
694;1039785;2019-10-13 00:00:00;1;ATLANTHIC SOUTH;62;0;Pensionado;N;S;8000;850;1700;4;531;566;647;716;10301;6907;Call center;Promesa de pago
695;1004658;2019-03-29 00:00:00;0;NEW YORK;54;0;independiente;S;N;12000;400;1300;0;730;723;444;568;25570;24512;Ninguno;No aplica
696;1076337;2018-02-13 00:00:00;0;NEW ENGALND;36;0;Pensionado;N;N;8100;350;455;4;685;596;762;609;27361;19243;Ninguno;No aplica
697;1006174;2017-12-29 00:00:00;1;545454;40;0;Empleado;S;S;12000;700;1800;0;516;489;684;673;20485;11710;SMS;Pago parcial
698;1089089;2016-07-11 00:00:00;1;ATLANTHIC SOUTH;41;0;Empleado;S;S;13500;270;965;2;437;607;673;745;16714;14330;Whatsapp;Sin gestión
699;1073469;2017-04-08 00:00:00;0;ATLANTHIC SOUTH;32;0;Pensionado;S;N;7500;500;1000;0;746;740;646;823;25652;16589;Ninguno;No aplica
700;1085213;2017-12-30 00:00:00;0;545454;51;0;independiente;S;S;7800;352;1600;2;691;586;661;608;9748;7435;Ninguno;No aplica
701;1017574;2019-01-30 00:00:00;0;545454;51;0;Pensionado;S;N;1850;1350;2400;2;674;745;608;578;26233;22270;Ninguno;No aplica
702;1051113;2020-06-08 00:00:00;1;ATLANTHIC SOUTH;30;0;independiente;N;S;6800;762,5;2100;0;552;582;693;710;14435;13715;Call center;Promesa de pago
703;1009578;2018-11-29 00:00:00;1;545454;27;0;independiente;S;N;7500;400;800;2;465;646;559;813;8709;7804;Correo;No contactado
704;1069978;2019-08-17 00:00:00;1;NEW YORK;40;0;Pensionado;S;S;5000;570;1480;0;430;576;663;590;28003;23472;Call center;Promesa de pago
705;1033513;2015-07-28 00:00:00;1;545454;39;0;Pensionado;S;S;3750;500;1200;0;422;429;689;851;18116;15214;Correo;No contactado
706;1023196;2018-12-04 00:00:00;0;NEW YORK;56;0;Empleado;S;N;3750;330;1200;4;730;671;636;655;14576;14182;Ninguno;No aplica
707;1001487;2018-01-30 00:00:00;0;NEW YORK;48;0;Pensionado;S;S;6375;240;800;4;636;744;676;604;15150;9816;Ninguno;No aplica
708;1084660;2016-06-27 00:00:00;1;ATLANTHIC SOUTH;50;0;Pensionado;S;S;12000;520;2000;0;588;526;581;576;24456;12242;Correo;No contactado
709;1029644;2017-07-06 00:00:00;1;NEW YORK;40;0;Empleado;S;S;8750;530;980;1;396;557;582;784;11530;7333;Whatsapp;Sin gestión
710;1036119;2019-01-31 00:00:00;1;545454;30;0;Pensionado;S;S;7500;700;1650;0;585;569;667;705;15188;9249;SMS;Pago parcial
711;1027292;2015-11-08 00:00:00;0;NEW YORK;32;0;independiente;N;S;11250;330;1000;4;711;506;697;685;19683;16355;Ninguno;No aplica
712;1050684;2016-08-22 00:00:00;0;ATLANTHIC SOUTH;39;0;independiente;N;S;14561;1077;2425;4;695;780;519;589;5504;4496;Ninguno;No aplica
713;1087631;2017-09-16 00:00:00;1;ATLANTHIC SOUTH;63;0;Empleado;S;S;5000;5925;7500;0;473;526;687;691;6214;4951;SMS;Pago parcial
714;1099405;2015-06-28 00:00:00;0;NEW YORK;23;0;independiente;S;S;9000;1720;2500;0;720;710;612;626;6531;3319;Ninguno;No aplica
715;1079987;2017-01-30 00:00:00;0;NEW YORK;42;0;Pensionado;S;S;12250;250;800;4;698;675;637;661;28960;25033;Ninguno;No aplica
716;1036133;2018-06-17 00:00:00;0;545454;52;0;independiente;S;N;7000;600;1000;1;755;755;556;610;5823;3853;Ninguno;No aplica
717;1059643;2019-01-31 00:00:00;0;CHICAGO;77;0;Empleado;S;S;5000;400;800;0;706;704;590;532;22312;18575;Ninguno;No aplica
718;1047576;2015-01-31 00:00:00;1;ATLANTHIC SOUTH;63;0;Empleado;N;S;3600;907;1265;4;508;566;718;966;10029;7805;Call center;Promesa de pago
719;1040919;2016-04-16 00:00:00;1;NEW YORK;30;0;independiente;S;S;6400;695;1200;4;482;526;652;597;18428;12372;SMS;Pago parcial
720;1076965;2016-04-25 00:00:00;1;NEW ENGALND;60;25;Empleado;S;S;13200;1250;5500;3;497;628;623;736;21517;12206;Whatsapp;Sin gestión
721;1018261;2018-10-05 00:00:00;0;545454;31;0;Empleado;S;N;7500;575;1090;4;715;568;642;511;7105;3888;Ninguno;No aplica
722;1000672;2017-11-28 00:00:00;0;NEW YORK;42;0;Pensionado;S;S;9000;760;1200;0;614;719;684;490;8627;7900;Ninguno;No aplica
723;1070707;2017-06-13 00:00:00;0;NEW YORK;43;0;independiente;N;S;5625;390;850;3;633;614;681;679;17972;17239;Ninguno;No aplica
724;1064812;2017-09-07 00:00:00;1;NEW YORK;46;0;Empleado;S;N;11500;497;800;0;537;655;645;736;27700;22850;Call center;Promesa de pago
725;1031353;2017-08-23 00:00:00;0;NEW YORK;38;0;Empleado;S;N;4500;350;720;4;709;690;727;784;6852;3780;Ninguno;No aplica
726;1060566;2018-03-26 00:00:00;0;NEW YORK;50;f;Empleado;N;N;10500;1229,42;2537,583;0;691;719;718;706;9910;6947;Ninguno;No aplica
727;1090002;2018-07-17 00:00:00;1;CHICAGO;36;0;Pensionado;S;S;4500;288;900;4;501;585;679;707;25559;22095;Call center;Promesa de pago
728;1016239;2018-06-10 00:00:00;0;545454;28;0;Pensionado;S;S;15000;1113;3213,132;0;717;575;654;585;16003;14241;Ninguno;No aplica
729;1032487;2016-11-13 00:00:00;1;ATLANTHIC SOUTH;41;0;Pensionado;S;S;2500;270;1000;0;473;528;696;855;26732;14946;Call center;Promesa de pago
730;1072070;2020-04-15 00:00:00;0;ATLANTHIC SOUTH;59;0;independiente;S;S;3750;800;1600;1;661;720;672;754;18843;9422;Ninguno;No aplica
731;1048538;2019-09-07 00:00:00;1;NEW YORK;32;0;independiente;N;S;5000;270;1600;0;510;590;724;608;16704;14300;SMS;Pago parcial
732;1086866;2017-04-12 00:00:00;1;NEW YORK;47;0;Pensionado;N;N;6400;290;850;4;451;651;713;723;20761;14082;SMS;Pago parcial
733;1043217;2017-06-05 00:00:00;1;545454;28;0;Empleado;S;S;12250;628;1234;0;520;604;579;733;11190;7019;SMS;Pago parcial
734;1014824;2018-09-17 00:00:00;0;NEW YORK;32;0;Pensionado;S;S;5250;597,117;1200;4;615;622;574;639;22640;11466;Ninguno;No aplica
735;1053953;2016-09-23 00:00:00;1;NEW YORK;46;0;independiente;S;S;7500;655;1200;2;551;532;601;789;24760;19069;Call center;Promesa de pago
736;1032541;2017-02-11 00:00:00;0;545454;50;0;Pensionado;S;S;6250;350;1450;1;724;686;718;745;10645;9853;Ninguno;No aplica
737;1018701;2015-12-28 00:00:00;1;ATLANTHIC SOUTH;39;0;Empleado;S;S;10000;500;1700;0;513;441;540;703;24870;24343;Call center;Promesa de pago
738;1090388;2017-01-13 00:00:00;1;ATLANTHIC SOUTH;38;0;Pensionado;S;S;7500;865;2700;0;549;680;678;695;24968;19547;Correo;No contactado
739;1062986;2015-12-08 00:00:00;0;ATLANTHIC SOUTH;58;0;independiente;S;N;8100;350;1350;3;783;707;675;805;14588;11046;Ninguno;No aplica
740;1050042;2016-04-24 00:00:00;1;NEW ENGALND;57;0;Empleado;N;S;12500;320;1500;0;551;654;731;804;16829;9130;Correo;No contactado
741;1098960;2015-03-30 00:00:00;0;NEW YORK;31;0;Empleado;S;S;7500;434;850;0;608;585;663;677;13053;10109;Ninguno;No aplica
742;1063413;2017-04-11 00:00:00;1;NEW YORK;48;0;Pensionado;N;S;8750;635;1114;3;436;655;556;573;8330;5748;SMS;Pago parcial
743;1073117;2015-08-19 00:00:00;0;ATLANTHIC SOUTH;53;0;independiente;N;S;4500;503,333;1605;2;669;814;583;701;24087;19356;Ninguno;No aplica
744;1097663;2018-07-21 00:00:00;0;NEW YORK;60;0;independiente;S;N;2500;591;1900;1;701;601;567;733;13662;9486;Ninguno;No aplica
745;1049379;2020-01-21 00:00:00;0;NEW YORK;56;0;independiente;S;S;10000;250;1100;4;726;726;612;422;29504;18297;Ninguno;No aplica
746;1018901;2018-06-07 00:00:00;0;NEW ENGALND;53;0;Pensionado;S;N;12000;750;1400;1;664;680;637;693;12114;6632;Ninguno;No aplica
747;1019514;2017-07-16 00:00:00;0;545454;30;0;Empleado;S;S;6750;660;1400;3;709;587;568;632;18323;12047;Ninguno;No aplica
748;1044297;2017-02-17 00:00:00;0;ATLANTHIC SOUTH;56;0;Empleado;S;S;9000;320;1200;3;662;710;753;650;6353;3483;Ninguno;No aplica
749;1014679;2018-03-25 00:00:00;1;CHICAGO;52;0;Pensionado;S;S;12500;2184;3120;0;469;630;557;638;15975;9400;Call center;Promesa de pago
750;1045383;2017-05-22 00:00:00;1;ATLANTHIC SOUTH;70;0;independiente;S;S;5625;1200;2250;2;430;544;744;707;16023;15922;SMS;Pago parcial
751;1015265;2020-01-21 00:00:00;0;545454;36;0;independiente;S;S;7500;257;1276;4;654;750;733;795;26447;19096;Ninguno;No aplica
752;1092602;2017-01-11 00:00:00;1;NEW YORK;20;0;Empleado;N;S;3750;431;849;0;432;480;713;680;29933;22927;SMS;Pago parcial
753;1024369;2017-10-21 00:00:00;0;NEW YORK;24;0;independiente;N;S;4200;350;800;0;651;590;601;757;28959;27129;Ninguno;No aplica
754;1070508;2015-10-30 00:00:00;1;NEW YORK;44;0;Pensionado;N;S;12000;600;940;0;553;588;674;647;5667;5654;Correo;No contactado
755;1027419;2017-12-28 00:00:00;0;545454;23;0;Empleado;N;S;12250;563;1134;3;653;682;561;738;25852;20458;Ninguno;No aplica
756;1065829;2017-04-12 00:00:00;1;545454;26;0;Empleado;S;N;12250;465;1134;3;632;537;714;720;14337;12993;Whatsapp;Sin gestión
757;1048495;2018-12-05 00:00:00;1;545454;34;0;Empleado;S;S;11250;321;1000;3;525;629;645;752;18659;12380;SMS;Pago parcial
758;1089744;2019-01-27 00:00:00;0;NEW YORK;41;0;independiente;S;S;8000;420;900;0;709;712;621;671;28203;18413;Ninguno;No aplica
759;1018390;2015-03-22 00:00:00;1;NEW YORK;42;0;independiente;N;S;6000;500;1100;1;457;631;564;778;8719;6115;Whatsapp;Sin gestión
760;1071492;2016-06-08 00:00:00;0;ATLANTHIC SOUTH;44;0;Pensionado;S;S;10000;860;2500;1;735;673;477;439;24129;20178;Ninguno;No aplica
761;1082758;2016-08-20 00:00:00;1;NEW YORK;51;0;independiente;S;S;13500;500;1500;1;471;616;577;592;12483;10499;Whatsapp;Sin gestión
762;1045499;2017-05-17 00:00:00;1;ATLANTHIC SOUTH;55;41.66666667;independiente;S;S;15000;2475;5850;0;506;553;728;758;5539;3643;Call center;Promesa de pago
763;1091319;2016-10-30 00:00:00;1;545454;23;0;Pensionado;N;N;12250;518;1662;0;628;703;622;536;9964;5646;Call center;Promesa de pago
764;1058221;2017-08-13 00:00:00;0;ATLANTHIC SOUTH;45;0;Empleado;S;S;2500;300;1200;0;695;631;638;622;9835;8027;Ninguno;No aplica
765;1069830;2017-03-24 00:00:00;0;CHICAGO;42;0;Empleado;S;S;3750;1200;1700;0;757;806;696;665;25159;14194;Ninguno;No aplica
766;1030474;2018-05-26 00:00:00;0;NEW YORK;60;0;Pensionado;S;S;5400;300;1200;0;665;682;776;595;11042;8715;Ninguno;No aplica
767;1075383;2020-02-02 00:00:00;1;545454;34;0;Pensionado;S;S;4000;400;2175;0;498;497;743;658;19837;16796;SMS;Pago parcial
768;1024268;2016-01-17 00:00:00;0;NEW YORK;58;0;independiente;S;S;4500;400;1400;0;789;762;582;694;28486;24222;Ninguno;No aplica
769;1013565;2018-02-17 00:00:00;1;NEW YORK;61;0;Pensionado;S;S;5250;260;1133;3;469;588;514;811;12312;10794;Correo;No contactado
770;1043665;2019-11-25 00:00:00;0;ATLANTHIC SOUTH;52;0;independiente;S;S;8750;300;800;4;791;731;815;584;10320;9664;Ninguno;No aplica
771;1056584;2016-08-25 00:00:00;1;ATLANTHIC SOUTH;70;0;independiente;S;S;2500;350;1000;3;535;653;809;668;18216;13662;Correo;No contactado
772;1000072;2020-03-11 00:00:00;1;ATLANTHIC SOUTH;44;0;independiente;S;S;3125;488,7;2975;0;472;600;663;654;27516;23805;SMS;Pago parcial
773;1026843;2020-03-03 00:00:00;0;NEW YORK;23;0;independiente;N;S;11250;300;817;0;732;644;561;452;29275;23701;Ninguno;No aplica
774;1024129;2016-11-15 00:00:00;0;ATLANTHIC SOUTH;19;9;independiente;N;S;14000;2975;6500;0;749;739;717;683;7779;4615;Ninguno;No aplica
775;1043286;2017-01-15 00:00:00;0;NEW ENGALND;39;0;Empleado;S;S;4800;608,333;908,333;3;731;680;642;754;22308;11441;Ninguno;No aplica
776;1061234;2015-03-20 00:00:00;0;NEW YORK;51;0;independiente;S;S;5000;380;1000;0;621;721;642;761;6581;4227;Ninguno;No aplica
777;1000368;2018-02-21 00:00:00;1;NEW YORK;50;0;independiente;S;S;2500;270;700;0;464;451;713;642;29098;20995;SMS;Pago parcial
778;1069579;2015-04-15 00:00:00;1;ATLANTHIC SOUTH;26;0;independiente;S;N;12960;2400;7400;1;488;607;673;607;24708;19978;Correo;No contactado
779;1037171;2017-11-30 00:00:00;0;NEW YORK;40;0;Empleado;S;S;7500;400;850;0;696;642;567;672;17677;16351;Ninguno;No aplica
780;1026995;2019-04-16 00:00:00;0;545454;56;0;Pensionado;S;N;11250;320;880;0;731;779;627;745;10713;6408;Ninguno;No aplica
781;1080723;2015-11-19 00:00:00;0;NEW YORK;65;0;Empleado;S;N;8700;550;1200;4;709;717;696;684;28410;15988;Ninguno;No aplica
782;1029189;2017-10-04 00:00:00;1;CHICAGO;57;0;independiente;N;N;11250;500;1400;0;433;594;686;746;21639;21244;Whatsapp;Sin gestión
783;1031188;2019-03-05 00:00:00;1;545454;50;0;Pensionado;S;S;9000;450;1200;1;519;609;668;823;9804;5432;SMS;Pago parcial
784;1020133;2018-09-02 00:00:00;1;NEW ENGALND;45;20;Pensionado;S;N;11000;6821;28200;4;531;520;715;653;23222;17167;Whatsapp;Sin gestión
785;1081973;2020-06-14 00:00:00;1;ATLANTHIC SOUTH;59;0;Empleado;S;N;9000;800;1500;3;528;677;625;700;15136;12000;SMS;Pago parcial
786;1018668;2020-06-23 00:00:00;0;545454;56;0;independiente;S;N;10000;715;1150;1;754;799;663;817;5009;3860;Ninguno;No aplica
787;1064764;2018-05-06 00:00:00;0;NEW YORK;36;15;Empleado;N;N;10000;1700;3446;0;742;704;414;652;24255;13171;Ninguno;No aplica
788;1096064;2018-10-22 00:00:00;0;ATLANTHIC SOUTH;61;10;independiente;S;S;14300;1191;2133;0;723;775;619;556;28793;15217;Ninguno;No aplica
789;1025430;2020-11-24 00:00:00;0;CHICAGO;42;15;Empleado;N;S;12650;935;1450;2;696;646;703;610;28802;15920;Ninguno;No aplica
790;1023874;2016-04-11 00:00:00;0;CHICAGO;39;20;Pensionado;S;S;10000;610;1700;2;617;632;623;586;10124;8026;Ninguno;No aplica
791;1003559;2016-05-16 00:00:00;0;CHICAGO;47;33.33333333;Empleado;S;S;13000;600;1000;1;721;682;617;702;6015;4645;Ninguno;No aplica
792;1079356;2019-04-17 00:00:00;1;NEW ENGALND;34;17;Pensionado;N;S;6000;400;900;1;510;606;577;639;7193;4437;SMS;Pago parcial
793;1077334;2020-01-02 00:00:00;1;545454;24;7;independiente;S;S;4550;250;1220;4;514;556;720;744;13415;10985;Whatsapp;Sin gestión
794;1024722;2018-08-22 00:00:00;1;ATLANTHIC SOUTH;36;5;Empleado;N;S;9600;250;1380;0;436;612;688;654;18550;16881;Whatsapp;Sin gestión
795;1023845;2019-11-29 00:00:00;0;ATLANTHIC SOUTH;51;1.666666667;Empleado;S;S;1800;450;1100;4;646;698;708;479;19512;10162;Ninguno;No aplica
796;1046359;2020-08-09 00:00:00;0;ATLANTHIC SOUTH;21;7;independiente;S;S;4000;650,333;1600;2;753;620;529;698;28833;21598;Ninguno;No aplica
797;1067640;2017-06-27 00:00:00;0;NEW YORK;35;15;Pensionado;S;N;7500;800;1400;2;698;711;639;683;9158;7735;Ninguno;No aplica
798;1035287;2017-07-29 00:00:00;0;ATLANTHIC SOUTH;36;20;Pensionado;S;S;11000;770;1600;3;734;732;630;717;25309;15847;Ninguno;No aplica
799;1009168;2020-01-02 00:00:00;0;NEW YORK;56;28.33333333;Empleado;S;S;5300;600;1200;0;701;690;630;609;11970;7827;Ninguno;No aplica
800;1012528;2018-05-17 00:00:00;1;ATLANTHIC SOUTH;34;10;independiente;N;S;2500;500;1200;0;501;649;607;650;11938;9632;Correo;No contactado
801;1028716;2017-09-11 00:00:00;0;NEW YORK;42;10;Empleado;S;S;2500;185;800;0;747;607;626;706;26168;24833;Ninguno;No aplica
802;1043384;2019-11-30 00:00:00;1;ATLANTHIC SOUTH;59;41;Pensionado;S;S;4750;596,25;1857,917;0;474;608;709;857;18772;16988;SMS;Pago parcial
803;1038657;2018-12-19 00:00:00;1;NEW YORK;39;6;Pensionado;S;S;6400;380;1200;2;505;510;516;721;25384;20093;Call center;Promesa de pago
804;1027156;2016-03-13 00:00:00;0;NEW YORK;47;20;Pensionado;S;S;6000;1189;1890;0;677;613;774;708;23017;19912;Ninguno;No aplica
805;1052687;2019-06-18 00:00:00;0;CHICAGO;70;10;independiente;S;S;6500;800;1700;4;678;642;684;641;15344;10471;Ninguno;No aplica
806;1006629;2021-06-09 00:00:00;0;545454;50;15;Pensionado;S;N;3750;200;1200;0;685;623;647;531;12266;10064;Ninguno;No aplica
807;1083468;2016-09-28 00:00:00;0;NEW YORK;43;20;Empleado;S;N;8750;200;1000;2;711;647;713;757;13702;10045;Ninguno;No aplica
808;1090444;2018-01-31 00:00:00;1;NEW YORK;43;30;Pensionado;S;S;8100;860;1400;0;476;567;548;802;5384;3203;Call center;Promesa de pago
809;1021351;2019-01-20 00:00:00;0;ATLANTHIC SOUTH;52;20;independiente;N;S;15000;615;1326;2;763;730;603;734;5404;4598;Ninguno;No aplica
810;1020074;2021-01-18 00:00:00;1;NEW YORK;59;30;Empleado;N;S;6750;260;760;2;455;561;642;704;13175;10253;SMS;Pago parcial
811;1050126;2018-09-18 00:00:00;0;ATLANTHIC SOUTH;42;23.33333333;independiente;S;S;7560;1373;2450;1;691;585;746;724;20158;13694;Ninguno;No aplica
812;1083350;2018-11-09 00:00:00;0;NEW YORK;50;10;independiente;S;S;6250;400;1100;0;678;748;647;750;17763;16976;Ninguno;No aplica
813;1070165;2020-01-30 00:00:00;1;NEW YORK;40;11.66666667;Empleado;S;S;8100;630;1280;0;572;530;682;866;23384;11937;SMS;Pago parcial
814;1072459;2017-11-10 00:00:00;1;NEW ENGALND;71;16.66666667;Pensionado;S;S;12500;250;1500;0;510;576;609;809;14860;9776;SMS;Pago parcial
815;1031740;2017-10-08 00:00:00;0;ATLANTHIC SOUTH;45;6;Pensionado;N;S;10000;1196;2100;2;752;707;684;676;10989;5807;Ninguno;No aplica
816;1038111;2017-01-07 00:00:00;0;ATLANTHIC SOUTH;40;20;Empleado;N;S;12500;600;3500;0;626;692;767;552;20106;17759;Ninguno;No aplica
817;1053417;2016-06-09 00:00:00;0;NEW YORK;63;48;Pensionado;S;S;5550;695;950;0;713;746;720;684;22844;19441;Ninguno;No aplica
818;1098372;2020-07-13 00:00:00;0;NEW ENGALND;45;27;Empleado;N;S;6600;600;2400;0;744;709;644;693;28574;19021;Ninguno;No aplica
819;1076356;2017-10-15 00:00:00;1;NEW YORK;33;20;independiente;S;S;5400;800;1350;4;504;528;697;784;28524;23898;Whatsapp;Sin gestión
820;1074103;2016-01-19 00:00:00;0;545454;46;28;Pensionado;S;S;16500;350;1550;0;753;811;690;792;8636;6028;Ninguno;No aplica
821;1048945;2018-10-08 00:00:00;0;ATLANTHIC SOUTH;25;8.333333333;Empleado;S;S;7600;975;1570;4;674;692;685;661;15916;13976;Ninguno;No aplica
822;1064445;2016-03-09 00:00:00;0;ATLANTHIC SOUTH;69;50;Pensionado;N;S;2600;220;900;1;770;671;728;859;9809;7132;Ninguno;No aplica
823;1058018;2020-01-03 00:00:00;0;NEW YORK;29;11;Empleado;N;S;13500;400;1085;3;815;738;727;512;25562;18050;Ninguno;No aplica
824;1029517;2017-12-15 00:00:00;0;NEW YORK;64;33.33333333;Pensionado;S;S;8750;360;420;4;682;695;641;708;18456;17854;Ninguno;No aplica
825;1021062;2018-05-20 00:00:00;1;NEW YORK;31;10;independiente;N;N;4500;314;750;1;478;604;695;648;20444;12786;Call center;Promesa de pago
826;1036149;2018-07-27 00:00:00;1;CHICAGO;56;38;independiente;S;N;4500;800;1850;0;573;730;623;548;28629;16039;Call center;Promesa de pago
827;1007908;2017-12-14 00:00:00;1;NEW YORK;51;25;independiente;S;S;3750;297,5;980;2;579;563;585;702;27984;22171;Call center;Promesa de pago
828;1096403;2017-04-19 00:00:00;0;NEW YORK;42;26.66666667;Empleado;S;S;6300;300;1000;1;674;661;631;539;10997;10828;Ninguno;No aplica
829;1071238;2020-03-04 00:00:00;0;CHICAGO;48;20;independiente;N;S;6250;562,5;1016,666;0;679;687;645;655;7048;4856;Ninguno;No aplica
830;1062017;2016-02-06 00:00:00;0;NEW YORK;23;10;independiente;S;S;12500;1000;1400;3;686;744;534;673;17338;9207;Ninguno;No aplica
831;1075783;2020-08-11 00:00:00;0;NEW ENGALND;37;19;Empleado;S;S;14000;900;1200;3;633;590;710;771;26164;17521;Ninguno;No aplica
832;1040523;2020-06-07 00:00:00;1;NEW YORK;44;25;Empleado;S;S;3750;436;1200;0;454;462;456;584;22100;16641;SMS;Pago parcial
833;1055422;2016-04-05 00:00:00;1;CHICAGO;46;33.33333333;Empleado;S;S;6250;490;1500;0;450;545;840;802;29323;17036;Whatsapp;Sin gestión
834;1006240;2016-08-01 00:00:00;0;NEW YORK;35;18;Pensionado;N;S;5400;750;1200;2;662;582;755;679;26949;22342;Ninguno;No aplica
835;1046225;2016-05-23 00:00:00;0;NEW YORK;57;31.66666667;Empleado;S;S;12500;741;1425;0;698;655;632;763;9544;9533;Ninguno;No aplica
836;1007421;2020-01-22 00:00:00;1;ATLANTHIC SOUTH;68;39.16666667;independiente;S;N;12500;370;1000;2;512;610;651;681;9976;7241;SMS;Pago parcial
837;1042601;2016-06-05 00:00:00;0;545454;51;11.66666667;independiente;S;S;12000;1300;1700;2;778;627;671;550;17775;12040;Ninguno;No aplica
838;1016693;2019-08-03 00:00:00;0;NEW ENGALND;29;18;independiente;N;S;5000;198;1512;4;650;594;609;560;15015;10516;Ninguno;No aplica
839;1000931;2020-06-30 00:00:00;1;NEW ENGALND;50;30;independiente;S;S;12600;470;1330;1;549;584;663;604;8419;4694;Correo;No contactado
840;1039463;2016-01-15 00:00:00;0;NEW YORK;68;18.33333333;Pensionado;S;S;1250;210;810;0;689;732;640;713;19430;18296;Ninguno;No aplica
841;1085702;2020-12-26 00:00:00;1;ATLANTHIC SOUTH;75;46.66666667;Pensionado;N;N;7000;470;1000;0;498;478;643;853;12239;8658;Correo;No contactado
842;1089539;2017-07-16 00:00:00;1;NEW YORK;48;15;Empleado;S;S;6250;265;1600;4;534;629;663;669;19489;13518;Call center;Promesa de pago
843;1056193;2019-04-19 00:00:00;0;ATLANTHIC SOUTH;33;11;Pensionado;N;S;7500;631;1400;0;644;729;558;727;21633;17952;Ninguno;No aplica
844;1062490;2020-05-22 00:00:00;1;545454;23;18.33333333;Pensionado;S;S;12600;432;2000;1;519;637;653;583;15357;11073;SMS;Pago parcial
845;1033400;2020-09-01 00:00:00;1;545454;21;14.91666667;Empleado;S;S;12000;270;1700;0;508;653;661;736;22154;18257;Correo;No contactado
846;1017605;2016-01-28 00:00:00;0;NEW YORK;50;30;Pensionado;S;N;6500;200;800;3;725;812;659;730;9363;4969;Ninguno;No aplica
847;1062384;2017-01-27 00:00:00;0;ATLANTHIC SOUTH;51;32;Empleado;N;S;10900;780,06;1725;0;714;659;635;540;15176;13763;Ninguno;No aplica
848;1021647;2018-09-03 00:00:00;1;ATLANTHIC SOUTH;33;15;independiente;S;S;3000;250;700;0;623;587;730;702;22461;21793;Correo;No contactado
849;1013004;2020-08-21 00:00:00;0;NEW YORK;36;10;independiente;S;S;6375;350;800;4;668;655;625;734;13427;11069;Ninguno;No aplica
850;1082023;2020-04-27 00:00:00;0;NEW YORK;37;15;independiente;S;S;8340;300;1200;1;673;680;666;406;13580;13272;Ninguno;No aplica
851;1045459;2017-04-18 00:00:00;0;ATLANTHIC SOUTH;36;15;Pensionado;S;S;10625;400;900;0;669;772;741;790;29285;16860;Ninguno;No aplica
852;1080140;2021-03-12 00:00:00;0;ATLANTHIC SOUTH;64;11.66666667;Empleado;S;S;2500;145;800;2;672;599;644;702;9858;7282;Ninguno;No aplica
853;1066585;2020-02-22 00:00:00;0;NEW ENGALND;52;5;independiente;S;N;18000;310;750;0;668;628;665;735;15040;12046;Ninguno;No aplica
854;1068578;2016-11-15 00:00:00;0;ATLANTHIC SOUTH;63;11.66666667;Empleado;S;S;3750;405;1500;0;759;763;643;633;27928;22087;Ninguno;No aplica
855;1093040;2019-11-15 00:00:00;0;ATLANTHIC SOUTH;32;12;Pensionado;N;S;20000;310;1400;3;771;741;737;515;26103;18291;Ninguno;No aplica
856;1074482;2019-12-12 00:00:00;0;NEW ENGALND;38;20;Empleado;S;S;5000;564;1031;3;671;658;632;718;24198;16189;Ninguno;No aplica
857;1044226;2017-02-21 00:00:00;0;NEW YORK;40;11.66666667;Empleado;S;S;8750;650;1450;0;658;731;740;663;24758;13949;Ninguno;No aplica
858;1072979;2019-05-14 00:00:00;1;NEW YORK;56;20;Pensionado;S;N;10000;250;1200;4;524;600;643;723;20254;14094;SMS;Pago parcial
859;1074677;2021-03-18 00:00:00;1;ATLANTHIC SOUTH;41;10;Empleado;S;S;1800;300;900;2;472;670;590;818;16470;9575;Whatsapp;Sin gestión
860;1021121;2017-06-07 00:00:00;0;545454;30;15;Pensionado;S;S;1551;200;1200;0;732;684;698;739;6252;5422;Ninguno;No aplica
861;1080466;2016-04-25 00:00:00;1;NEW YORK;38;26;Empleado;S;S;5400;350;1200;4;510;642;629;893;11996;7251;SMS;Pago parcial
862;1012904;2019-02-08 00:00:00;0;NEW ENGALND;67;51;Empleado;S;S;2200;400;1200;0;624;839;693;684;17173;9089;Ninguno;No aplica
863;1030731;2020-06-28 00:00:00;1;NEW ENGALND;39;20;Pensionado;S;N;6100;510;1300;4;577;616;459;658;9673;7508;SMS;Pago parcial
864;1079402;2016-10-06 00:00:00;1;ATLANTHIC SOUTH;31;10;independiente;N;S;9600;200;1600;4;590;583;650;703;25914;20669;Whatsapp;Sin gestión
865;1052520;2017-07-09 00:00:00;1;NEW ENGALND;52;3;independiente;S;N;16000;400;1400;4;469;623;618;757;20781;19450;Call center;Promesa de pago
866;1011167;2016-04-08 00:00:00;1;NEW YORK;27;10;independiente;S;S;8750;620;1150;2;481;558;576;811;18051;14233;Call center;Promesa de pago
867;1070517;2021-01-08 00:00:00;1;ATLANTHIC SOUTH;50;30;Empleado;S;S;7200;820;1591;2;514;723;611;588;11881;7993;Call center;Promesa de pago
868;1012860;2017-07-07 00:00:00;0;ATLANTHIC SOUTH;46;25;Pensionado;N;S;8500;835;1900;0;717;691;610;671;11949;10772;Ninguno;No aplica
869;1088434;2019-12-28 00:00:00;0;NEW ENGALND;60;11.66666667;Pensionado;S;S;8000;720;1400;2;733;664;647;815;14521;11183;Ninguno;No aplica
870;1082344;2021-02-24 00:00:00;0;NEW YORK;38;10;Empleado;S;S;10000;620;1000;0;801;630;554;648;27625;14908;Ninguno;No aplica
871;1093798;2016-12-06 00:00:00;1;ATLANTHIC SOUTH;29;11.66666667;Pensionado;S;S;6250;260;850;2;491;646;672;804;13017;10191;Whatsapp;Sin gestión
872;1093702;2017-09-12 00:00:00;1;ATLANTHIC SOUTH;37;6;Pensionado;S;S;8750;500;950;4;460;632;746;764;11941;11392;Correo;No contactado
873;1023944;2019-11-02 00:00:00;0;NEW YORK;27;7;Empleado;S;N;5000;1135;1800;1;631;650;670;756;28386;19818;Ninguno;No aplica
874;1083342;2021-04-25 00:00:00;1;545454;25;15;independiente;S;S;6000;370;950;4;463;615;707;647;15209;9858;Whatsapp;Sin gestión
875;1019203;2016-12-13 00:00:00;0;545454;42;23;independiente;S;S;5000;1755;2300;3;698;589;727;598;22715;12987;Ninguno;No aplica
876;1091917;2018-11-08 00:00:00;0;ATLANTHIC SOUTH;36;15;independiente;S;S;10000;602;1800;4;790;691;737;672;25645;14764;Ninguno;No aplica
877;1084946;2021-05-28 00:00:00;0;NEW YORK;22;2;Empleado;N;S;7000;295;680;4;674;707;781;532;29032;20798;Ninguno;No aplica
878;1039294;2019-11-20 00:00:00;0;NEW YORK;36;10;independiente;S;N;3750;300;800;0;711;782;615;646;14550;11609;Ninguno;No aplica
879;1037327;2016-02-01 00:00:00;0;NEW YORK;47;16.66666667;independiente;S;S;7600;200;500;2;699;634;600;693;26499;14318;Ninguno;No aplica
880;1018289;2016-01-27 00:00:00;1;ATLANTHIC SOUTH;37;20;Pensionado;N;S;10000;905;2100;0;559;503;705;881;9637;9346;SMS;Pago parcial
881;1068387;2017-01-23 00:00:00;1;NEW YORK;37;26.66666667;independiente;S;S;12600;300;1200;0;626;526;700;756;9854;8648;Whatsapp;Sin gestión
882;1092070;2020-09-23 00:00:00;0;545454;59;3.5;Empleado;S;S;4400;1150;1900;0;673;600;704;726;24561;19485;Ninguno;No aplica
883;1055931;2019-03-11 00:00:00;1;NEW YORK;50;30;Empleado;S;S;5200;510;1000;0;476;660;782;825;29114;26617;Correo;No contactado
884;1071555;2018-04-19 00:00:00;0;ATLANTHIC SOUTH;36;10;independiente;S;S;5625;450;2000;0;752;773;651;583;15320;8274;Ninguno;No aplica
885;1068835;2018-07-05 00:00:00;1;545454;22;11.66666667;Empleado;S;S;15000;240;1000;0;534;599;680;705;23564;17400;Correo;No contactado
886;1041047;2016-09-20 00:00:00;0;NEW YORK;54;41;Pensionado;N;S;8100;900;1280;2;792;753;581;888;9892;8062;Ninguno;No aplica
887;1088025;2018-10-10 00:00:00;0;NEW YORK;34;14;Pensionado;N;N;6750;700;1200;0;729;688;799;663;12043;11011;Ninguno;No aplica
888;1045731;2017-06-16 00:00:00;0;NEW YORK;32;10;Empleado;S;S;12875;1278;1685;4;682;674;626;770;21521;19191;Ninguno;No aplica
889;1086071;2019-04-23 00:00:00;1;NEW YORK;45;27;Empleado;S;S;10800;390;700;4;530;560;628;807;27711;17694;SMS;Pago parcial
890;1076820;2021-05-20 00:00:00;1;ATLANTHIC SOUTH;51;10.83333333;Empleado;N;S;14765;1615;2750;3;555;561;626;587;24856;24121;Call center;Promesa de pago
891;1017319;2017-11-01 00:00:00;0;545454;40;10;independiente;S;S;12500;435,833;737,5;1;741;587;605;698;26833;15085;Ninguno;No aplica
892;1084223;2019-05-12 00:00:00;0;CHICAGO;50;10;Pensionado;S;S;9500;300;600;0;725;696;599;683;24216;22704;Ninguno;No aplica
893;1055309;2019-01-16 00:00:00;0;NEW YORK;51;30;Empleado;N;S;6250;400;1500;1;753;678;613;700;24963;24600;Ninguno;No aplica
894;1043055;2018-04-30 00:00:00;1;NEW YORK;57;30;independiente;N;S;3800;350;750;3;558;625;554;652;27355;16101;Correo;No contactado
895;1021794;2021-06-08 00:00:00;0;NEW YORK;36;15;independiente;S;S;11900;480;1200;3;769;686;595;569;9164;7891;Ninguno;No aplica
896;1019378;2018-11-13 00:00:00;0;ATLANTHIC SOUTH;34;1;Empleado;S;S;7500;571;1500;1;732;670;786;627;12941;6731;Ninguno;No aplica
897;1044843;2018-04-08 00:00:00;0;ATLANTHIC SOUTH;41;20;Pensionado;N;S;7500;1300;2500;0;692;628;701;661;19388;13624;Ninguno;No aplica
898;1071161;2016-02-02 00:00:00;0;NEW ENGALND;32;13.33333333;Pensionado;S;S;12500;900;2000;0;707;684;715;777;10569;8013;Ninguno;No aplica
899;1035159;2019-12-28 00:00:00;0;545454;26;8;Pensionado;S;S;12000;584;1800;4;760;724;732;834;9300;7350;Ninguno;No aplica
900;1033198;2018-01-04 00:00:00;0;NEW YORK;44;20;independiente;S;N;5625;535,333;1200;0;659;611;778;796;11269;10908;Ninguno;No aplica
901;1018463;2017-02-27 00:00:00;0;NEW YORK;61;20;Empleado;S;S;12500;350;850;0;718;685;526;747;8818;7373;Ninguno;No aplica
902;1015474;2017-09-17 00:00:00;0;NEW ENGALND;37;15;independiente;S;S;8000;1420;2340;0;680;694;564;580;17015;12602;Ninguno;No aplica
903;1088462;2019-08-05 00:00:00;1;CHICAGO;50;10;Empleado;S;N;7200;362;900;0;501;537;594;683;17234;15594;Correo;No contactado
904;1020152;2019-06-16 00:00:00;0;545454;31;10;Empleado;S;S;15000;400;2200;0;764;645;617;689;23290;22714;Ninguno;No aplica
905;1090059;2017-07-16 00:00:00;0;ATLANTHIC SOUTH;37;15;Pensionado;N;S;12500;800;1500;4;710;694;629;613;11254;5751;Ninguno;No aplica
906;1029288;2018-12-22 00:00:00;0;NEW YORK;33;13.33333333;independiente;N;N;3375;400;670;2;702;612;619;722;22144;21950;Ninguno;No aplica
907;1065505;2016-09-14 00:00:00;1;NEW ENGALND;39;20;Empleado;S;S;6600;300;1200;3;432;601;665;785;29214;15865;Correo;No contactado
908;1093973;2016-03-13 00:00:00;0;NEW ENGALND;46;30;Pensionado;N;S;11004;500;900;0;737;626;652;718;12350;11204;Ninguno;No aplica
909;1065084;2020-10-21 00:00:00;0;NEW YORK;62;40;Empleado;S;N;8750;250;1000;0;732;744;599;762;20183;12920;Ninguno;No aplica
910;1062420;2017-07-14 00:00:00;1;NEW YORK;34;15;Pensionado;S;S;7500;230;750;2;608;720;498;639;11238;6362;SMS;Pago parcial
911;1001696;2017-09-01 00:00:00;0;NEW YORK;50;26.66666667;Pensionado;N;S;10500;1183,3;2353,67;2;685;628;580;754;11090;7984;Ninguno;No aplica
912;1035807;2018-05-16 00:00:00;1;NEW ENGALND;59;25;Empleado;S;N;19662;1000;1800;0;511;612;612;657;16637;13675;Correo;No contactado
913;1045258;2018-08-25 00:00:00;0;NEW YORK;22;4;Empleado;S;S;6375;192;700;3;712;636;633;585;27415;18929;Ninguno;No aplica
914;1095795;2019-07-19 00:00:00;0;545454;41;30;Pensionado;S;S;6500;300;1500;0;779;742;571;718;29071;15329;Ninguno;No aplica
915;1042409;2018-07-05 00:00:00;0;CHICAGO;36;6;Empleado;S;S;7500;650;1000;2;695;604;616;779;17647;14113;Ninguno;No aplica
916;1074316;2018-09-26 00:00:00;0;NEW YORK;43;0.833333333;Pensionado;S;S;7500;400;950;1;714;709;571;714;14911;14183;Ninguno;No aplica
917;1002031;2021-05-16 00:00:00;1;CHICAGO;40;23;Empleado;S;S;6250;400;1100;3;530;528;641;722;13472;9317;Call center;Promesa de pago
918;1034355;2018-09-19 00:00:00;1;NEW YORK;34;16.66666667;Pensionado;S;S;18000;450;1750;2;509;568;575;748;23271;14153;SMS;Pago parcial
919;1015594;2017-10-22 00:00:00;1;ATLANTHIC SOUTH;32;8;Empleado;S;S;7500;630;1986;0;478;518;591;732;8266;5962;Call center;Promesa de pago
920;1091503;2020-09-18 00:00:00;1;CHICAGO;46;26;independiente;N;N;10200;500;900;0;510;629;558;619;5666;2970;Correo;No contactado
921;1093844;2019-07-10 00:00:00;0;545454;46;25;Pensionado;S;S;10200;1650;2650;4;754;630;639;558;9188;8363;Ninguno;No aplica
922;1023294;2017-01-14 00:00:00;0;ATLANTHIC SOUTH;43;20;Pensionado;N;S;3750;400;800;0;649;713;589;663;22055;20140;Ninguno;No aplica
923;1081405;2019-06-02 00:00:00;1;ATLANTHIC SOUTH;42;15;independiente;S;N;5000;800;1200;1;507;559;713;727;15161;12038;Correo;No contactado
924;1026553;2019-01-10 00:00:00;1;NEW YORK;54;20;Pensionado;N;S;7250;500;1875;4;465;573;678;721;28161;19052;Call center;Promesa de pago
925;1040204;2019-12-07 00:00:00;0;ATLANTHIC SOUTH;41;7;Empleado;S;S;1250;102;1000;2;760;689;645;731;16314;14681;Ninguno;No aplica
926;1037335;2019-12-05 00:00:00;1;NEW ENGALND;59;41;independiente;S;S;12600;140;420;0;424;534;594;701;28954;22507;SMS;Pago parcial
927;1067238;2017-10-23 00:00:00;0;ATLANTHIC SOUTH;41;10;Empleado;S;S;12600;400;1700;1;672;693;677;721;29340;26786;Ninguno;No aplica
928;1094427;2016-02-27 00:00:00;0;CHICAGO;21;10;Empleado;S;N;6750;620;1390;0;719;772;698;657;26508;21623;Ninguno;No aplica
929;1074880;2021-01-22 00:00:00;0;NEW YORK;65;30;independiente;S;S;2500;300;850;0;778;633;660;834;26969;24062;Ninguno;No aplica
930;1073857;2020-05-16 00:00:00;0;ATLANTHIC SOUTH;66;20;independiente;S;S;19800;450;2500;0;697;750;762;677;17891;14300;Ninguno;No aplica
931;1087588;2017-11-29 00:00:00;0;545454;41;10;Pensionado;S;S;8800;1460;2300;0;672;770;682;881;9777;6913;Ninguno;No aplica
932;1004447;2017-08-28 00:00:00;1;545454;42;20;independiente;S;S;20000;553;4300;0;594;531;714;752;8900;8713;SMS;Pago parcial
933;1081767;2018-08-03 00:00:00;0;ATLANTHIC SOUTH;32;15;Empleado;S;S;7200;300;1300;2;628;593;659;651;28061;21623;Ninguno;No aplica
934;1048921;2021-01-06 00:00:00;1;NEW ENGALND;31;1.666666667;Empleado;S;S;9000;500;1500;4;390;598;697;639;18716;15020;Call center;Promesa de pago
935;1080310;2016-08-03 00:00:00;1;ATLANTHIC SOUTH;32;10;Pensionado;S;S;20000;300;1100;0;522;547;594;590;11981;7311;Correo;No contactado
936;1096154;2016-02-12 00:00:00;0;ATLANTHIC SOUTH;43;23;Pensionado;S;S;7500;500;1545;1;675;792;618;581;11376;9247;Ninguno;No aplica
937;1042914;2020-01-18 00:00:00;0;ATLANTHIC SOUTH;32;10;Pensionado;S;S;20000;550;1200;2;649;682;674;591;21907;17215;Ninguno;No aplica
938;1035152;2020-02-07 00:00:00;0;ATLANTHIC SOUTH;33;13;Empleado;N;S;10800;400;1300;1;735;632;674;706;23777;14086;Ninguno;No aplica
939;1054601;2020-02-06 00:00:00;0;NEW YORK;72;50;independiente;S;S;12500;498,166;1200;3;712;611;686;623;23977;12703;Ninguno;No aplica
940;1030490;2016-10-19 00:00:00;0;NEW ENGALND;22;20;Pensionado;S;S;4000;300;900;3;672;745;727;687;15160;12161;Ninguno;No aplica
941;1012877;2018-06-02 00:00:00;0;ATLANTHIC SOUTH;25;11.66666667;independiente;S;S;14400;900;1600;0;636;646;550;785;19124;16864;Ninguno;No aplica
942;1047095;2018-01-11 00:00:00;0;CHICAGO;45;20.66666667;independiente;S;S;5000;756;1200;4;744;683;582;662;21282;16211;Ninguno;No aplica
943;1015251;2016-05-19 00:00:00;0;NEW YORK;59;20;Pensionado;S;N;6500;400;800;0;733;737;666;857;28624;17558;Ninguno;No aplica
944;1081192;2020-10-13 00:00:00;1;NEW YORK;32;15;Empleado;N;S;11355;650;1800;0;495;551;599;614;28321;23599;Whatsapp;Sin gestión
945;1077779;2020-03-31 00:00:00;0;ATLANTHIC SOUTH;35;15;Empleado;S;S;6250;550;1250;4;792;677;886;656;15488;8364;Ninguno;No aplica
946;1093337;2020-09-01 00:00:00;1;ATLANTHIC SOUTH;39;19;Pensionado;S;S;4084;1540,911;2373,213;2;446;579;686;671;27574;19879;Call center;Promesa de pago
947;1060968;2020-06-06 00:00:00;1;ATLANTHIC SOUTH;60;20;Empleado;S;S;14400;1165;3063;0;424;621;645;804;10240;5956;Call center;Promesa de pago
948;1010603;2017-03-22 00:00:00;0;CHICAGO;44;25;independiente;S;S;5000;3500;5000;0;665;715;614;468;15453;9152;Ninguno;No aplica
949;1020189;2015-11-25 00:00:00;1;NEW YORK;38;0;independiente;S;S;1332;184;800;4;498;567;616;590;15478;9305;Call center;Promesa de pago
950;1091171;2019-02-12 00:00:00;1;ATLANTHIC SOUTH;38;21.66666667;independiente;S;S;7500;635;2100;3;512;584;652;710;27877;19329;Correo;No contactado
951;1082715;2016-03-28 00:00:00;0;ATLANTHIC SOUTH;65;45;Pensionado;S;S;12500;2050;3857;0;688;658;658;810;17394;9142;Ninguno;No aplica
952;1010511;2018-04-15 00:00:00;1;ATLANTHIC SOUTH;36;16;Pensionado;S;S;11250;1026;1950;2;518;491;618;740;24262;16957;SMS;Pago parcial
953;1038199;2019-10-01 00:00:00;0;545454;26;5;Pensionado;S;S;9000;550;1600;2;637;695;631;548;25527;19295;Ninguno;No aplica
954;1048526;2020-07-06 00:00:00;1;545454;46;f;independiente;S;N;12500;400;1200;0;572;694;744;612;25028;18562;Correo;No contactado
955;1068926;2018-01-24 00:00:00;1;NEW YORK;21;0;Empleado;N;N;9600;200;500;0;496;527;747;871;9432;6521;Call center;Promesa de pago
956;1047854;2018-06-25 00:00:00;1;NEW YORK;58;4.833333333;Empleado;S;N;3125;577;1020;1;556;534;668;664;18568;17075;Correo;No contactado
957;1077152;2019-03-08 00:00:00;1;NEW YORK;39;0;Empleado;S;N;3000;300;650;1;517;528;556;635;19178;10983;Correo;No contactado
958;1075381;2017-09-22 00:00:00;1;545454;30;0;independiente;S;N;8000;350;1200;0;523;623;688;853;22660;17060;Call center;Promesa de pago
959;1047086;2018-06-14 00:00:00;0;ATLANTHIC SOUTH;28;0;Empleado;N;S;7500;617;1300;2;728;707;759;761;27195;14441;Ninguno;No aplica
960;1013846;2019-03-16 00:00:00;0;NEW ENGALND;62;20;Empleado;S;S;11000;4160;19400;0;722;670;746;785;5302;2840;Ninguno;No aplica
961;1013574;2016-06-23 00:00:00;0;NEW YORK;46;0;independiente;S;N;3200;210;800;0;732;625;701;584;22022;17330;Ninguno;No aplica
962;1046053;2018-10-01 00:00:00;0;NEW ENGALND;46;25;Empleado;S;S;7500;7000;19100;0;766;686;750;533;5055;3958;Ninguno;No aplica
963;1062695;2015-03-09 00:00:00;0;NEW YORK;45;0;independiente;S;N;11000;592;700;3;710;586;654;682;18013;16915;Ninguno;No aplica
964;1020015;2019-04-23 00:00:00;0;NEW YORK;56;4.666666667;independiente;S;S;8000;350;800;0;735;689;694;700;13717;10685;Ninguno;No aplica
965;1018513;2018-03-22 00:00:00;0;NEW YORK;68;5.666666667;Empleado;S;S;8000;400;800;0;696;732;602;703;13150;12886;Ninguno;No aplica
966;1030786;2014-03-15 00:00:00;1;545454;25;0;Empleado;S;S;6300;300;980;1;572;505;670;853;7125;3736;Correo;No contactado
967;1029063;2015-11-14 00:00:00;1;NEW YORK;37;0;Empleado;S;S;5000;400;1400;3;466;488;743;564;16479;9047;Whatsapp;Sin gestión
968;1049057;2016-09-21 00:00:00;0;NEW YORK;46;0;Empleado;S;N;4000;760;1000;0;790;775;609;747;20745;10830;Ninguno;No aplica
969;1069759;2014-03-18 00:00:00;0;NEW YORK;46;10;Empleado;S;N;6250;3300;7800;4;698;643;590;571;21748;12889;Ninguno;No aplica
970;1068061;2017-09-25 00:00:00;0;NEW YORK;45;0;Empleado;S;S;5000;580;1050;0;628;748;657;747;11809;9100;Ninguno;No aplica
971;1069500;2018-10-16 00:00:00;1;NEW YORK;29;2.416666667;Pensionado;S;N;10000;300;1200;1;506;571;634;677;9621;7916;Correo;No contactado
972;1068956;2016-06-18 00:00:00;0;NEW YORK;51;0;independiente;S;S;4250;245;550;1;666;670;695;597;20034;10474;Ninguno;No aplica
973;1036484;2015-06-19 00:00:00;1;NEW YORK;60;5;independiente;S;S;3200;590;949;2;542;606;618;665;18623;18120;Correo;No contactado
974;1041970;2014-10-08 00:00:00;0;NEW YORK;46;3.833333333;Pensionado;S;S;11250;350;1950;2;667;627;770;540;10126;9327;Ninguno;No aplica
975;1091428;2018-11-25 00:00:00;1;ATLANTHIC SOUTH;26;2.166666667;Pensionado;S;S;5800;540;1000;3;478;588;560;724;10122;6562;SMS;Pago parcial
976;1077937;2016-06-05 00:00:00;0;ATLANTHIC SOUTH;26;2.166666667;independiente;S;S;5800;540;1000;3;606;657;738;600;23030;12404;Ninguno;No aplica
977;1043997;2019-06-13 00:00:00;1;NEW YORK;48;4;independiente;N;S;6000;480;600;0;477;501;596;791;22302;13045;SMS;Pago parcial
978;1034930;2016-10-18 00:00:00;0;NEW YORK;37;3.083333333;independiente;N;S;4500;110;250;0;579;700;524;728;24181;13625;Ninguno;No aplica
979;1008024;2017-11-13 00:00:00;1;545454;35;2.916666667;Empleado;S;S;1625;337;1550;3;421;564;667;872;27890;15664;Call center;Promesa de pago
980;1020153;2014-06-08 00:00:00;1;545454;36;0;independiente;S;S;5000;1443,333;2629,166;3;538;571;632;753;10870;8253;Call center;Promesa de pago
981;1013197;2016-10-27 00:00:00;1;NEW YORK;58;4.833333333;independiente;S;S;5000;240;580;0;539;507;572;767;6531;4068;SMS;Pago parcial
982;1040142;2019-08-27 00:00:00;0;NEW ENGALND;53;0;Empleado;N;S;10000;270;930;0;721;775;532;796;13172;8945;Ninguno;No aplica
983;1056074;2018-05-21 00:00:00;0;545454;31;2.583333333;Pensionado;S;S;6750;350;2200;0;652;733;649;614;24729;24599;Ninguno;No aplica
984;1067773;2014-09-28 00:00:00;1;NEW YORK;28;0;independiente;N;S;6000;1010;1350;1;498;638;718;586;12673;10673;Whatsapp;Sin gestión
985;1000334;2014-10-16 00:00:00;1;NEW YORK;44;3.666666667;independiente;N;S;3750;300;1779,165;3;500;562;691;738;28333;27610;Correo;No contactado
986;1060007;2016-12-10 00:00:00;1;NEW YORK;43;0;independiente;N;S;3750;1000;1800;0;442;476;654;592;11882;6788;Whatsapp;Sin gestión
987;1056980;2016-05-14 00:00:00;1;NEW YORK;24;0;Empleado;S;N;7800;450;1600;2;575;697;684;941;6906;4773;Whatsapp;Sin gestión
988;1013661;2017-04-27 00:00:00;0;NEW YORK;26;0;Pensionado;S;S;11250;536;1102;1;744;676;648;801;8086;6286;Ninguno;No aplica
989;1091894;2016-07-24 00:00:00;0;NEW YORK;35;2.916666667;Pensionado;S;S;5000;100;1120;4;689;635;550;865;18503;9962;Ninguno;No aplica
990;1087132;2017-02-19 00:00:00;0;NEW YORK;58;4.833333333;Pensionado;S;S;3750;240;1000;3;701;705;551;676;13152;6604;Ninguno;No aplica
991;1089158;2015-03-23 00:00:00;1;NEW ENGALND;66;5.5;Empleado;S;S;7200;450;1700;0;510;650;636;770;10750;8979;SMS;Pago parcial
992;1074529;2015-01-17 00:00:00;1;NEW YORK;76;6.333333333;Empleado;S;S;2500;389;650;3;398;579;639;679;17772;14589;Call center;Promesa de pago
993;1076761;2018-06-16 00:00:00;0;ATLANTHIC SOUTH;71;0;independiente;S;N;6250;385;1200;1;688;757;710;749;15267;10769;Ninguno;No aplica
994;1047629;2017-01-08 00:00:00;1;NEW YORK;57;0;Pensionado;S;S;9500;210;900;1;466;645;703;611;6062;4515;Correo;No contactado
995;1099615;2014-09-17 00:00:00;1;CHICAGO;45;3.75;Empleado;N;N;9000;1800;2600;2;450;515;692;491;23360;16532;Call center;Promesa de pago
996;1019429;2018-08-20 00:00:00;0;ATLANTHIC SOUTH;33;2.75;independiente;S;S;10000;300;800;3;686;640;630;599;22680;11612;Ninguno;No aplica
997;1010730;2015-09-16 00:00:00;0;NEW YORK;66;5.5;Pensionado;S;S;3900;399,833;650;2;790;737;553;539;11229;7497;Ninguno;No aplica
998;1069685;2017-07-23 00:00:00;0;ATLANTHIC SOUTH;42;12;independiente;S;S;15000;5730;15000;1;732;517;679;803;29025;17082;Ninguno;No aplica
999;1007480;2016-11-01 00:00:00;0;NEW YORK;33;15;Pensionado;S;S;8000;15030;23676;0;671;671;687;833;21509;11813;Ninguno;No aplica
1000;1077531;2019-01-27 00:00:00;0;545454;53;0;independiente;S;S;4000;200;600;1;729;594;483;544;20147;19711;Ninguno;No aplica
1001;1052722;2016-09-08 00:00:00;0;NEW YORK;40;3.333333333;Pensionado;N;S;8000;550;1100;0;770;651;592;786;9632;7703;Ninguno;No aplica
1002;1048673;2015-05-04 00:00:00;1;NEW YORK;58;5;Empleado;S;S;7500;12980;21738;4;546;562;602;806;11288;9757;Whatsapp;Sin gestión
1003;1011727;2016-07-26 00:00:00;0;NEW YORK;33;2.75;independiente;N;S;3000;620;1800;0;703;659;658;529;8596;5653;Ninguno;No aplica
1004;1028386;2018-08-27 00:00:00;1;NEW YORK;50;0;independiente;S;S;2750;800;1800;2;468;547;594;685;16475;11476;Whatsapp;Sin gestión
1005;1034574;2018-09-05 00:00:00;1;NEW ENGALND;70;0;independiente;S;S;7500;387;500;1;535;514;647;668;11168;6907;Call center;Promesa de pago
1006;1018960;2015-01-09 00:00:00;1;NEW YORK;41;0;Empleado;N;S;12000;300;900;0;520;718;635;787;14795;8115;Call center;Promesa de pago
1007;1036875;2018-06-26 00:00:00;0;ATLANTHIC SOUTH;28;2.333333333;Pensionado;N;S;6000;460;750;1;745;792;639;559;12561;7405;Ninguno;No aplica
1008;1058971;2015-06-07 00:00:00;0;ATLANTHIC SOUTH;66;0;Empleado;N;N;1500;1800;8000;0;732;610;600;661;13258;11916;Ninguno;No aplica
1009;1045166;2014-11-09 00:00:00;0;NEW YORK;40;0;Pensionado;S;S;6375;346;700;3;752;775;605;608;21616;18131;Ninguno;No aplica
1010;1025353;2018-05-24 00:00:00;1;NEW YORK;54;0;Empleado;N;N;6400;230;1000;3;473;556;574;763;11371;8795;SMS;Pago parcial
1011;1003569;2019-06-25 00:00:00;0;545454;67;5.583333333;independiente;S;S;7000;350;2000;0;766;688;677;650;25590;18874;Ninguno;No aplica
1012;1039228;2018-03-17 00:00:00;0;NEW YORK;24;6;Empleado;N;N;7500;6328;12280;3;710;676;690;622;19369;18618;Ninguno;No aplica
1013;1039021;2019-07-27 00:00:00;1;NEW YORK;43;5;independiente;N;N;8125;3200;7200;2;604;540;596;701;17910;9606;Call center;Promesa de pago
1014;1079350;2015-06-24 00:00:00;1;NEW YORK;43;0;Pensionado;S;S;5700;200;750;1;466;639;756;903;12943;8287;Call center;Promesa de pago
1015;1073427;2014-04-05 00:00:00;0;NEW YORK;19;1.583333333;independiente;N;S;7500;730;1107;0;787;688;628;632;17199;11609;Ninguno;No aplica
1016;1098223;2015-07-20 00:00:00;1;ATLANTHIC SOUTH;32;7;Empleado;N;S;7500;2682;7080;0;510;551;757;626;20728;18473;SMS;Pago parcial
1017;1014442;2019-02-06 00:00:00;0;ATLANTHIC SOUTH;45;3.75;Pensionado;S;S;11250;400;1600;3;667;602;605;723;28275;28169;Ninguno;No aplica
1018;1007787;2015-10-01 00:00:00;0;545454;34;0;Pensionado;S;N;1950;320;1200;2;676;626;508;657;11738;7281;Ninguno;No aplica
1019;1043072;2015-02-12 00:00:00;0;NEW YORK;39;3.25;independiente;S;S;3900;430;800;0;684;582;678;543;20913;19599;Ninguno;No aplica
1020;1074797;2018-12-15 00:00:00;0;ATLANTHIC SOUTH;63;0;Pensionado;S;S;4000;830;1850;2;721;681;667;871;7472;6839;Ninguno;No aplica
1021;1090109;2017-10-12 00:00:00;1;NEW YORK;36;3;Pensionado;S;S;10000;1200;2400;0;526;508;652;688;24123;14771;Call center;Promesa de pago
1022;1007907;2017-12-31 00:00:00;0;NEW ENGALND;34;14;Pensionado;S;N;13000;25000;30000;0;671;664;605;636;26785;18741;Ninguno;No aplica
1023;1037622;2014-08-13 00:00:00;1;ATLANTHIC SOUTH;35;15;Empleado;N;S;16000;660;1500;0;499;662;648;734;20679;14575;Whatsapp;Sin gestión
1024;1030241;2016-05-10 00:00:00;0;NEW YORK;24;0;Empleado;S;S;6626;335;500;1;807;752;614;826;6761;6687;Ninguno;No aplica
1025;1057265;2018-04-07 00:00:00;0;ATLANTHIC SOUTH;51;4.25;Empleado;S;S;6250;430;2700;4;786;678;629;519;15167;8955;Ninguno;No aplica
1026;1071900;2018-06-05 00:00:00;0;545454;43;3.583333333;Empleado;S;S;2500;350;1460;4;722;675;709;695;15554;13992;Ninguno;No aplica
1027;1095357;2015-06-25 00:00:00;1;NEW YORK;26;2.166666667;independiente;N;S;7500;300;600;2;502;693;663;908;22260;14850;Call center;Promesa de pago
1028;1086860;2015-01-06 00:00:00;1;ATLANTHIC SOUTH;21;0;Empleado;N;N;7000;3000;35850;3;506;611;693;732;19277;16683;Correo;No contactado
1029;1077990;2015-10-02 00:00:00;0;NEW YORK;38;3.166666667;Pensionado;S;S;7500;325;550;0;731;660;634;559;8812;6257;Ninguno;No aplica
1030;1069407;2016-01-20 00:00:00;1;NEW YORK;33;2.75;independiente;S;N;6500;4700;7000;0;449;494;626;664;22844;18028;Whatsapp;Sin gestión
1031;1048462;2018-03-24 00:00:00;0;NEW YORK;43;3.583333333;Empleado;S;S;3900;432,76;554;0;687;704;569;689;23117;21182;Ninguno;No aplica
1032;1056719;2015-07-29 00:00:00;0;ATLANTHIC SOUTH;44;0;independiente;S;N;9000;250;700;0;617;730;624;790;6605;5958;Ninguno;No aplica
1033;1023644;2015-10-16 00:00:00;0;NEW YORK;26;0;Pensionado;N;N;6000;363;636;0;720;642;418;639;10622;9913;Ninguno;No aplica
1034;1081152;2016-11-22 00:00:00;1;ATLANTHIC SOUTH;25;0;independiente;N;N;12500;2425;5750;1;532;597;609;794;11767;6234;SMS;Pago parcial
1035;1047837;2015-02-08 00:00:00;0;NEW YORK;50;0;Empleado;S;S;8750;290;700;0;676;658;644;541;16613;14055;Ninguno;No aplica
1036;1026264;2018-02-08 00:00:00;0;NEW YORK;22;0;independiente;N;S;7500;700;1700;1;779;669;689;540;28370;16171;Ninguno;No aplica
1037;1053573;2018-12-26 00:00:00;0;ATLANTHIC SOUTH;44;0;independiente;N;N;4250;24466;33360;1;639;531;631;627;24901;17628;Ninguno;No aplica
1038;1084211;2014-12-28 00:00:00;0;NEW YORK;53;4.416666667;independiente;S;S;12000;3907,2;4754;0;627;667;674;799;15589;12070;Ninguno;No aplica
1039;1093259;2018-10-15 00:00:00;1;ATLANTHIC SOUTH;41;3.416666667;Empleado;S;N;1866;630;1875;0;511;638;497;726;18918;13269;Whatsapp;Sin gestión
1040;1007629;2016-01-03 00:00:00;0;ATLANTHIC SOUTH;47;3.916666667;independiente;S;S;6250;400;1600;4;752;642;646;696;25119;19086;Ninguno;No aplica
1041;1001890;2015-11-06 00:00:00;1;NEW ENGALND;19;1.583333333;independiente;N;S;10000;500;1500;4;584;583;532;745;18046;18015;SMS;Pago parcial
1042;1069915;2020-04-01 00:00:00;1;NEW YORK;28;0;Empleado;N;S;5000;560;1900;2;477;535;565;820;29818;16925;Correo;No contactado
1043;1096997;2017-04-27 00:00:00;1;ATLANTHIC SOUTH;26;0;Empleado;N;N;10800;640;1420;4;554;602;637;665;7590;6358;Correo;No contactado
1044;1090389;2019-08-20 00:00:00;1;NEW ENGALND;51;0;independiente;S;S;4000;450;1500;1;498;567;739;782;22447;15668;Whatsapp;Sin gestión
1045;1019470;2017-08-12 00:00:00;1;NEW YORK;33;0;independiente;N;N;10000;240;700;1;491;524;676;645;9324;5282;Call center;Promesa de pago
1046;1023336;2016-05-22 00:00:00;1;CHICAGO;56;0;Pensionado;S;S;1500;564;980;2;544;660;651;898;15787;9146;Whatsapp;Sin gestión
1047;1074635;2016-06-27 00:00:00;0;NEW YORK;59;0;Empleado;S;S;11250;152,5;600;1;733;736;649;598;14111;13753;Ninguno;No aplica
1048;1041863;2019-09-19 00:00:00;1;ATLANTHIC SOUTH;42;0;Pensionado;S;S;7500;650;1780;2;421;544;600;641;10342;9719;Whatsapp;Sin gestión
1049;1010710;2020-05-28 00:00:00;0;ATLANTHIC SOUTH;76;0;Pensionado;S;S;2500;300;650;0;774;710;612;719;21389;20395;Ninguno;No aplica
1050;1019018;2020-01-10 00:00:00;1;NEW ENGALND;45;0;Pensionado;S;S;6500;700;1800;0;569;612;680;727;28873;28751;Correo;No contactado
1051;1032867;2018-07-08 00:00:00;0;NEW YORK;34;0;Empleado;S;S;5000;520;720;3;669;719;553;699;13659;8252;Ninguno;No aplica
1052;1068643;2018-03-14 00:00:00;1;ATLANTHIC SOUTH;57;0;independiente;N;S;11200;625;1400;3;520;478;692;740;19043;12906;SMS;Pago parcial
1053;1013356;2017-02-25 00:00:00;1;NEW YORK;32;0;independiente;S;N;11800;700;1100;0;525;640;623;622;29579;24687;Whatsapp;Sin gestión
1054;1076815;2019-06-26 00:00:00;0;CHICAGO;62;0;Empleado;N;S;4500;500;800;0;713;646;708;815;27350;20291;Ninguno;No aplica
1055;1089823;2015-12-06 00:00:00;1;NEW ENGALND;35;0;independiente;N;S;8800;600;2250;0;472;559;717;800;13837;9813;Call center;Promesa de pago
1056;1080757;2020-03-17 00:00:00;0;ATLANTHIC SOUTH;50;0;Pensionado;S;S;2000;259;800;4;666;838;533;792;5117;3474;Ninguno;No aplica
1057;1051847;2020-05-03 00:00:00;0;NEW YORK;66;0;independiente;S;S;8100;365;700;0;699;698;609;622;18917;15075;Ninguno;No aplica
1058;1061229;2015-04-09 00:00:00;0;NEW YORK;36;0;Empleado;S;S;6000;400;920;1;759;657;590;707;23935;18856;Ninguno;No aplica
1059;1019094;2016-01-23 00:00:00;1;545454;47;0;Empleado;S;S;10000;750;2000;1;527;448;523;738;19309;11213;Correo;No contactado
1060;1092920;2019-12-21 00:00:00;0;545454;38;0;Pensionado;S;S;7500;760;2100;4;681;763;578;772;18234;13418;Ninguno;No aplica
1061;1017581;2017-01-22 00:00:00;1;NEW YORK;50;0;Empleado;N;S;12250;230;800;0;539;499;821;824;10560;8202;Whatsapp;Sin gestión
1062;1070567;2018-08-11 00:00:00;0;NEW YORK;33;0;independiente;N;N;12800;1204,795;2114,33;0;558;620;693;687;25673;20157;Ninguno;No aplica
1063;1072533;2016-07-16 00:00:00;1;NEW YORK;45;0;independiente;S;S;5000;600;1100;0;557;560;784;583;5846;3537;Whatsapp;Sin gestión
1064;1028363;2016-04-02 00:00:00;0;ATLANTHIC SOUTH;55;0;Pensionado;S;S;5000;390;900;0;613;765;708;830;15954;13898;Ninguno;No aplica
1065;1033361;2016-11-20 00:00:00;1;NEW YORK;44;0;Pensionado;S;S;4375;480;750;1;482;626;598;770;18703;9587;Call center;Promesa de pago
1066;1045650;2015-06-20 00:00:00;0;NEW YORK;43;0;Empleado;S;S;4375;800;2050;1;644;671;623;615;20385;13809;Ninguno;No aplica
1067;1037985;2015-06-26 00:00:00;1;ATLANTHIC SOUTH;22;0;Empleado;S;S;6000;642,083;1835,417;4;435;598;691;757;18746;16686;Whatsapp;Sin gestión
1068;1041454;2019-10-04 00:00:00;0;NEW ENGALND;45;0;Pensionado;N;S;10000;500;1000;2;758;644;681;534;27700;21660;Ninguno;No aplica
1069;1026107;2018-10-13 00:00:00;0;NEW ENGALND;55;0;Empleado;S;S;7200;350;1000;3;677;688;610;765;11469;7232;Ninguno;No aplica
1070;1064122;2017-12-29 00:00:00;0;CHICAGO;27;0;independiente;N;S;1500;600;1000;1;717;684;544;538;14333;12147;Ninguno;No aplica
1071;1048098;2019-01-18 00:00:00;0;NEW YORK;32;0;Pensionado;S;S;10000;360;1300;2;698;738;880;650;21608;16934;Ninguno;No aplica
1072;1069129;2018-05-26 00:00:00;0;NEW YORK;26;0;Empleado;N;S;12375;250;800;0;724;738;640;692;17819;16004;Ninguno;No aplica
1073;1043962;2016-05-02 00:00:00;1;CHICAGO;29;0;Pensionado;S;S;9000;600;1100;3;504;610;627;813;9208;7988;Whatsapp;Sin gestión
1074;1080212;2015-12-25 00:00:00;1;CHICAGO;43;0;Pensionado;S;S;6250;450;700;3;436;558;658;730;11283;9083;Whatsapp;Sin gestión
1075;1089641;2019-02-18 00:00:00;0;NEW YORK;73;0;Pensionado;S;S;3750;571,083;847,21;2;750;725;633;727;7048;5244;Ninguno;No aplica
1076;1018664;2018-08-31 00:00:00;0;545454;60;0;Pensionado;S;N;7500;308,5;1320;4;675;674;659;667;11233;6365;Ninguno;No aplica
1077;1092520;2019-05-04 00:00:00;1;NEW ENGALND;52;0;independiente;S;N;5400;1400;2200;3;422;515;740;717;17941;11315;Whatsapp;Sin gestión
1078;1059791;2015-05-19 00:00:00;0;ATLANTHIC SOUTH;50;0;Empleado;S;S;11250;490;1200;2;679;656;641;678;17607;12493;Ninguno;No aplica
1079;1016646;2015-03-06 00:00:00;0;ATLANTHIC SOUTH;44;0;independiente;N;S;12000;1100;1800;0;775;685;569;653;14765;11807;Ninguno;No aplica
1080;1031323;2016-01-10 00:00:00;1;ATLANTHIC SOUTH;24;0;Empleado;N;S;7200;386,667;733,333;0;543;635;639;568;6828;5168;Call center;Promesa de pago
1081;1073181;2016-05-28 00:00:00;0;NEW ENGALND;29;0;independiente;N;S;12000;530;1700;0;683;669;617;601;6917;4455;Ninguno;No aplica
1082;1037296;2020-06-06 00:00:00;0;ATLANTHIC SOUTH;34;0;Empleado;S;S;10000;1000;2150;0;683;607;750;692;25618;12892;Ninguno;No aplica
1083;1052845;2019-05-09 00:00:00;0;NEW YORK;53;0;Empleado;S;S;10800;600;1000;1;684;683;732;648;11988;8968;Ninguno;No aplica
1084;1026182;2020-01-02 00:00:00;0;NEW YORK;36;0;Empleado;S;N;10000;750;1500;3;804;687;658;656;23410;15048;Ninguno;No aplica
1085;1028743;2020-02-26 00:00:00;0;CHICAGO;54;0;Empleado;S;S;3750;900;1400;0;719;691;560;641;19594;16994;Ninguno;No aplica
1086;1014959;2017-01-16 00:00:00;0;545454;35;0;independiente;S;S;10000;500;1000;1;722;735;564;592;25128;12865;Ninguno;No aplica
1087;1049062;2015-08-21 00:00:00;0;ATLANTHIC SOUTH;57;0;Pensionado;N;S;11875;580;2800;0;752;741;651;626;17977;14245;Ninguno;No aplica
1088;1080162;2018-10-25 00:00:00;1;NEW YORK;26;0;Pensionado;S;S;3750;494;1500;1;512;544;674;692;5009;4862;Whatsapp;Sin gestión
1089;1021841;2017-05-25 00:00:00;0;NEW ENGALND;46;0;independiente;S;S;12500;1050;2380;3;687;643;624;670;21644;12709;Ninguno;No aplica
1090;1053343;2019-12-29 00:00:00;1;NEW ENGALND;27;5;Empleado;N;N;15300;13346;35350;0;490;518;616;755;27422;20178;Whatsapp;Sin gestión
1091;1063977;2016-12-14 00:00:00;1;NEW YORK;37;0;Empleado;N;S;6625;265;1396;0;496;622;609;704;14865;8112;Whatsapp;Sin gestión
1092;1080926;2016-06-27 00:00:00;0;NEW YORK;32;0;Pensionado;S;S;6375;220;788;0;698;767;648;577;7219;5868;Ninguno;No aplica
1093;1093864;2016-05-18 00:00:00;0;ATLANTHIC SOUTH;36;0;Empleado;S;S;5000;835;1500;0;736;661;483;544;12041;9335;Ninguno;No aplica
1094;1011351;2016-10-20 00:00:00;0;NEW YORK;51;0;Pensionado;N;S;11875;300;1008,332;3;703;666;573;904;23444;16497;Ninguno;No aplica
1095;1058620;2015-04-10 00:00:00;1;NEW YORK;37;0;Pensionado;S;S;12375;600;1000;3;537;668;606;618;10287;7825;Correo;No contactado
1096;1016256;2019-02-25 00:00:00;1;NEW YORK;36;0;Empleado;N;S;12375;580;1785;2;496;610;735;673;6619;6277;Call center;Promesa de pago
1097;1013861;2018-08-09 00:00:00;0;NEW YORK;26;0;Empleado;N;S;12375;480;1650;3;704;706;593;717;13512;8082;Ninguno;No aplica
1098;1049032;2020-04-21 00:00:00;0;ATLANTHIC SOUTH;79;0;Pensionado;S;S;10000;1300;3000;1;600;609;663;702;6342;3243;Ninguno;No aplica
1099;1039109;2017-09-06 00:00:00;1;545454;46;0;independiente;S;S;12000;630;1300;2;546;621;666;767;15568;14491;Correo;No contactado
1100;1094809;2017-05-18 00:00:00;1;NEW ENGALND;23;5;independiente;N;N;13500;13147;30510;3;517;524;741;680;24216;19096;Correo;No contactado
1101;1097583;2019-09-29 00:00:00;1;NEW YORK;65;0;Pensionado;N;S;5375;485;1410;0;550;512;738;741;24208;22885;Call center;Promesa de pago
1102;1061315;2020-08-15 00:00:00;0;NEW YORK;27;0;Empleado;S;S;8500;202;700;3;555;659;646;676;23378;18667;Ninguno;No aplica
1103;1026312;2019-10-07 00:00:00;0;545454;39;0;Pensionado;S;S;14000;320;2000;0;804;645;617;642;19231;17406;Ninguno;No aplica
1104;1058448;2019-03-28 00:00:00;0;NEW YORK;29;0;Pensionado;S;N;13300;430;1500;2;693;667;604;692;8490;6069;Ninguno;No aplica
1105;1027169;2015-08-08 00:00:00;0;NEW YORK;46;0;Empleado;S;S;9125;510;1720;4;755;594;633;765;14310;12520;Ninguno;No aplica
1106;1025068;2018-04-14 00:00:00;1;NEW ENGALND;55;0;Pensionado;S;S;3000;195;1430;0;448;638;620;718;12984;12419;Correo;No contactado
1107;1057747;2020-07-09 00:00:00;1;ATLANTHIC SOUTH;46;0;independiente;S;S;8550;400;2000;0;531;648;689;719;22988;18070;Correo;No contactado
1108;1031947;2016-11-30 00:00:00;0;NEW YORK;52;0;independiente;S;N;2500;450;800;2;647;563;679;766;17219;10166;Ninguno;No aplica
1109;1077782;2015-03-31 00:00:00;0;CHICAGO;49;0;Pensionado;S;S;10000;700;1485;0;669;739;691;757;5235;3321;Ninguno;No aplica
1110;1065328;2015-05-12 00:00:00;0;CHICAGO;30;0;Empleado;N;S;4750;806,8;950;0;796;631;738;813;15161;9086;Ninguno;No aplica
1111;1044898;2017-12-14 00:00:00;0;ATLANTHIC SOUTH;27;0;Pensionado;N;S;7360;250;1950;3;690;731;780;512;6908;4307;Ninguno;No aplica
1112;1049724;2018-03-02 00:00:00;0;ATLANTHIC SOUTH;67;0;Empleado;N;N;7500;607;1800;0;711;676;659;751;13567;8862;Ninguno;No aplica
1113;1049679;2019-08-07 00:00:00;0;ATLANTHIC SOUTH;60;0;Empleado;S;S;8750;250;900;0;744;682;727;724;8530;6633;Ninguno;No aplica
1114;1013513;2015-09-06 00:00:00;1;ATLANTHIC SOUTH;39;0;Pensionado;S;S;15289;1000;2500;2;525;569;625;640;10256;8143;Correo;No contactado
1115;1041201;2018-03-16 00:00:00;1;NEW ENGALND;40;15;independiente;S;N;15400;11840;37632;1;508;653;733;743;24019;17132;Call center;Promesa de pago
1116;1052084;2015-07-25 00:00:00;1;NEW ENGALND;29;5;Empleado;N;N;13500;6790;27900;0;518;506;724;815;13162;10631;Whatsapp;Sin gestión
1117;1073360;2019-06-24 00:00:00;1;ATLANTHIC SOUTH;42;0;independiente;N;S;7500;445;1380;0;620;616;721;645;23944;12949;SMS;Pago parcial
1118;1024323;2018-06-23 00:00:00;1;ATLANTHIC SOUTH;34;0;independiente;S;S;7500;734;1998;1;497;646;657;760;10415;5665;SMS;Pago parcial
1119;1035504;2015-08-23 00:00:00;0;NEW ENGALND;23;0;Empleado;S;S;12750;500;1230;1;710;723;603;748;8391;4916;Ninguno;No aplica
1120;1027579;2015-07-21 00:00:00;0;NEW ENGALND;50;0;Empleado;S;S;7000;500;1400;0;753;819;552;574;16157;12264;Ninguno;No aplica
1121;1060964;2016-10-19 00:00:00;0;NEW YORK;66;0;Pensionado;S;S;7500;365;2000;0;755;648;647;657;10951;6647;Ninguno;No aplica
1122;1021376;2017-10-10 00:00:00;1;NEW ENGALND;29;8;Pensionado;S;N;15300;13860;45600;2;559;637;757;747;26852;17229;Call center;Promesa de pago
1123;1038947;2019-01-14 00:00:00;0;ATLANTHIC SOUTH;57;0;Empleado;S;S;6250;750;1850;3;732;674;628;598;13007;9107;Ninguno;No aplica
1124;1055197;2016-10-18 00:00:00;0;ATLANTHIC SOUTH;46;0;independiente;S;S;6250;595;1850;2;643;754;705;591;14064;12741;Ninguno;No aplica
1125;1073209;2020-06-04 00:00:00;1;ATLANTHIC SOUTH;29;0;Pensionado;S;S;10000;700;1650;0;582;580;709;708;27797;14091;SMS;Pago parcial
1126;1090666;2020-08-25 00:00:00;0;545454;30;10;independiente;N;N;12000;3500;8400;1;643;657;630;742;28325;23359;Ninguno;No aplica
1127;1028748;2018-05-14 00:00:00;1;NEW YORK;37;0;Empleado;S;S;5000;887;1217;3;515;658;742;778;26204;21866;Call center;Promesa de pago
1128;1091303;2019-09-08 00:00:00;0;545454;25;0;independiente;S;N;12000;400;1250;0;662;651;446;592;20524;18458;Ninguno;No aplica
1129;1037946;2019-05-16 00:00:00;1;CHICAGO;34;0;Empleado;N;S;11700;600;1000;0;497;495;564;779;24282;23466;Call center;Promesa de pago
1130;1034237;2017-12-10 00:00:00;1;CHICAGO;23;0;Pensionado;N;N;11250;300;900;1;516;549;586;645;28930;14756;SMS;Pago parcial
1131;1047947;2015-09-27 00:00:00;1;CHICAGO;28;0;Empleado;N;N;17500;513;1550;1;516;617;593;575;5077;2929;Correo;No contactado
1132;1082940;2016-01-17 00:00:00;1;NEW YORK;58;0;Empleado;S;S;3750;272;780;0;521;664;674;687;12577;11861;Whatsapp;Sin gestión
1133;1084562;2019-01-24 00:00:00;1;NEW ENGALND;57;0;Pensionado;S;S;8700;1500;2600;3;581;587;670;821;25611;18677;SMS;Pago parcial
1134;1088621;2020-05-22 00:00:00;1;ATLANTHIC SOUTH;34;0;Empleado;S;S;11200;470;1650;0;523;659;678;779;21984;17198;SMS;Pago parcial
1135;1003014;2019-04-27 00:00:00;0;NEW ENGALND;33;5;independiente;N;N;15300;614;1380;2;688;599;692;670;19060;15849;Ninguno;No aplica
1136;1066520;2020-01-17 00:00:00;1;ATLANTHIC SOUTH;55;0;Empleado;N;S;9000;308;2000;3;548;553;583;682;22449;18847;SMS;Pago parcial
1137;1035810;2019-12-09 00:00:00;1;545454;27;5;Pensionado;S;N;15000;3500;27360;2;559;563;565;685;23520;22717;SMS;Pago parcial
1138;1063134;2020-04-12 00:00:00;0;NEW ENGALND;36;0;Pensionado;S;S;9600;450;1300;1;639;673;678;680;15535;15511;Ninguno;No aplica
1139;1002493;2015-07-19 00:00:00;1;NEW ENGALND;45;0;Pensionado;N;N;7000;460;980;0;530;585;606;624;14510;12480;Call center;Promesa de pago
1140;1010189;2017-01-20 00:00:00;0;NEW YORK;39;0;Empleado;N;S;11250;550;1100;0;735;721;540;639;11943;7687;Ninguno;No aplica
1141;1067341;2019-10-29 00:00:00;0;ATLANTHIC SOUTH;60;40;Empleado;S;S;15000;21200;35400;3;685;653;718;651;16954;15935;Ninguno;No aplica
1142;1060843;2015-04-23 00:00:00;1;545454;64;0;Pensionado;N;S;7500;250;1000;3;569;588;748;598;12804;6717;Call center;Promesa de pago
1143;1043763;2015-10-26 00:00:00;1;CHICAGO;48;0;Empleado;S;S;7000;600;1000;0;492;577;759;645;11565;7119;Whatsapp;Sin gestión
1144;1007374;2015-04-20 00:00:00;1;NEW ENGALND;28;10;Pensionado;S;N;18000;9235;35370;0;506;524;663;757;10984;10420;Whatsapp;Sin gestión
1145;1013164;2016-08-10 00:00:00;0;NEW YORK;32;0;Empleado;S;S;5000;500;900;1;691;673;694;671;26526;16661;Ninguno;No aplica
1146;1072200;2019-05-07 00:00:00;0;ATLANTHIC SOUTH;35;0;independiente;S;S;7500;625;2050;1;701;671;746;642;9670;5902;Ninguno;No aplica
1147;1086851;2015-10-04 00:00:00;0;545454;55;0;Pensionado;S;S;8750;125;600;3;645;670;605;588;23574;13415;Ninguno;No aplica
1148;1077829;2015-05-25 00:00:00;1;NEW YORK;40;0;independiente;S;N;12600;500;1000;0;428;582;728;862;14184;13185;SMS;Pago parcial
1149;1037881;2016-08-26 00:00:00;1;NEW YORK;40;10;independiente;S;S;18750;21115;35128;4;580;585;669;645;24096;18073;SMS;Pago parcial
1150;1092600;2018-07-31 00:00:00;1;ATLANTHIC SOUTH;39;0;independiente;S;S;6500;300;1400;0;458;554;714;743;7192;6023;SMS;Pago parcial
1151;1099646;2020-09-15 00:00:00;1;ATLANTHIC SOUTH;41;10;Pensionado;S;S;12500;1560;7500;0;450;656;663;676;6248;3871;Whatsapp;Sin gestión
1152;1057307;2014-07-11 00:00:00;1;NEW YORK;61;0;independiente;N;S;6000;600;800;3;392;510;741;723;16246;14281;SMS;Pago parcial
1153;1091009;2017-08-25 00:00:00;1;545454;41;0;Empleado;S;S;8750;200;1300;0;468;537;666;761;17790;15655;Correo;No contactado
1154;1098280;2015-03-06 00:00:00;0;NEW YORK;46;0;independiente;S;N;11250;650;1800;3;634;847;546;547;25417;16681;Ninguno;No aplica
1155;1054305;2015-01-07 00:00:00;1;NEW YORK;45;0;independiente;S;N;7500;250;800;1;582;518;752;719;23381;16492;Whatsapp;Sin gestión
1156;1073224;2016-07-31 00:00:00;1;NEW YORK;69;50;Pensionado;S;S;3100;2816;8800;4;550;499;584;827;8687;5254;Correo;No contactado
1157;1022340;2015-10-13 00:00:00;1;NEW YORK;45;0;Pensionado;S;S;6400;300;800;4;466;624;738;879;9018;8912;SMS;Pago parcial
1158;1040804;2019-07-16 00:00:00;1;ATLANTHIC SOUTH;33;0;Empleado;S;S;10000;620;1600;3;613;455;644;708;16302;13413;Call center;Promesa de pago
1159;1083039;2016-09-23 00:00:00;0;NEW YORK;51;29.16666667;independiente;N;N;2500;7000;14360;4;749;666;732;674;6970;6742;Ninguno;No aplica
1160;1008743;2016-12-24 00:00:00;1;NEW YORK;46;3.833333333;Pensionado;S;N;4800;300;500;0;484;709;729;919;13389;8726;Correo;No contactado
1161;1021356;2016-11-08 00:00:00;0;545454;36;0;Empleado;S;N;6250;544;1500;1;575;587;680;772;27149;24188;Ninguno;No aplica
1162;1022254;2016-11-05 00:00:00;0;NEW ENGALND;33;15;Empleado;S;S;5000;3300;20980;3;815;561;686;614;22586;19942;Ninguno;No aplica
1163;1011918;2018-01-14 00:00:00;0;ATLANTHIC SOUTH;54;0;Pensionado;N;S;6250;737;1876;0;631;590;680;614;29519;24968;Ninguno;No aplica
1164;1085070;2017-10-07 00:00:00;1;NEW YORK;51;0;independiente;S;N;4800;200;460;4;418;634;509;806;26951;26488;Whatsapp;Sin gestión
1165;1085901;2016-01-05 00:00:00;0;545454;60;0;independiente;S;N;6000;393;1500;1;751;747;658;579;29051;20242;Ninguno;No aplica
1166;1059415;2014-05-16 00:00:00;0;NEW YORK;33;0;independiente;S;S;11250;501,725;1362,9;3;822;649;572;768;20374;11519;Ninguno;No aplica
1167;1022311;2018-01-26 00:00:00;0;NEW YORK;40;0;Pensionado;S;S;5000;460;800;4;769;721;662;700;27126;22673;Ninguno;No aplica
1168;1080749;2014-08-14 00:00:00;1;CHICAGO;30;0;independiente;S;S;3750;250;800;0;528;663;570;767;10788;9328;Correo;No contactado
1169;1039305;2018-04-23 00:00:00;1;ATLANTHIC SOUTH;70;0;independiente;S;N;5000;450;1100;0;530;687;567;697;10408;8197;Whatsapp;Sin gestión
1170;1021913;2014-07-11 00:00:00;0;NEW YORK;31;0;Empleado;N;S;4375;700;1400;0;743;665;762;613;14446;8717;Ninguno;No aplica
1171;1092027;2018-08-29 00:00:00;0;NEW YORK;57;0;independiente;S;S;10000;150;420;0;738;542;725;802;5922;4455;Ninguno;No aplica
1172;1011884;2019-08-19 00:00:00;0;NEW YORK;42;0;Empleado;S;S;10400;590;1000;3;714;631;650;648;5419;3555;Ninguno;No aplica
1173;1032183;2016-09-30 00:00:00;0;CHICAGO;53;4.416666667;Pensionado;N;N;4000;600;1200;1;705;654;663;633;23588;16836;Ninguno;No aplica
1174;1075284;2015-10-27 00:00:00;1;NEW YORK;31;0;Empleado;S;S;7500;748,585;1051,767;4;497;564;633;713;15789;12988;SMS;Pago parcial
1175;1065220;2014-08-28 00:00:00;0;NEW YORK;59;40;independiente;S;N;6250;5420;20000;1;662;669;690;687;6120;5340;Ninguno;No aplica
1176;1068141;2014-10-10 00:00:00;0;ATLANTHIC SOUTH;68;0;Pensionado;S;S;7000;600;1600;0;686;747;603;577;16260;10018;Ninguno;No aplica
1177;1073058;2018-03-23 00:00:00;0;ATLANTHIC SOUTH;42;0;independiente;S;S;11250;800;3600;1;615;756;720;619;22334;15693;Ninguno;No aplica
1178;1026475;2014-04-27 00:00:00;1;ATLANTHIC SOUTH;26;8;independiente;S;S;12500;3000;14000;0;495;570;632;664;7336;4655;Correo;No contactado
1179;1073494;2018-11-14 00:00:00;0;NEW YORK;49;20;independiente;N;N;7500;8200;13200;1;651;746;621;746;10373;6217;Ninguno;No aplica
1180;1047122;2016-03-02 00:00:00;1;545454;29;0;independiente;S;N;4500;700;1500;0;445;601;652;640;7243;6459;Call center;Promesa de pago
1181;1015941;2019-08-01 00:00:00;1;NEW YORK;33;0;Pensionado;S;S;6750;130;700;1;509;584;609;562;24029;22939;Correo;No contactado
1182;1098329;2018-07-04 00:00:00;1;NEW ENGALND;78;f;Empleado;N;S;8000;14330;37945;0;570;634;673;543;9612;6585;Call center;Promesa de pago
1183;1071982;2015-09-04 00:00:00;0;ATLANTHIC SOUTH;30;12;Empleado;N;S;12500;4040;9760;3;746;684;612;538;18946;16590;Ninguno;No aplica
1184;1076934;2018-12-05 00:00:00;0;ATLANTHIC SOUTH;36;0;Pensionado;N;S;6250;300;600;0;621;803;683;793;23249;22052;Ninguno;No aplica
1185;1027377;2017-01-14 00:00:00;0;NEW ENGALND;61;41;Empleado;S;S;3750;6780;14400;1;651;594;735;671;16104;14865;Ninguno;No aplica
1186;1087481;2016-09-23 00:00:00;1;ATLANTHIC SOUTH;45;3;independiente;S;S;8750;13000;27900;0;547;549;600;765;18429;10899;Whatsapp;Sin gestión
1187;1047759;2016-03-11 00:00:00;1;NEW YORK;55;0;Pensionado;S;S;8750;576;700;0;451;572;641;768;27412;26813;SMS;Pago parcial
1188;1071218;2016-08-26 00:00:00;1;NEW ENGALND;53;40;Empleado;S;S;4800;13362;21416;0;489;606;682;725;28710;19762;SMS;Pago parcial
1189;1079739;2015-12-10 00:00:00;1;NEW YORK;42;0;Pensionado;S;S;6000;476;1000;2;528;656;619;713;11371;7614;Call center;Promesa de pago
1190;1074971;2016-03-06 00:00:00;0;NEW YORK;62;0;independiente;S;N;8000;580;850;4;652;679;683;764;11359;6034;Ninguno;No aplica
1191;1031008;2019-09-06 00:00:00;0;NEW YORK;30;0;independiente;S;S;3800;210;930;0;705;595;689;683;12863;9558;Ninguno;No aplica
1192;1029622;2017-09-07 00:00:00;1;545454;37;0;Empleado;S;N;4000;746;1205;1;433;631;726;846;8228;4562;Whatsapp;Sin gestión
1193;1019370;2014-06-19 00:00:00;0;ATLANTHIC SOUTH;21;2;Pensionado;N;S;12000;2600;9600;0;670;725;608;726;25103;15671;Ninguno;No aplica
1194;1075324;2018-11-03 00:00:00;0;NEW YORK;28;0;Empleado;S;N;11400;240;1020;3;716;563;584;614;19382;12762;Ninguno;No aplica
1195;1073200;2017-07-27 00:00:00;1;NEW YORK;27;0;Pensionado;N;N;10000;800;1100;3;420;580;628;675;23755;21484;SMS;Pago parcial
1196;1068363;2016-11-11 00:00:00;0;NEW YORK;38;0;Pensionado;S;N;3500;889;1448;0;722;585;582;605;7891;7400;Ninguno;No aplica
1197;1071468;2016-02-08 00:00:00;0;NEW YORK;59;0;Pensionado;N;S;8750;150;800;3;699;640;690;780;8756;5702;Ninguno;No aplica
1198;1099839;2019-03-13 00:00:00;1;ATLANTHIC SOUTH;44;0;Empleado;N;N;5000;420;2000;0;528;526;569;684;25609;23800;Whatsapp;Sin gestión
1199;1004868;2018-09-04 00:00:00;0;ATLANTHIC SOUTH;41;0;independiente;N;S;10000;14280;22400;4;711;729;813;598;20770;19287;Ninguno;No aplica
1200;1035356;2015-09-05 00:00:00;0;NEW YORK;42;0;independiente;S;S;7500;642;1161,5;0;768;687;741;699;21478;18951;Ninguno;No aplica
1201;1032650;2016-10-19 00:00:00;0;NEW YORK;63;0;independiente;S;S;5400;200;740;1;706;603;651;661;7674;4400;Ninguno;No aplica
1202;1018904;2015-04-17 00:00:00;0;ATLANTHIC SOUTH;59;30;Pensionado;N;S;15000;38338;49896;4;679;733;711;697;11898;10056;Ninguno;No aplica
1203;1027056;2016-06-25 00:00:00;1;ATLANTHIC SOUTH;45;0;Empleado;S;N;13000;450;540;0;506;494;535;890;15147;14731;Call center;Promesa de pago
1204;1071772;2016-07-05 00:00:00;1;NEW YORK;59;35;Empleado;S;S;7500;4610;9700;2;527;600;827;802;5793;4873;Call center;Promesa de pago
1205;1034573;2019-02-19 00:00:00;1;545454;39;3.25;Pensionado;N;S;4200;300;700;0;502;531;609;722;7116;4738;Correo;No contactado
1206;1035496;2014-12-21 00:00:00;1;545454;33;0;Empleado;S;N;5100;600;1300;3;502;558;642;593;10779;8087;SMS;Pago parcial
1207;1052476;2017-08-03 00:00:00;1;NEW YORK;24;0;Pensionado;S;N;8019;310;500;0;465;610;520;675;17298;14234;SMS;Pago parcial
1208;1053344;2016-06-07 00:00:00;0;545454;25;2.083333333;Pensionado;N;S;6400;330;810;0;667;711;684;734;19153;14466;Ninguno;No aplica
1209;1070325;2015-11-02 00:00:00;0;NEW YORK;34;0;independiente;S;N;1615;338;550;4;630;760;573;565;16111;9022;Ninguno;No aplica
1210;1022538;2018-06-17 00:00:00;0;ATLANTHIC SOUTH;58;0;Empleado;N;N;5400;13180;24700;2;787;675;657;863;15789;10358;Ninguno;No aplica
1211;1099963;2014-06-09 00:00:00;0;545454;70;0;Pensionado;S;S;8000;858;2663;0;638;698;612;671;16397;14777;Ninguno;No aplica
1212;1023829;2016-06-29 00:00:00;1;NEW YORK;58;0;Empleado;S;S;3750;300;480;0;465;554;575;724;17999;16752;Correo;No contactado
1213;1097154;2014-05-13 00:00:00;0;545454;53;0;Pensionado;S;N;12000;1100;2250;2;664;691;594;610;27550;15666;Ninguno;No aplica
1214;1034460;2019-10-16 00:00:00;1;545454;38;0;independiente;S;N;10000;265;1750;2;545;606;666;765;5814;5676;Call center;Promesa de pago
1215;1063199;2017-12-13 00:00:00;1;545454;57;0;Empleado;S;N;7500;515;1150;1;485;574;560;616;21729;14437;Call center;Promesa de pago
1216;1011002;2017-11-06 00:00:00;1;NEW YORK;71;24;Empleado;N;S;10285;340;1250;4;562;472;598;915;15541;12917;Call center;Promesa de pago
1217;1001518;2018-04-23 00:00:00;0;NEW YORK;28;0;independiente;S;S;9600;410;850;0;666;700;696;789;29938;26223;Ninguno;No aplica
1218;1020025;2017-04-16 00:00:00;1;545454;60;5;Pensionado;S;S;8000;300;800;4;514;602;832;809;7443;6743;Call center;Promesa de pago
1219;1058733;2015-08-29 00:00:00;0;NEW YORK;73;30;Pensionado;N;S;11250;13660;18200;3;658;639;683;545;15457;15038;Ninguno;No aplica
1220;1057498;2015-11-22 00:00:00;1;NEW YORK;53;0;independiente;S;N;6000;538,676;855,333;0;607;503;586;738;15380;10096;Whatsapp;Sin gestión
1221;1078235;2019-07-20 00:00:00;1;ATLANTHIC SOUTH;66;0;Empleado;S;N;10000;9000;19000;3;441;669;624;829;12783;11879;SMS;Pago parcial
1222;1059604;2019-01-19 00:00:00;1;NEW YORK;55;0;independiente;S;N;2519;300;500;4;515;609;652;773;16473;9321;SMS;Pago parcial
1223;1063991;2019-03-09 00:00:00;1;NEW YORK;34;0;independiente;S;N;5100;270;600;3;532;566;626;630;22368;19069;Call center;Promesa de pago
1224;1073921;2014-11-02 00:00:00;1;CHICAGO;58;0;Empleado;S;S;7500;330;1000;0;521;512;713;661;20328;17705;Call center;Promesa de pago
1225;1027873;2017-02-04 00:00:00;1;NEW YORK;78;0;Empleado;S;S;6500;400;1000;0;491;531;665;679;29174;24473;Call center;Promesa de pago
1226;1044335;2015-04-08 00:00:00;1;NEW YORK;68;0;Empleado;S;N;5000;2250,854;3492,65;0;494;658;714;666;5827;3649;SMS;Pago parcial
1227;1016589;2018-06-06 00:00:00;0;ATLANTHIC SOUTH;31;0;Pensionado;S;S;6250;390;1000;0;702;688;628;808;24915;23333;Ninguno;No aplica
1228;1078503;2015-10-07 00:00:00;1;NEW YORK;54;0;independiente;N;S;9500;580;2300;2;493;547;743;547;12147;7099;SMS;Pago parcial
1229;1089043;2015-07-30 00:00:00;0;NEW YORK;48;0;Empleado;S;S;7500;820;1050;0;748;711;638;729;9451;4979;Ninguno;No aplica
1230;1008426;2017-06-27 00:00:00;0;ATLANTHIC SOUTH;21;0;Pensionado;S;N;5000;246;750;0;811;631;582;554;20343;17469;Ninguno;No aplica
1231;1093850;2015-08-23 00:00:00;0;NEW YORK;39;0;Pensionado;S;S;10000;650;1200;0;672;770;802;583;18635;13748;Ninguno;No aplica
1232;1010384;2016-09-15 00:00:00;1;545454;37;0;Empleado;S;N;6250;250;1200;1;432;661;522;539;25260;23354;Call center;Promesa de pago
1233;1097177;2016-06-21 00:00:00;1;CHICAGO;28;0;Empleado;N;S;7700;330;750;0;496;552;598;671;10959;7580;Whatsapp;Sin gestión
1234;1012963;2019-04-14 00:00:00;1;NEW ENGALND;44;0;Empleado;N;S;6170;806,25;1025,1;0;629;542;606;856;5126;2994;Correo;No contactado
1235;1042114;2015-06-14 00:00:00;0;ATLANTHIC SOUTH;35;0;Pensionado;N;S;3750;488;1200;0;660;523;826;694;24561;22552;Ninguno;No aplica
1236;1025552;2016-04-20 00:00:00;0;545454;23;0;Empleado;N;S;10000;353,333;950;0;782;591;776;562;13795;10684;Ninguno;No aplica
1237;1006220;2016-05-15 00:00:00;1;545454;24;0;Pensionado;N;S;6250;300;800;0;584;500;755;812;16641;9895;Correo;No contactado
1238;1019873;2016-08-03 00:00:00;1;NEW YORK;56;0;Empleado;N;S;1875;210;570;4;472;588;627;831;27408;23576;Correo;No contactado
1239;1082900;2015-09-03 00:00:00;0;NEW YORK;39;0;Pensionado;S;S;5000;400;650;3;728;660;820;679;26493;20017;Ninguno;No aplica
1240;1082295;2016-11-07 00:00:00;0;NEW YORK;29;0;Empleado;S;S;7000;868;1015;0;781;599;676;853;25530;20479;Ninguno;No aplica
1241;1039787;2016-08-24 00:00:00;0;ATLANTHIC SOUTH;25;0;independiente;S;S;7500;345;800;4;681;663;718;744;12196;8909;Ninguno;No aplica
1242;1037099;2018-09-08 00:00:00;1;CHICAGO;40;0;Empleado;N;S;4250;830;1200;0;490;610;663;781;16559;15141;SMS;Pago parcial
1243;1044348;2020-08-06 00:00:00;1;545454;39;0;independiente;S;S;10000;530;1575;0;471;612;647;648;8368;7655;SMS;Pago parcial
1244;1088968;2015-07-25 00:00:00;1;NEW YORK;67;0;Empleado;N;S;10500;400;800;4;449;466;632;776;8797;7519;Correo;No contactado
1245;1024042;2016-03-28 00:00:00;1;545454;64;0;independiente;N;S;4000;240;2000;0;468;572;635;740;20114;11117;Correo;No contactado
1246;1096365;2018-03-24 00:00:00;0;NEW YORK;51;0;Pensionado;N;S;7500;130;830;1;639;597;693;717;18718;17210;Ninguno;No aplica
1247;1087721;2020-03-24 00:00:00;1;ATLANTHIC SOUTH;39;0;Pensionado;N;S;4140;420;1840;0;502;634;676;658;6792;5675;Whatsapp;Sin gestión
1248;1016610;2015-10-15 00:00:00;1;ATLANTHIC SOUTH;51;0;independiente;S;S;12250;350;1076;0;462;627;648;732;16053;13621;SMS;Pago parcial
1249;1050868;2018-01-02 00:00:00;1;ATLANTHIC SOUTH;60;0;Pensionado;S;S;8800;380;1700;3;512;526;756;646;27116;18479;SMS;Pago parcial
1250;1086781;2020-06-29 00:00:00;0;ATLANTHIC SOUTH;29;0;Pensionado;N;S;2000;200;600;0;622;634;442;477;8476;7964;Ninguno;No aplica
1251;1052604;2020-08-18 00:00:00;1;545454;23;0;independiente;N;S;7200;250;1450;0;517;552;686;810;8417;7261;Correo;No contactado
1252;1070362;2015-07-19 00:00:00;0;CHICAGO;68;0;Empleado;S;S;5000;900;1500;0;742;545;700;535;6645;3697;Ninguno;No aplica
1253;1055730;2015-04-16 00:00:00;1;545454;44;0;Empleado;S;S;2500;250;1250;0;400;600;730;730;19755;13905;Whatsapp;Sin gestión
1254;1075483;2020-08-01 00:00:00;0;545454;29;0;Pensionado;S;S;10400;300;2120;4;719;664;645;700;24414;23027;Ninguno;No aplica
1255;1079035;2018-08-26 00:00:00;0;NEW ENGALND;27;0;Empleado;S;S;7200;671;992;2;761;738;665;699;24256;12700;Ninguno;No aplica
1256;1087580;2016-02-05 00:00:00;0;CHICAGO;48;0;Empleado;S;S;1500;720;1200;4;640;614;719;645;8072;7916;Ninguno;No aplica
1257;1044091;2020-06-18 00:00:00;1;545454;29;0;independiente;S;S;8000;200;2200;3;584;543;754;744;6854;5754;Whatsapp;Sin gestión
1258;1060830;2015-04-10 00:00:00;1;ATLANTHIC SOUTH;60;0;Pensionado;N;S;4000;390;800;2;521;490;629;762;25405;20723;Correo;No contactado
1259;1024935;2017-09-27 00:00:00;0;ATLANTHIC SOUTH;33;0;Pensionado;S;S;2500;410;1105;4;665;620;669;736;9662;6138;Ninguno;No aplica
1260;1096913;2015-05-10 00:00:00;0;ATLANTHIC SOUTH;51;0;independiente;N;S;3750;300;600;0;697;609;768;826;11514;7189;Ninguno;No aplica
1261;1025555;2018-09-16 00:00:00;0;ATLANTHIC SOUTH;53;0;Empleado;S;N;7500;500;1200;3;728;740;501;691;26415;25650;Ninguno;No aplica
1262;1017757;2020-09-18 00:00:00;0;CHICAGO;39;0;Pensionado;S;S;7600;780;1300;4;704;638;602;676;7708;5004;Ninguno;No aplica
1263;1092607;2020-04-26 00:00:00;0;545454;39;0;Empleado;N;S;2500;300;1250;0;727;687;753;588;16694;14820;Ninguno;No aplica
1264;1035632;2019-04-15 00:00:00;1;CHICAGO;37;0;Empleado;S;N;8000;780;1300;4;454;557;726;759;28496;19849;Correo;No contactado
1265;1049196;2017-07-30 00:00:00;0;545454;28;0;Pensionado;N;S;7500;300;1500;4;708;604;687;730;14524;8273;Ninguno;No aplica
1266;1009460;2020-01-24 00:00:00;0;ATLANTHIC SOUTH;42;0;independiente;N;N;7500;560;1200;2;629;670;619;653;29777;15048;Ninguno;No aplica
1267;1037528;2019-11-26 00:00:00;1;NEW YORK;62;0;Empleado;S;S;2750;600;2200;0;494;616;588;769;24891;19219;SMS;Pago parcial
1268;1037576;2015-11-27 00:00:00;1;545454;29;0;independiente;S;S;8000;350;1100;0;455;508;609;694;11456;11317;Correo;No contactado
1269;1036871;2018-02-15 00:00:00;0;ATLANTHIC SOUTH;55;0;Pensionado;S;S;5000;250;800;1;663;729;758;730;9212;6306;Ninguno;No aplica
1270;1069650;2018-09-27 00:00:00;1;NEW YORK;62;0;Empleado;S;N;3200;500;1000;4;562;529;606;802;18224;12367;Call center;Promesa de pago
1271;1094488;2019-07-26 00:00:00;0;NEW ENGALND;23;0;independiente;N;S;7200;830;1500;3;755;651;657;751;12970;8716;Ninguno;No aplica
1272;1011676;2015-09-20 00:00:00;1;NEW YORK;65;0;Pensionado;S;S;3750;540;980;2;530;612;597;731;21920;16665;Whatsapp;Sin gestión
1273;1032891;2018-05-05 00:00:00;1;ATLANTHIC SOUTH;63;0;independiente;N;N;2550;550;1600;3;445;540;709;626;6625;4772;Correo;No contactado
1274;1042068;2020-08-12 00:00:00;0;CHICAGO;41;0;independiente;S;S;11875;700;1200;4;684;682;612;615;15314;14395;Ninguno;No aplica
1275;1017875;2016-09-05 00:00:00;0;ATLANTHIC SOUTH;38;0;Empleado;S;S;5000;400;1600;0;761;661;643;724;12973;9766;Ninguno;No aplica
1276;1011111;2017-02-20 00:00:00;1;NEW YORK;59;0;Empleado;S;N;11250;600;1500;0;507;588;532;940;13577;10235;Call center;Promesa de pago
1277;1080525;2020-03-10 00:00:00;1;NEW YORK;54;0;Pensionado;S;S;8125;401,666;1300;1;616;437;537;689;13070;7439;Whatsapp;Sin gestión
1278;1027688;2016-12-05 00:00:00;1;NEW YORK;40;0;Empleado;N;S;9000;500;903;0;520;470;651;761;13666;13548;Call center;Promesa de pago
1279;1021747;2018-11-14 00:00:00;0;NEW YORK;66;20;Pensionado;S;N;6875;3290;7000;0;710;717;557;620;29993;18745;Ninguno;No aplica
1280;1027755;2018-07-19 00:00:00;1;NEW YORK;50;0;independiente;N;S;6250;400;900;4;485;642;797;632;27874;14959;Call center;Promesa de pago
1281;1013216;2015-10-22 00:00:00;0;545454;48;0;independiente;S;S;8750;200;1500;0;707;625;506;609;8600;7152;Ninguno;No aplica
1282;1036167;2018-04-16 00:00:00;1;CHICAGO;36;15;independiente;S;N;6500;1500;8550;0;492;565;594;533;11783;9399;Correo;No contactado
1283;1018650;2018-08-09 00:00:00;0;ATLANTHIC SOUTH;27;0;Pensionado;S;S;6000;510;1000;2;735;698;651;792;18226;12896;Ninguno;No aplica
1284;1063762;2015-09-30 00:00:00;1;NEW YORK;31;0;independiente;S;S;8250;730;1000;3;548;622;624;519;14146;10059;Whatsapp;Sin gestión
1285;1007369;2018-04-08 00:00:00;1;NEW YORK;48;0;Pensionado;S;S;8500;270;1000;0;461;458;573;696;9971;8899;Call center;Promesa de pago
1286;1086372;2019-04-09 00:00:00;1;NEW YORK;54;0;Pensionado;S;S;10000;850;1800;3;433;527;583;614;18490;11054;SMS;Pago parcial
1287;1024240;2016-10-13 00:00:00;0;NEW YORK;66;0;Empleado;N;S;4375;312;520;0;608;660;581;590;22589;20559;Ninguno;No aplica
1288;1004811;2018-05-10 00:00:00;1;CHICAGO;54;0;independiente;S;S;6000;1166;1750;3;525;622;630;844;17951;14798;Whatsapp;Sin gestión
1289;1061917;2016-04-30 00:00:00;1;545454;58;0;independiente;S;S;5000;280;1350;0;445;730;787;738;17312;12283;SMS;Pago parcial
1290;1079150;2016-03-13 00:00:00;1;NEW YORK;45;0;independiente;S;S;3750;367;550;0;392;566;655;633;6990;5096;Correo;No contactado
1291;1069191;2015-07-03 00:00:00;0;CHICAGO;29;0;independiente;N;S;5400;450;860;0;719;596;733;617;10299;6471;Ninguno;No aplica
1292;1032533;2019-11-06 00:00:00;0;545454;39;0;Empleado;N;N;6250;300;1800;0;825;704;685;601;17997;15766;Ninguno;No aplica
1293;1045339;2015-06-12 00:00:00;0;545454;40;0;Empleado;S;S;1250;1225;1790;0;700;759;728;666;24956;18878;Ninguno;No aplica
1294;1099016;2020-07-19 00:00:00;0;ATLANTHIC SOUTH;22;0;independiente;S;S;15000;323;1300;0;742;686;454;686;27359;18069;Ninguno;No aplica
1295;1035842;2017-04-19 00:00:00;1;NEW YORK;37;0;Empleado;S;S;11250;330;800;0;504;526;629;891;18472;14741;SMS;Pago parcial
1296;1028403;2020-08-07 00:00:00;1;ATLANTHIC SOUTH;32;0;Empleado;S;S;15000;1312;2400;4;495;637;741;548;27704;27645;Whatsapp;Sin gestión
1297;1036858;2019-12-09 00:00:00;1;NEW YORK;22;0;Pensionado;S;S;4500;400;800;0;546;620;610;717;9380;6731;Call center;Promesa de pago
1298;1038271;2016-12-17 00:00:00;1;545454;37;0;Empleado;S;N;12375;600;1000;3;485;518;773;692;9757;9370;Call center;Promesa de pago
1299;1028459;2017-01-21 00:00:00;0;NEW YORK;43;0;independiente;S;S;10000;600;1200;4;713;703;754;755;24097;16205;Ninguno;No aplica
1300;1019863;2017-01-24 00:00:00;1;NEW YORK;30;0;Empleado;S;N;6650;200;850;1;516;640;617;752;15395;8119;Whatsapp;Sin gestión
1301;1030198;2020-04-10 00:00:00;1;NEW YORK;28;0;Empleado;S;S;5000;345,433;1050;0;467;651;615;773;21241;12790;Call center;Promesa de pago
1302;1014455;2019-05-26 00:00:00;0;ATLANTHIC SOUTH;49;0;independiente;S;S;11875;400;1200;4;750;676;579;701;10588;7511;Ninguno;No aplica
1303;1029338;2018-11-05 00:00:00;0;CHICAGO;64;0;independiente;S;S;10000;390;800;2;691;659;606;586;22350;13629;Ninguno;No aplica
1304;1001185;2016-04-14 00:00:00;1;NEW ENGALND;20;0;independiente;N;N;7200;329;644;0;462;654;564;829;9944;4973;SMS;Pago parcial
1305;1028940;2015-10-11 00:00:00;1;NEW YORK;58;0;independiente;S;S;8500;400;1000;0;527;507;680;792;18395;17613;Call center;Promesa de pago
1306;1030361;2020-03-26 00:00:00;1;NEW YORK;24;0;independiente;S;S;12250;250;950;4;455;606;548;802;24816;22879;Call center;Promesa de pago
1307;1027667;2016-02-04 00:00:00;1;NEW YORK;43;0;independiente;S;S;4250;240;500;1;501;498;692;834;22072;19228;SMS;Pago parcial
1308;1078657;2015-07-13 00:00:00;0;NEW YORK;30;0;Empleado;N;S;4500;360;790;0;700;744;694;708;9243;5397;Ninguno;No aplica
1309;1083912;2018-06-03 00:00:00;1;ATLANTHIC SOUTH;55;0;Empleado;S;N;10800;400;900;4;554;565;534;853;25085;14052;SMS;Pago parcial
1310;1007371;2015-05-30 00:00:00;0;NEW YORK;44;0;Empleado;S;S;6400;400;600;2;724;756;758;704;29917;15970;Ninguno;No aplica
1311;1012890;2018-11-30 00:00:00;1;CHICAGO;58;0;Empleado;S;S;11200;240;1090;2;499;609;686;700;26566;22900;SMS;Pago parcial
1312;1003331;2018-07-25 00:00:00;1;545454;35;0;Empleado;S;S;12500;310;1200;4;541;507;702;719;14916;14385;Correo;No contactado
1313;1062462;2015-12-11 00:00:00;1;NEW YORK;63;10;independiente;S;S;7625;1920;14400;3;570;665;597;718;28088;20090;SMS;Pago parcial
1314;1054961;2019-01-19 00:00:00;0;545454;52;0;Pensionado;S;N;10000;458;1100;0;728;773;694;623;25806;14440;Ninguno;No aplica
1315;1046057;2019-10-31 00:00:00;0;NEW ENGALND;61;40;Pensionado;S;S;7500;10220;17010;3;701;733;729;817;14984;11331;Ninguno;No aplica
1316;1098327;2015-12-19 00:00:00;1;NEW YORK;34;24;independiente;S;N;8800;10500;17500;0;434;534;643;747;6759;4558;SMS;Pago parcial
1317;1045056;2017-10-22 00:00:00;1;ATLANTHIC SOUTH;31;0;Pensionado;S;S;8000;650;1500;3;447;562;790;729;14181;9748;Correo;No contactado
1318;1008063;2017-09-06 00:00:00;1;NEW YORK;72;0;Empleado;N;S;9000;450;1680;0;485;589;653;755;7482;6065;Call center;Promesa de pago
1319;1095107;2017-10-09 00:00:00;0;NEW YORK;29;0;Pensionado;S;S;11300;584;1220;0;670;638;730;938;29442;25301;Ninguno;No aplica
1320;1004761;2018-02-17 00:00:00;1;545454;50;0;Pensionado;S;S;6750;720;2000;2;491;682;671;618;5951;3305;SMS;Pago parcial
1321;1065018;2020-08-24 00:00:00;0;CHICAGO;67;0;Pensionado;S;N;3000;500;1000;0;703;689;691;594;7079;3665;Ninguno;No aplica
1322;1023606;2016-06-12 00:00:00;0;NEW YORK;37;0;independiente;N;S;12250;190;500;1;726;518;533;546;7717;7695;Ninguno;No aplica
1323;1075942;2017-08-18 00:00:00;1;NEW YORK;28;0;Pensionado;N;S;3800;570;1455;0;496;600;676;699;25908;15969;Whatsapp;Sin gestión
1324;1045688;2017-12-25 00:00:00;1;545454;35;0;Empleado;N;S;12375;600;2400;1;524;559;599;742;14692;7741;SMS;Pago parcial
1325;1083377;2019-03-06 00:00:00;0;ATLANTHIC SOUTH;59;0;independiente;N;N;12500;420;1230;1;703;676;591;628;29861;17765;Ninguno;No aplica
1326;1028591;2017-02-08 00:00:00;1;NEW ENGALND;34;0;Pensionado;S;S;13500;1210;1600;0;401;558;772;671;12311;6395;SMS;Pago parcial
1327;1053010;2018-06-03 00:00:00;0;CHICAGO;51;0;Pensionado;N;N;7500;190;1000;0;653;728;635;683;28570;19882;Ninguno;No aplica
1328;1047489;2016-04-13 00:00:00;1;545454;29;0;independiente;S;S;10000;500;1800;0;493;647;580;675;23449;21132;Correo;No contactado
1329;1098909;2018-01-29 00:00:00;0;NEW ENGALND;36;0;Empleado;S;S;11400;850;1946;0;640;697;625;698;5768;3868;Ninguno;No aplica
1330;1025637;2016-02-07 00:00:00;0;ATLANTHIC SOUTH;53;0;independiente;S;S;15000;1300;2200;0;730;660;559;770;10490;7575;Ninguno;No aplica
1331;1078765;2017-10-27 00:00:00;0;CHICAGO;28;0;Empleado;S;S;4500;200;600;0;777;678;750;731;20534;17203;Ninguno;No aplica
1332;1025371;2018-11-08 00:00:00;0;545454;62;0;Pensionado;N;S;9000;450;942;1;761;681;601;749;11645;8786;Ninguno;No aplica
1333;1097238;2020-05-25 00:00:00;1;NEW YORK;20;0;Pensionado;N;N;2250;350;550;0;489;532;687;818;26467;24633;Whatsapp;Sin gestión
1334;1058432;2015-05-06 00:00:00;0;545454;23;0;Pensionado;S;S;10500;308;500;4;775;715;745;695;10232;9547;Ninguno;No aplica
1335;1031213;2020-07-01 00:00:00;0;ATLANTHIC SOUTH;63;0;Empleado;N;S;4375;532;1930;4;707;708;615;656;16485;8324;Ninguno;No aplica
1336;1089772;2015-06-21 00:00:00;1;ATLANTHIC SOUTH;37;0;independiente;S;S;3750;463;1440;0;483;672;687;650;10797;9599;Call center;Promesa de pago
1337;1090952;2020-02-16 00:00:00;1;ATLANTHIC SOUTH;63;0;Pensionado;S;S;9000;500;1200;4;469;655;578;685;26310;19216;Call center;Promesa de pago
1338;1057373;2019-10-01 00:00:00;0;NEW YORK;39;0;independiente;S;S;5875;773;1320;1;685;639;821;623;27400;27247;Ninguno;No aplica
1339;1059246;2017-04-18 00:00:00;0;CHICAGO;28;0;Empleado;N;N;11250;252;790;4;681;729;716;736;24719;18332;Ninguno;No aplica
1340;1042687;2017-10-19 00:00:00;0;NEW YORK;50;0;Empleado;S;S;7500;520;1030;0;709;623;637;701;17342;17228;Ninguno;No aplica
1341;1080460;2016-05-16 00:00:00;1;545454;66;0;Empleado;S;S;8000;450;2100;4;508;622;596;783;13038;11438;Whatsapp;Sin gestión
1342;1026674;2020-06-27 00:00:00;0;NEW YORK;42;0;Empleado;N;S;9000;250;520;1;700;649;642;566;21002;13112;Ninguno;No aplica
1343;1033113;2018-10-14 00:00:00;0;NEW YORK;39;0;independiente;S;S;5000;300;600;0;722;619;626;799;18087;13912;Ninguno;No aplica
1344;1027604;2016-01-11 00:00:00;1;ATLANTHIC SOUTH;52;0;independiente;S;S;3625;350;600;0;560;597;787;682;9873;9834;SMS;Pago parcial
1345;1098300;2015-04-23 00:00:00;0;CHICAGO;51;0;independiente;S;S;7200;430;750;1;747;520;564;571;6481;6019;Ninguno;No aplica
1346;1031363;2019-09-15 00:00:00;1;ATLANTHIC SOUTH;39;0;Empleado;N;S;6250;820;1300;0;426;475;659;680;15093;8281;Correo;No contactado
1347;1027874;2020-08-20 00:00:00;1;NEW YORK;51;0;Empleado;N;S;3125;848;1177;3;372;569;649;944;27689;23624;Whatsapp;Sin gestión
1348;1067977;2020-04-15 00:00:00;0;NEW ENGALND;56;0;Empleado;S;S;9000;850;3000;1;747;685;642;635;24835;16709;Ninguno;No aplica
1349;1077265;2018-05-22 00:00:00;1;545454;68;0;Pensionado;S;S;12600;340;1600;0;432;558;642;691;19422;9779;Whatsapp;Sin gestión
1350;1029342;2019-01-16 00:00:00;1;NEW ENGALND;32;0;independiente;S;S;3200;720;1720;2;489;485;642;703;21438;15044;Call center;Promesa de pago
1351;1065009;2020-03-03 00:00:00;0;CHICAGO;22;0;independiente;S;N;3125;200;900;3;641;631;711;657;12643;7806;Ninguno;No aplica
1352;1022204;2016-03-11 00:00:00;1;ATLANTHIC SOUTH;26;0;independiente;S;S;11875;350;1400;0;410;603;693;650;24846;22596;Correo;No contactado
1353;1019233;2015-05-21 00:00:00;1;NEW YORK;45;f;independiente;S;S;3125;210;800;0;527;615;679;733;20708;13847;Whatsapp;Sin gestión
1354;1072874;2017-02-20 00:00:00;1;NEW YORK;37;0;Pensionado;S;S;10000;500;1000;0;538;579;438;817;16271;14868;Correo;No contactado
1355;1078281;2017-12-28 00:00:00;0;545454;25;0;Pensionado;S;S;14000;270;1900;0;671;749;671;698;22216;11115;Ninguno;No aplica
1356;1000753;2017-01-24 00:00:00;0;CHICAGO;43;0;Pensionado;S;S;12600;450;860;1;570;704;534;570;17600;11509;Ninguno;No aplica
1357;1089504;2016-10-20 00:00:00;0;545454;39;0;independiente;S;S;12000;350;1500;2;673;635;695;639;15998;9928;Ninguno;No aplica
1358;1002055;2015-06-24 00:00:00;1;CHICAGO;61;0;Pensionado;S;S;7500;230;497;1;520;563;753;670;27338;16862;SMS;Pago parcial
1359;1035503;2017-01-24 00:00:00;0;NEW YORK;63;0;Pensionado;S;S;9250;700;1200;4;626;596;585;675;19295;10305;Ninguno;No aplica
1360;1050862;2020-04-11 00:00:00;0;NEW YORK;35;0;Pensionado;N;S;5625;400;1300;0;709;674;632;790;15682;9308;Ninguno;No aplica
1361;1013667;2015-08-07 00:00:00;1;545454;57;0;Empleado;S;S;10000;840;3100;1;499;647;608;707;21380;16629;Call center;Promesa de pago
1362;1044882;2016-03-17 00:00:00;0;NEW YORK;45;0;Empleado;S;S;5000;450;1300;4;729;721;736;662;13519;8729;Ninguno;No aplica
1363;1081531;2018-09-21 00:00:00;1;CHICAGO;44;0;independiente;S;S;8000;450;1130;2;506;664;657;880;28605;20272;SMS;Pago parcial
1364;1011900;2019-08-15 00:00:00;0;CHICAGO;39;0;independiente;S;N;5325;450;800;1;651;662;771;749;24694;17000;Ninguno;No aplica
1365;1084101;2019-11-22 00:00:00;0;ATLANTHIC SOUTH;40;0;independiente;S;S;12600;512572;1200;1;760;761;679;722;8300;7785;Ninguno;No aplica
1366;1079567;2016-02-17 00:00:00;0;CHICAGO;54;0;independiente;N;S;6250;654,166;1233;0;692;668;667;846;11722;11167;Ninguno;No aplica
1367;1055977;2017-12-06 00:00:00;1;ATLANTHIC SOUTH;35;0;Empleado;S;S;7500;680;1200;3;499;668;655;764;12218;9120;Correo;No contactado
1368;1043672;2019-01-26 00:00:00;1;CHICAGO;45;0;Pensionado;N;N;9000;720;1200;3;453;579;707;541;29160;19394;SMS;Pago parcial
1369;1060783;2019-01-09 00:00:00;1;NEW YORK;63;0;Empleado;S;S;7500;220;600;0;478;622;528;795;25059;13868;Call center;Promesa de pago
1370;1022033;2019-06-09 00:00:00;0;ATLANTHIC SOUTH;27;0;independiente;N;N;7500;470;1190;0;656;769;656;527;8054;7866;Ninguno;No aplica
1371;1070633;2018-10-02 00:00:00;0;ATLANTHIC SOUTH;50;0;Empleado;S;S;5600;485;980;0;691;668;645;711;18575;9847;Ninguno;No aplica
1372;1015528;2019-10-15 00:00:00;1;CHICAGO;23;0;Pensionado;N;N;11250;250;1000;0;586;593;701;566;12970;8415;Correo;No contactado
1373;1003587;2016-02-17 00:00:00;0;NEW YORK;29;0;Empleado;S;S;3760;180;590;3;631;757;637;628;7143;4636;Ninguno;No aplica
1374;1006361;2017-09-16 00:00:00;0;545454;34;0;independiente;S;N;7500;650;1600;0;619;672;577;637;26591;17555;Ninguno;No aplica
1375;1017285;2018-02-22 00:00:00;0;CHICAGO;58;0;Empleado;S;N;2750;300;600;0;774;601;651;601;14503;8443;Ninguno;No aplica
1376;1035783;2018-03-03 00:00:00;0;ATLANTHIC SOUTH;58;0;Empleado;S;S;9000;600;1400;0;690;809;574;639;20149;17964;Ninguno;No aplica
1377;1040259;2019-08-26 00:00:00;0;NEW YORK;32;0;Empleado;N;S;7500;300;900;1;667;652;515;763;23922;13426;Ninguno;No aplica
1378;1015123;2017-11-26 00:00:00;1;CHICAGO;30;0;Pensionado;N;N;10000;250;850;1;552;590;701;656;17175;14040;Whatsapp;Sin gestión
1379;1089934;2019-08-01 00:00:00;0;CHICAGO;55;0;independiente;N;N;11700;780;1400;4;670;749;691;719;25931;14571;Ninguno;No aplica
1380;1070212;2016-08-11 00:00:00;1;ATLANTHIC SOUTH;53;0;Pensionado;S;S;9000;462;780;1;591;543;683;633;27003;14454;SMS;Pago parcial
1381;1094498;2019-01-17 00:00:00;0;ATLANTHIC SOUTH;55;0;independiente;N;S;5000;400;700;0;734;620;741;653;13356;12751;Ninguno;No aplica
1382;1093842;2016-12-07 00:00:00;0;CHICAGO;48;0;Pensionado;S;S;3000;830;2000;1;676;695;603;699;27996;16659;Ninguno;No aplica
1383;1024597;2017-10-03 00:00:00;1;CHICAGO;60;0;Empleado;S;N;5400;952;1360;3;608;472;550;630;26389;24030;Call center;Promesa de pago
1384;1088197;2015-09-15 00:00:00;0;545454;47;0;independiente;N;N;7500;800;1600;1;670;663;645;552;20070;15500;Ninguno;No aplica
1385;1092989;2016-09-26 00:00:00;0;ATLANTHIC SOUTH;38;0;Pensionado;N;S;13000;275;800;0;737;695;626;714;5822;3138;Ninguno;No aplica
1386;1007529;2016-06-16 00:00:00;1;NEW YORK;31;0;Pensionado;S;S;11300;320;1600;1;515;564;591;821;22327;21830;Whatsapp;Sin gestión
1387;1061038;2020-11-06 00:00:00;0;ATLANTHIC SOUTH;64;45.83333333;Empleado;S;S;10000;3200;7200;0;765;587;644;663;19289;12026;Ninguno;No aplica
1388;1082577;2017-07-17 00:00:00;1;ATLANTHIC SOUTH;35;0;Empleado;S;S;11250;410;2000;0;578;676;607;679;11150;10368;Call center;Promesa de pago
1389;1056901;2017-02-14 00:00:00;0;NEW YORK;27;11.66666667;Pensionado;S;S;10100;3040;9600;3;702;686;521;684;9425;5508;Ninguno;No aplica
1390;1070678;2018-07-18 00:00:00;0;ATLANTHIC SOUTH;31;0;Empleado;S;S;10000;200;900;1;662;766;619;675;21032;19496;Ninguno;No aplica
1391;1062813;2017-08-07 00:00:00;0;ATLANTHIC SOUTH;30;0;Pensionado;S;S;4600;560;1100;0;723;664;570;692;7198;3647;Ninguno;No aplica
1392;1095325;2019-12-14 00:00:00;0;545454;46;0;Pensionado;S;N;5400;300;1300;4;666;627;666;442;25626;19370;Ninguno;No aplica
1393;1018293;2016-12-31 00:00:00;0;NEW YORK;26;0;Pensionado;N;N;4800;270;550;1;801;696;604;574;25079;22188;Ninguno;No aplica
1394;1086354;2019-09-30 00:00:00;0;NEW YORK;39;0;Empleado;S;N;4000;342;600;3;707;667;728;594;8452;8176;Ninguno;No aplica
1395;1050096;2019-08-05 00:00:00;1;NEW ENGALND;47;46;Empleado;S;S;7200;10000;15000;4;482;509;762;734;14106;13466;Correo;No contactado
1396;1008179;2017-09-02 00:00:00;1;ATLANTHIC SOUTH;63;0;Pensionado;S;S;2500;150;900;2;509;668;698;737;18859;17158;Correo;No contactado
1397;1073405;2016-02-04 00:00:00;1;NEW YORK;36;18.75;independiente;S;S;6250;9598;21148;4;433;543;541;777;22692;21423;SMS;Pago parcial
1398;1038473;2015-03-05 00:00:00;0;ATLANTHIC SOUTH;40;0;Empleado;N;S;3000;310;700;1;651;570;755;693;25561;15327;Ninguno;No aplica
1399;1041640;2018-04-10 00:00:00;1;NEW ENGALND;37;25;Empleado;S;S;13200;4850;18380;0;560;660;760;603;13705;8800;Call center;Promesa de pago
1400;1003001;2018-05-12 00:00:00;0;NEW ENGALND;34;14;Pensionado;S;S;12000;5200;11900;3;667;650;651;800;15112;9739;Ninguno;No aplica
1401;1055559;2017-04-10 00:00:00;1;ATLANTHIC SOUTH;39;0;Empleado;S;S;8000;710;1180;4;448;544;743;834;28236;19441;Call center;Promesa de pago
1402;1000118;2017-09-09 00:00:00;0;NEW ENGALND;59;40;Pensionado;S;S;3200;8810;21300;3;727;574;611;557;27419;19102;Ninguno;No aplica
1403;1010166;2017-10-13 00:00:00;1;545454;50;0;Empleado;S;N;6000;1390;2400;2;559;684;519;750;24978;19290;Call center;Promesa de pago
1404;1007463;2016-05-03 00:00:00;0;NEW YORK;38;20;independiente;S;S;3750;6150;10500;0;736;603;597;616;9841;5707;Ninguno;No aplica
1405;1093517;2015-06-29 00:00:00;0;ATLANTHIC SOUTH;65;0;Pensionado;N;N;2000;280;1300;2;750;684;771;682;20358;17215;Ninguno;No aplica
1406;1046618;2016-01-23 00:00:00;1;ATLANTHIC SOUTH;29;7;Pensionado;N;N;12500;5900;10850;2;462;635;546;815;6409;3741;Correo;No contactado
1407;1060710;2017-02-16 00:00:00;0;NEW YORK;35;2.916666667;independiente;N;N;6200;230;580;2;629;705;650;862;9566;6267;Ninguno;No aplica
1408;1074289;2017-02-06 00:00:00;1;ATLANTHIC SOUTH;59;0;Pensionado;S;S;4400;380;1000;1;575;576;652;788;16382;12314;SMS;Pago parcial
1409;1077062;2016-06-16 00:00:00;1;NEW YORK;59;0;independiente;S;N;7000;808;1600;0;484;478;614;747;25875;23241;Call center;Promesa de pago
1410;1015226;2019-11-09 00:00:00;0;545454;56;0;independiente;S;N;1625;1358;1740;1;687;631;619;639;22939;19951;Ninguno;No aplica
1411;1054826;2014-09-01 00:00:00;0;NEW YORK;36;16.66666667;independiente;N;S;11100;9800;18900;0;766;691;655;686;19596;16123;Ninguno;No aplica
1412;1000096;2015-09-15 00:00:00;1;545454;51;0;Pensionado;S;S;6000;1480;2500;0;528;533;611;842;5804;3354;Call center;Promesa de pago
1413;1049249;2019-07-05 00:00:00;0;NEW YORK;57;0;Pensionado;S;S;6750;210;1130;4;723;692;550;666;18221;14094;Ninguno;No aplica
1414;1000014;2016-12-19 00:00:00;1;NEW YORK;65;0;independiente;N;N;11000;370;830;0;608;621;665;640;6279;3414;Whatsapp;Sin gestión
1415;1033132;2018-12-12 00:00:00;0;NEW YORK;72;0;Pensionado;S;S;8000;360;900;0;668;738;725;524;18192;12528;Ninguno;No aplica
1416;1040155;2015-07-22 00:00:00;0;545454;60;0;Pensionado;S;S;3200;260;530;2;746;606;711;716;12083;8540;Ninguno;No aplica
1417;1028006;2016-08-26 00:00:00;0;NEW YORK;46;0;Pensionado;S;S;5000;200;500;0;703;812;593;692;27370;14230;Ninguno;No aplica
1418;1026498;2019-08-26 00:00:00;0;NEW YORK;40;0;independiente;S;S;4000;768;1026;4;713;726;562;612;27003;17201;Ninguno;No aplica
1419;1017887;2015-07-14 00:00:00;1;545454;48;0;independiente;S;S;8000;310;1000;2;576;580;630;812;16093;15736;Call center;Promesa de pago
1420;1005325;2015-03-26 00:00:00;1;ATLANTHIC SOUTH;51;0;Empleado;S;N;6250;600;1780;3;525;645;760;682;22771;22243;SMS;Pago parcial
1421;1027246;2017-08-04 00:00:00;0;ATLANTHIC SOUTH;57;0;Empleado;S;N;4000;580;1052;3;727;822;695;658;17880;12090;Ninguno;No aplica
1422;1053781;2015-08-16 00:00:00;0;NEW YORK;27;10;independiente;N;N;7500;3600;18000;0;754;594;699;669;20517;10701;Ninguno;No aplica
1423;1018505;2017-03-24 00:00:00;0;NEW YORK;55;0;Pensionado;S;N;3000;290;750;3;682;666;712;638;24063;14186;Ninguno;No aplica
1424;1034527;2015-05-24 00:00:00;1;CHICAGO;56;0;independiente;N;S;3400;390;960;3;458;437;679;741;7106;4947;Whatsapp;Sin gestión
1425;1049406;2017-10-17 00:00:00;0;NEW YORK;50;0;Empleado;S;S;4500;400;990;0;648;692;658;774;29557;28785;Ninguno;No aplica
1426;1060118;2016-11-20 00:00:00;0;ATLANTHIC SOUTH;42;0;Pensionado;S;N;4800;570;1000;2;602;702;696;567;21086;12032;Ninguno;No aplica
1427;1012189;2017-08-05 00:00:00;0;NEW YORK;75;0;Pensionado;S;S;1500;315;700;2;803;678;612;714;25607;22579;Ninguno;No aplica
1428;1009797;2016-12-21 00:00:00;0;545454;44;0;independiente;S;N;9000;969;1625;2;645;641;551;685;9831;5450;Ninguno;No aplica
1429;1014926;2015-11-24 00:00:00;1;NEW YORK;67;0;Pensionado;S;N;4800;540;1000;0;489;457;701;734;24152;23926;Whatsapp;Sin gestión
1430;1057948;2015-11-07 00:00:00;1;545454;53;0;independiente;S;S;2500;320;750;3;486;602;737;798;8186;5655;Whatsapp;Sin gestión
1431;1050057;2017-12-16 00:00:00;1;ATLANTHIC SOUTH;34;0;Empleado;S;S;6250;335;798,604;2;515;667;572;724;7573;6722;Correo;No contactado
1432;1027183;2016-06-12 00:00:00;0;ATLANTHIC SOUTH;31;0;independiente;S;N;5000;850;1850;3;741;645;708;713;17808;11954;Ninguno;No aplica
1433;1080776;2019-10-14 00:00:00;1;545454;31;0;Pensionado;S;S;10800;225;2100;0;543;606;768;784;7599;6184;Whatsapp;Sin gestión
1434;1061016;2019-01-15 00:00:00;1;NEW YORK;24;8;Pensionado;S;S;5700;4616;13460;0;471;486;650;675;9033;5384;Call center;Promesa de pago
1435;1087877;2016-12-03 00:00:00;0;NEW YORK;29;0;Empleado;S;N;4400;450;800;4;692;707;593;697;13428;7694;Ninguno;No aplica
1436;1002580;2016-10-14 00:00:00;1;545454;37;0;independiente;S;S;6000;250;1140;2;514;556;659;697;6304;6109;Correo;No contactado
1437;1042848;2016-06-25 00:00:00;0;NEW ENGALND;26;0;Empleado;N;N;4000;600;1200;0;688;634;611;658;28752;27568;Ninguno;No aplica
1438;1042590;2017-11-24 00:00:00;1;545454;46;0;Empleado;N;N;6400;800;1500;0;580;534;607;691;27261;25727;Correo;No contactado
1439;1021456;2017-06-27 00:00:00;0;545454;52;0;Empleado;N;N;10000;680;1500;4;725;656;680;712;22685;18436;Ninguno;No aplica
1440;1059789;2016-07-01 00:00:00;0;CHICAGO;26;0;Empleado;S;S;15196;5943,5;6667,25;4;737;703;538;677;23925;21631;Ninguno;No aplica
1441;1071872;2017-12-06 00:00:00;0;NEW YORK;56;0;Pensionado;S;N;8000;160;400;0;733;601;549;706;23435;12526;Ninguno;No aplica
1442;1097929;2017-01-04 00:00:00;0;CHICAGO;30;0;independiente;S;N;12800;673;1910;1;759;656;651;668;28193;18816;Ninguno;No aplica
1443;1015518;2019-07-27 00:00:00;1;545454;49;0;independiente;S;N;2100;1010;1900;3;509;578;648;576;13633;8955;Correo;No contactado
1444;1080361;2018-01-19 00:00:00;0;NEW YORK;63;0;Empleado;N;S;6400;475;933;0;635;614;674;673;16372;13389;Ninguno;No aplica
1445;1041773;2014-07-24 00:00:00;1;NEW YORK;29;20;Pensionado;S;S;4000;5667;6548;0;520;688;781;726;13996;9489;Correo;No contactado
1446;1043591;2014-08-07 00:00:00;0;NEW YORK;71;51;Pensionado;S;N;6250;10640;27000;0;667;629;657;692;21458;12322;Ninguno;No aplica
1447;1026313;2017-11-07 00:00:00;1;ATLANTHIC SOUTH;59;0;Pensionado;S;S;2000;400;700;0;474;540;692;667;28365;22642;Correo;No contactado
1448;1002581;2016-04-26 00:00:00;1;NEW YORK;24;10;Pensionado;N;S;7500;8815;17300;3;529;521;582;612;10475;9503;Correo;No contactado
1449;1065278;2016-04-19 00:00:00;0;ATLANTHIC SOUTH;59;0;Pensionado;S;N;11250;210;2800;1;762;788;704;726;29616;20466;Ninguno;No aplica
1450;1037379;2018-11-28 00:00:00;1;NEW YORK;38;0;Empleado;N;S;3750;390;840;0;501;613;613;695;12184;6898;Correo;No contactado
1451;1033477;2017-11-18 00:00:00;1;NEW YORK;67;30;Empleado;S;N;4000;3000;18000;0;515;524;655;735;27180;16263;Whatsapp;Sin gestión
1452;1059095;2016-01-02 00:00:00;1;NEW YORK;22;0;Pensionado;S;N;7500;353;985;0;585;646;642;695;28525;17650;SMS;Pago parcial
1453;1095736;2018-12-13 00:00:00;0;NEW YORK;41;0;independiente;S;S;11500;310;700;4;712;692;722;669;17875;11618;Ninguno;No aplica
1454;1040980;2015-12-09 00:00:00;0;NEW YORK;47;0;Pensionado;S;N;16500;850;1900;1;830;695;558;630;6622;5439;Ninguno;No aplica
1455;1015029;2014-10-13 00:00:00;1;NEW YORK;34;20;Empleado;S;N;5400;8906;18260;2;528;559;490;633;20988;16800;Call center;Promesa de pago
1456;1046074;2019-10-22 00:00:00;0;545454;44;0;Pensionado;S;N;2000;350;2500;3;612;635;635;713;13041;11059;Ninguno;No aplica
1457;1025480;2015-03-06 00:00:00;0;CHICAGO;53;0;Pensionado;N;S;9750;730;1600;2;738;700;683;616;21725;14800;Ninguno;No aplica
1458;1027444;2015-06-02 00:00:00;0;NEW YORK;68;0;Pensionado;S;S;6300;730;1200;0;719;647;661;685;23458;21394;Ninguno;No aplica
1459;1040960;2016-10-07 00:00:00;1;NEW ENGALND;29;0;independiente;S;S;9000;1214,5;2235,833;0;564;689;736;757;12992;7822;Call center;Promesa de pago
1460;1051003;2016-01-23 00:00:00;1;NEW YORK;64;0;Pensionado;S;S;4800;360;800;0;534;504;681;667;20646;15165;Whatsapp;Sin gestión
1461;1036838;2019-08-30 00:00:00;1;CHICAGO;62;0;independiente;S;N;6300;700;1120;0;493;672;611;612;22029;19836;Whatsapp;Sin gestión
1462;1089332;2017-03-24 00:00:00;1;545454;43;0;Empleado;N;S;3750;700;1400;2;439;573;487;938;9263;5466;Correo;No contactado
1463;1085797;2015-07-01 00:00:00;0;ATLANTHIC SOUTH;42;0;independiente;N;N;7500;315;1200;3;690;698;633;623;19060;10577;Ninguno;No aplica
1464;1008119;2017-05-09 00:00:00;0;NEW YORK;29;0;independiente;S;S;9000;915;1571;3;657;730;722;726;27520;25919;Ninguno;No aplica
1465;1070845;2015-08-21 00:00:00;0;NEW YORK;54;0;Empleado;S;N;6400;300;1100;2;671;642;623;845;20156;13534;Ninguno;No aplica
1466;1059222;2019-09-17 00:00:00;0;NEW YORK;51;0;Empleado;S;N;6400;200;500;1;729;732;652;741;13646;11489;Ninguno;No aplica
1467;1041727;2016-02-16 00:00:00;0;NEW YORK;36;f;independiente;S;S;1875;370;800;0;783;518;679;643;16664;8543;Ninguno;No aplica
1468;1057706;2016-12-03 00:00:00;0;ATLANTHIC SOUTH;47;0;Pensionado;S;S;5000;745;1695;2;720;637;579;664;7969;6734;Ninguno;No aplica
1469;1084800;2015-08-17 00:00:00;0;NEW YORK;66;0;Empleado;S;S;10000;200;500;0;640;625;694;595;8028;5283;Ninguno;No aplica
1470;1035083;2015-09-16 00:00:00;1;NEW YORK;41;0;Empleado;S;S;11500;498;980;0;522;505;765;799;29027;15322;SMS;Pago parcial
1471;1021010;2016-11-01 00:00:00;1;NEW YORK;66;0;independiente;S;S;11200;400;1300;0;560;567;638;771;24065;19370;Correo;No contactado
1472;1062218;2015-10-06 00:00:00;0;NEW YORK;56;0;Empleado;S;S;11500;291,28;739,2;0;670;703;571;624;8629;5353;Ninguno;No aplica
1473;1041738;2016-01-07 00:00:00;0;ATLANTHIC SOUTH;56;0;Pensionado;S;S;6000;385;950;0;693;722;645;576;25609;17757;Ninguno;No aplica
1474;1099825;2016-10-25 00:00:00;1;NEW YORK;52;0;independiente;S;S;3150;269,66;650;2;501;594;494;601;8067;4359;Whatsapp;Sin gestión
1475;1091358;2019-10-15 00:00:00;0;ATLANTHIC SOUTH;58;0;Empleado;S;S;4400;500;1300;1;661;640;674;759;10941;6276;Ninguno;No aplica
1476;1051356;2015-12-08 00:00:00;1;ATLANTHIC SOUTH;30;0;independiente;S;N;9600;5850;14400;4;532;602;682;731;22770;14777;Correo;No contactado
1477;1080618;2017-05-08 00:00:00;0;NEW YORK;62;40;Pensionado;S;N;5000;5816;10500;2;694;687;767;689;24250;13213;Ninguno;No aplica
1478;1042853;2016-12-23 00:00:00;1;NEW ENGALND;29;0;independiente;N;S;11200;350;1250;2;521;636;636;646;26172;25005;Call center;Promesa de pago
1479;1087159;2015-05-24 00:00:00;0;NEW YORK;35;8;Pensionado;S;S;7600;7159;19552;0;656;727;679;538;16555;8328;Ninguno;No aplica
1480;1024442;2016-03-05 00:00:00;0;545454;50;0;Empleado;S;S;11500;500;1500;1;678;682;590;757;26874;19939;Ninguno;No aplica
1481;1065090;2016-04-07 00:00:00;0;ATLANTHIC SOUTH;70;0;independiente;S;S;5000;380;1450;0;736;626;625;674;18081;10155;Ninguno;No aplica
1482;1046983;2014-10-03 00:00:00;1;545454;55;0;independiente;S;S;7000;400;1400;2;481;541;543;802;25508;16678;Call center;Promesa de pago
1483;1094736;2018-10-03 00:00:00;0;NEW YORK;52;0;Empleado;S;N;6250;240;850;3;786;647;636;635;29724;28625;Ninguno;No aplica
1484;1004135;2019-08-06 00:00:00;0;545454;32;0;Pensionado;S;N;1500;450;1300;3;680;661;629;649;25234;14657;Ninguno;No aplica
1485;1092495;2016-07-17 00:00:00;0;NEW ENGALND;32;0;Empleado;S;S;9000;646;1533;0;711;696;671;734;26799;26341;Ninguno;No aplica
1486;1057650;2019-07-26 00:00:00;1;NEW YORK;47;0;Pensionado;S;S;5000;300;1000;1;547;623;606;786;29063;17522;Correo;No contactado
1487;1094160;2018-06-25 00:00:00;0;ATLANTHIC SOUTH;46;0;Empleado;S;S;5600;430;1300;0;629;677;656;742;11819;10292;Ninguno;No aplica
1488;1085052;2019-06-15 00:00:00;1;NEW YORK;59;0;Pensionado;S;S;5000;520;1300;1;412;581;627;693;29762;23016;SMS;Pago parcial
1489;1073048;2017-08-04 00:00:00;0;ATLANTHIC SOUTH;56;2.5;independiente;S;S;7000;400;1500;0;624;689;627;725;16046;15119;Ninguno;No aplica
1490;1075250;2014-09-20 00:00:00;1;ATLANTHIC SOUTH;61;2.5;independiente;S;S;13000;800;2050;0;563;549;656;820;22717;17651;Correo;No contactado
1491;1000222;2016-08-25 00:00:00;1;CHICAGO;32;0;independiente;N;S;7500;100;1000;0;472;524;653;711;25534;19592;Correo;No contactado
1492;1065987;2016-02-08 00:00:00;0;NEW YORK;37;0;independiente;S;N;5000;1029;1481;1;828;575;703;624;28150;16826;Ninguno;No aplica
1493;1008721;2016-07-24 00:00:00;1;CHICAGO;38;0;independiente;S;N;9500;513;2500;0;472;538;642;841;7711;4496;SMS;Pago parcial
1494;1033699;2016-06-26 00:00:00;0;NEW ENGALND;51;0;Empleado;S;S;8000;497;1200;1;709;708;626;611;9853;9442;Ninguno;No aplica
1495;1066182;2015-03-09 00:00:00;0;NEW YORK;27;0;independiente;N;S;3750;110;400;0;777;638;637;727;27596;18322;Ninguno;No aplica
1496;1050686;2018-09-29 00:00:00;0;NEW YORK;53;0;Pensionado;S;S;6400;297;1700;0;800;666;600;665;28863;19801;Ninguno;No aplica
1497;1022492;2015-01-13 00:00:00;1;NEW YORK;62;0;independiente;S;S;6250;1052;1170;0;603;608;625;554;26792;23575;SMS;Pago parcial
1498;1073574;2018-12-29 00:00:00;1;NEW YORK;45;0;Empleado;S;S;5000;900;2000;3;560;611;792;822;12715;8512;SMS;Pago parcial
1499;1090217;2019-07-01 00:00:00;1;545454;64;0;Empleado;S;S;9000;380;1500;2;551;515;586;472;13942;13608;Call center;Promesa de pago
1500;1093685;2014-09-09 00:00:00;1;NEW ENGALND;59;0;independiente;N;S;5700;1500;2400;0;530;640;630;541;20507;17820;Correo;No contactado
1501;1064252;2016-09-27 00:00:00;0;NEW ENGALND;45;0;Pensionado;S;S;8000;330;1990;0;739;748;623;717;20826;16634;Ninguno;No aplica
1502;1051160;2018-05-01 00:00:00;0;ATLANTHIC SOUTH;26;0;independiente;S;S;7500;600;1100;0;672;612;633;717;6762;6359;Ninguno;No aplica
1503;1015433;2016-10-20 00:00:00;1;NEW YORK;28;0;Empleado;S;S;8000;400;1000;1;459;531;627;663;20850;10942;Whatsapp;Sin gestión
1504;1073493;2015-07-24 00:00:00;0;NEW YORK;47;0;Empleado;N;S;2500;225;425;0;700;751;670;683;17112;10755;Ninguno;No aplica
1505;1099598;2015-01-15 00:00:00;0;CHICAGO;63;0;Empleado;S;S;5000;748;960;4;691;671;530;442;28485;20866;Ninguno;No aplica
1506;1005695;2019-11-23 00:00:00;0;ATLANTHIC SOUTH;24;0;Pensionado;S;S;7500;470;1200;0;677;547;723;734;29058;17827;Ninguno;No aplica
1507;1098922;2017-11-09 00:00:00;1;ATLANTHIC SOUTH;56;0;Empleado;N;S;10000;600;1200;1;535;496;694;742;17652;15392;SMS;Pago parcial
1508;1098560;2017-07-22 00:00:00;1;NEW YORK;48;0;Pensionado;S;N;3200;410;850;0;548;565;563;716;11122;10673;SMS;Pago parcial
1509;1070097;2014-07-05 00:00:00;0;545454;62;0;Empleado;S;S;3300;730;1980;1;704;610;491;672;5481;3902;Ninguno;No aplica
1510;1048507;2014-11-22 00:00:00;0;545454;24;0;Empleado;N;S;9000;180;1200;2;774;655;582;714;19536;13110;Ninguno;No aplica
1511;1078928;2015-09-18 00:00:00;1;NEW YORK;58;0;independiente;N;S;5000;877;1077;4;443;582;633;717;5153;5054;Correo;No contactado
1512;1058484;2016-11-18 00:00:00;0;NEW YORK;29;0;independiente;N;S;3125;300;440;0;690;768;831;501;12617;9115;Ninguno;No aplica
1513;1005946;2019-07-26 00:00:00;1;545454;46;0;Empleado;S;S;2500;350;866;4;464;563;688;918;6524;4857;Whatsapp;Sin gestión
1514;1018254;2017-10-31 00:00:00;0;NEW YORK;54;0;Pensionado;S;N;6400;100;500;0;607;744;523;778;7120;4812;Ninguno;No aplica
1515;1063572;2015-12-16 00:00:00;1;ATLANTHIC SOUTH;42;0;Pensionado;S;S;6250;505;1200;3;496;666;602;604;20048;19141;Correo;No contactado
1516;1067120;2018-05-03 00:00:00;1;ATLANTHIC SOUTH;33;0;Empleado;S;S;1875;250;800;1;494;666;646;689;7343;5760;Correo;No contactado
1517;1070235;2015-06-27 00:00:00;1;CHICAGO;68;0;independiente;S;S;8625;600;1000;1;576;597;668;699;10136;8931;SMS;Pago parcial
1518;1068398;2018-01-29 00:00:00;0;NEW ENGALND;44;0;independiente;S;N;9600;500;1500;0;732;562;558;767;27144;24590;Ninguno;No aplica
1519;1090340;2015-11-22 00:00:00;1;NEW YORK;32;0;independiente;S;S;6400;360;1000;2;449;608;641;526;6240;4187;SMS;Pago parcial
1520;1095424;2017-07-10 00:00:00;0;ATLANTHIC SOUTH;50;20;independiente;N;S;14000;6100;13000;0;793;743;600;625;5060;3627;Ninguno;No aplica
1521;1038200;2016-10-07 00:00:00;1;ATLANTHIC SOUTH;55;0;Pensionado;S;S;11250;3936;10800;0;561;575;573;562;14130;13059;Call center;Promesa de pago
1522;1059688;2017-07-07 00:00:00;0;NEW YORK;29;0;Empleado;S;N;6500;714;1015;0;729;785;668;644;23023;15693;Ninguno;No aplica
1523;1057460;2016-09-11 00:00:00;0;NEW ENGALND;37;0;Pensionado;S;S;5000;600;1400;2;689;732;704;627;27569;24728;Ninguno;No aplica
1524;1091057;2017-05-20 00:00:00;0;ATLANTHIC SOUTH;49;f;Empleado;S;S;6500;460;1500;1;652;714;709;677;17312;16801;Ninguno;No aplica
1525;1088578;2018-12-21 00:00:00;1;NEW YORK;52;0;independiente;S;S;7600;310;950;0;481;645;690;666;18350;14893;Whatsapp;Sin gestión
1526;1073483;2016-05-10 00:00:00;1;NEW YORK;31;0;Empleado;S;S;3750;351,8;1950;0;554;600;615;652;29354;25562;Whatsapp;Sin gestión
1527;1050219;2020-09-14 00:00:00;0;NEW YORK;44;0;Empleado;S;S;11400;430;1250;3;794;530;700;726;17418;15721;Ninguno;No aplica
1528;1019038;2017-10-10 00:00:00;0;ATLANTHIC SOUTH;48;0;Empleado;N;S;2800;840;1780;2;777;650;672;711;6252;5768;Ninguno;No aplica
1529;1055226;2016-07-27 00:00:00;1;NEW YORK;43;0;Empleado;N;N;3000;150;1000;0;476;652;659;770;25587;17848;SMS;Pago parcial
1530;1029368;2017-04-06 00:00:00;1;NEW YORK;56;0;Pensionado;S;S;7600;250;957;0;444;532;607;704;13363;7024;SMS;Pago parcial
1531;1058420;2017-03-19 00:00:00;0;ATLANTHIC SOUTH;48;0;independiente;S;S;6250;733,333;1625;0;707;667;615;619;14650;10269;Ninguno;No aplica
1532;1093135;2020-11-12 00:00:00;1;545454;41;0;Empleado;S;S;3750;750;1850;2;412;517;655;709;24933;20866;SMS;Pago parcial
1533;1019047;2020-03-08 00:00:00;1;NEW YORK;26;0;Pensionado;S;S;14500;360;1600;4;516;687;821;765;25581;18551;Whatsapp;Sin gestión
1534;1033628;2016-12-20 00:00:00;0;NEW YORK;48;0;independiente;S;S;3125;450;850;0;693;781;671;474;28393;24829;Ninguno;No aplica
1535;1095598;2019-08-25 00:00:00;1;545454;30;0;Pensionado;S;S;4000;500;1800;4;477;527;607;755;28051;19032;Call center;Promesa de pago
1536;1009863;2017-08-03 00:00:00;0;NEW YORK;31;0;Empleado;N;S;3750;160;500;0;620;689;592;698;23706;19377;Ninguno;No aplica
1537;1022960;2017-11-10 00:00:00;0;ATLANTHIC SOUTH;33;0;Pensionado;N;S;8750;190;350;4;726;639;616;676;21314;12644;Ninguno;No aplica
1538;1029484;2019-02-12 00:00:00;1;NEW YORK;28;0;independiente;S;S;7895;327;920;0;473;617;802;707;9090;7951;Whatsapp;Sin gestión
1539;1005408;2018-03-24 00:00:00;1;ATLANTHIC SOUTH;36;0;Pensionado;N;S;11875;800;1400;4;442;611;622;489;11960;9243;SMS;Pago parcial
1540;1047962;2018-04-03 00:00:00;1;545454;53;0;independiente;N;S;7500;300;2400;0;356;629;713;680;8004;4819;SMS;Pago parcial
1541;1050887;2018-09-03 00:00:00;0;NEW ENGALND;34;0;independiente;S;N;10000;338;1200;0;699;700;624;831;26520;17131;Ninguno;No aplica
1542;1005108;2017-03-23 00:00:00;0;NEW YORK;28;0;Empleado;S;S;5000;197;490;0;789;856;668;671;21713;18984;Ninguno;No aplica
1543;1038783;2018-05-18 00:00:00;1;NEW YORK;39;0;Pensionado;N;S;11600;470;3330;0;583;518;705;692;8640;6405;Call center;Promesa de pago
1544;1055042;2016-02-22 00:00:00;1;545454;20;0;Empleado;N;S;12000;205;1100;1;477;477;610;722;29366;17855;Correo;No contactado
1545;1000051;2019-10-24 00:00:00;0;NEW ENGALND;24;0;independiente;N;S;6400;300;1200;4;670;656;605;702;25491;25074;Ninguno;No aplica
1546;1084015;2017-04-15 00:00:00;1;ATLANTHIC SOUTH;25;0;independiente;N;N;11500;610;1890;0;523;486;766;779;6341;5438;Correo;No contactado
1547;1042671;2018-07-28 00:00:00;0;CHICAGO;49;0;Pensionado;S;S;8250;1294;1755,417;1;650;590;719;649;16855;16494;Ninguno;No aplica
1548;1050326;2016-09-26 00:00:00;0;CHICAGO;23;0;independiente;S;S;10500;1100;2070;4;715;620;705;708;29791;21257;Ninguno;No aplica
1549;1084648;2016-12-13 00:00:00;0;545454;21;0;Pensionado;N;S;9000;460;1200;1;738;625;705;821;5338;3937;Ninguno;No aplica
1550;1039790;2017-12-09 00:00:00;0;NEW ENGALND;38;0;Pensionado;S;N;7812;410;1200;4;761;623;682;761;10895;10339;Ninguno;No aplica
1551;1016238;2015-07-30 00:00:00;0;CHICAGO;57;0;Pensionado;N;S;7200;1196,25;2068;2;695;711;791;881;17254;13157;Ninguno;No aplica
1552;1006009;2018-12-25 00:00:00;1;CHICAGO;28;0;Pensionado;N;S;7200;1052,333;1777,77;0;490;550;653;661;24092;20566;Whatsapp;Sin gestión
1553;1068978;2015-08-01 00:00:00;1;545454;49;0;Empleado;S;S;8000;300;1200;2;456;569;690;871;16344;10233;Correo;No contactado
1554;1052140;2018-03-15 00:00:00;0;NEW YORK;26;0;Empleado;S;S;12500;800;1380;0;659;734;548;599;6750;4883;Ninguno;No aplica
1555;1010350;2017-05-24 00:00:00;0;NEW YORK;59;0;independiente;S;S;10500;600;1350;1;689;634;592;702;26988;15160;Ninguno;No aplica
1556;1095294;2017-07-01 00:00:00;0;NEW YORK;42;0;Empleado;N;S;3050;200;600;0;718;664;566;736;7421;4475;Ninguno;No aplica
1557;1061755;2015-09-12 00:00:00;1;CHICAGO;56;0;Empleado;N;N;11000;460;950;2;546;602;739;674;12119;6065;Correo;No contactado
1558;1048022;2017-08-01 00:00:00;0;ATLANTHIC SOUTH;33;0;Pensionado;S;S;6900;660;1500;0;660;564;471;678;10319;5362;Ninguno;No aplica
1559;1004745;2019-05-20 00:00:00;1;ATLANTHIC SOUTH;54;0;Empleado;N;S;3600;600;1500;0;575;437;622;802;20896;20659;Whatsapp;Sin gestión
1560;1056871;2016-06-21 00:00:00;1;545454;37;0;Empleado;S;N;3750;500;800;4;486;601;440;656;27993;17389;SMS;Pago parcial
1561;1073630;2015-07-11 00:00:00;0;ATLANTHIC SOUTH;38;0;Pensionado;S;S;8750;400;1000;0;699;710;592;820;26771;22264;Ninguno;No aplica
1562;1060609;2020-08-04 00:00:00;1;NEW ENGALND;32;0;independiente;N;S;7200;898;1301;2;463;704;616;595;16918;15557;Correo;No contactado
1563;1034850;2017-01-29 00:00:00;0;NEW YORK;34;0;Empleado;S;S;15100;1080,925;1980,33;0;579;689;747;845;25377;19676;Ninguno;No aplica
1564;1035511;2016-10-20 00:00:00;0;NEW YORK;34;0;Empleado;S;N;6250;200;700;0;744;729;678;760;29428;16967;Ninguno;No aplica
1565;1035208;2020-07-25 00:00:00;1;ATLANTHIC SOUTH;36;0;Pensionado;S;N;3600;250;550;0;537;568;592;712;18849;16287;SMS;Pago parcial
1566;1050652;2018-03-06 00:00:00;1;NEW YORK;42;0;Pensionado;S;S;11000;310;1200;0;486;598;725;684;29622;23701;Whatsapp;Sin gestión
1567;1006915;2016-09-20 00:00:00;1;NEW YORK;69;0;independiente;S;S;6000;260;800;0;503;680;651;674;9873;8546;SMS;Pago parcial
1568;1002203;2016-09-12 00:00:00;0;NEW YORK;41;0;Pensionado;N;S;6750;500;980;0;726;553;653;658;9806;8677;Ninguno;No aplica
1569;1065761;2020-10-31 00:00:00;1;ATLANTHIC SOUTH;38;0;Pensionado;S;S;4500;506,458;1987;0;422;605;566;716;13592;13425;SMS;Pago parcial
1570;1029570;2017-07-18 00:00:00;0;NEW YORK;40;0;Pensionado;S;S;5063;1537;2480;0;674;808;581;783;17182;13518;Ninguno;No aplica
1571;1066785;2019-12-30 00:00:00;1;545454;55;0;Pensionado;S;N;5650;290;1290;4;540;597;592;897;27297;18311;Whatsapp;Sin gestión
1572;1060378;2016-05-11 00:00:00;0;NEW YORK;34;0;independiente;N;S;11100;1073,75;1997,5;0;637;779;653;688;28508;23497;Ninguno;No aplica
1573;1091451;2017-02-08 00:00:00;1;ATLANTHIC SOUTH;41;0;Pensionado;S;N;9000;300;1300;4;515;542;655;644;24541;13110;SMS;Pago parcial
1574;1065208;2018-10-03 00:00:00;0;CHICAGO;29;0;Pensionado;N;S;8000;480;1400;3;632;678;758;621;21774;20657;Ninguno;No aplica
1575;1070320;2019-02-19 00:00:00;0;545454;31;0;independiente;S;S;8750;670;1700;1;723;682;677;654;17045;9540;Ninguno;No aplica
1576;1082828;2018-03-16 00:00:00;1;ATLANTHIC SOUTH;70;0;independiente;S;S;5200;250;1300;4;498;447;460;627;9430;6261;Correo;No contactado
1577;1052005;2015-08-06 00:00:00;1;CHICAGO;55;0;Pensionado;S;S;2500;318;1300;2;419;510;668;614;13820;12547;Correo;No contactado
1578;1070000;2017-11-16 00:00:00;0;NEW YORK;53;0;Pensionado;S;S;12400;1915;2500;0;758;614;548;859;29070;23217;Ninguno;No aplica
1579;1098227;2015-08-29 00:00:00;0;NEW YORK;22;0;Empleado;S;N;7500;563;1131;1;663;729;582;697;9232;6433;Ninguno;No aplica
1580;1089396;2017-08-02 00:00:00;0;545454;36;0;Empleado;N;N;11250;650;1175;3;659;732;593;595;16122;11877;Ninguno;No aplica
1581;1015425;2016-10-21 00:00:00;1;ATLANTHIC SOUTH;43;0;Pensionado;S;S;4375;680;2300;3;510;599;604;793;20023;18567;Correo;No contactado
1582;1059683;2019-12-02 00:00:00;0;NEW YORK;65;0;Pensionado;S;S;2500;2050;1900;3;757;729;554;564;13007;8715;Ninguno;No aplica
1583;1012002;2018-02-02 00:00:00;1;CHICAGO;60;0;independiente;S;N;10810;350;750;1;449;570;664;621;22905;21412;Correo;No contactado
1584;1028595;2019-12-11 00:00:00;0;NEW ENGALND;53;0;Empleado;S;S;5000;400;1000;4;703;752;551;598;14018;7627;Ninguno;No aplica
1585;1056200;2016-11-09 00:00:00;0;NEW YORK;32;0;independiente;S;S;11875;730;2000;0;721;681;675;819;6500;5775;Ninguno;No aplica
1586;1018698;2020-02-22 00:00:00;0;ATLANTHIC SOUTH;28;0;Empleado;N;S;13049;1467;2835;0;735;683;807;647;11737;10842;Ninguno;No aplica
1587;1054536;2020-03-04 00:00:00;0;NEW YORK;35;0;independiente;S;S;7200;403;800;3;709;664;557;450;8294;4901;Ninguno;No aplica
1588;1013896;2016-05-21 00:00:00;1;545454;24;0;independiente;S;S;9000;482;1900;2;482;621;630;829;26469;18930;SMS;Pago parcial
1589;1073017;2018-09-22 00:00:00;1;NEW YORK;39;0;independiente;S;N;15625;200;1200;0;459;555;473;692;23803;13871;Correo;No contactado
1590;1094732;2017-07-02 00:00:00;0;NEW YORK;57;0;Empleado;S;S;12800;820;2250;0;704;739;629;504;24426;20843;Ninguno;No aplica
1591;1094064;2017-10-12 00:00:00;0;ATLANTHIC SOUTH;46;0;Empleado;S;S;12500;993;2000;0;646;612;695;641;9497;7291;Ninguno;No aplica
1592;1092945;2019-03-07 00:00:00;0;NEW YORK;21;0;independiente;S;S;8500;100;450;0;554;614;700;717;22850;18684;Ninguno;No aplica
1593;1085256;2019-02-23 00:00:00;0;545454;60;0;independiente;S;S;6300;1000;2200;0;722;721;655;706;24945;14923;Ninguno;No aplica
1594;1081132;2017-01-10 00:00:00;1;CHICAGO;50;0;Pensionado;S;S;6250;1100;1800;2;545;575;712;882;5614;3401;SMS;Pago parcial
1595;1008167;2016-09-23 00:00:00;0;545454;42;0;Pensionado;S;S;3200;412;1500;2;582;653;828;593;26776;13944;Ninguno;No aplica
1596;1022723;2018-01-03 00:00:00;1;NEW YORK;66;0;Pensionado;N;S;8000;600;1850;4;450;633;770;724;29077;19221;Call center;Promesa de pago
1597;1098723;2016-09-10 00:00:00;1;ATLANTHIC SOUTH;58;0;independiente;N;S;12375;900;2576;2;531;544;613;657;14374;11210;SMS;Pago parcial
1598;1008378;2017-08-20 00:00:00;1;545454;56;0;Empleado;N;N;10000;500;955;4;603;568;548;581;24607;22859;Correo;No contactado
1599;1064723;2019-04-27 00:00:00;1;NEW YORK;42;20;independiente;S;S;8000;400;1600;4;501;664;622;800;28522;23772;Call center;Promesa de pago
1600;1026404;2016-12-21 00:00:00;1;NEW YORK;45;0;Empleado;S;S;9500;670;2000;0;464;672;584;762;7667;5503;Whatsapp;Sin gestión
1601;1087225;2019-12-13 00:00:00;1;CHICAGO;41;0;Empleado;N;N;15000;800;2900;3;491;674;682;746;29364;28676;SMS;Pago parcial
1602;1057271;2020-06-17 00:00:00;0;NEW YORK;38;0;Empleado;N;S;3750;200;666;0;769;663;567;708;18409;15825;Ninguno;No aplica
1603;1055452;2016-10-29 00:00:00;0;NEW YORK;38;0;independiente;S;S;1250;200;666;0;668;754;645;608;21514;20763;Ninguno;No aplica
1604;1082409;2020-09-01 00:00:00;0;ATLANTHIC SOUTH;39;10;Empleado;S;S;6800;400;1400;1;660;623;709;579;7983;6097;Ninguno;No aplica
1605;1069501;2019-04-25 00:00:00;0;CHICAGO;48;0;Pensionado;S;N;10000;325;1100;0;676;626;643;673;25662;16153;Ninguno;No aplica
1606;1053265;2017-08-02 00:00:00;0;545454;65;0;independiente;S;S;6250;500;1000;2;652;539;584;775;28510;15008;Ninguno;No aplica
1607;1024516;2018-10-21 00:00:00;1;545454;36;0;Empleado;S;S;5600;250;575;0;506;680;732;865;17651;15234;Correo;No contactado
1608;1023840;2017-03-30 00:00:00;1;545454;62;0;Pensionado;S;S;10000;700;1900;4;581;528;518;792;13230;7417;Correo;No contactado
1609;1050906;2020-03-20 00:00:00;0;ATLANTHIC SOUTH;46;0;independiente;S;S;16250;811;1300;1;716;672;627;673;29078;18941;Ninguno;No aplica
1610;1082466;2018-06-11 00:00:00;1;545454;36;0;independiente;S;S;3125;530;1680;1;487;525;647;744;11640;8919;Correo;No contactado
1611;1028075;2015-11-15 00:00:00;1;545454;53;0;independiente;S;S;8000;1450;3875;4;485;622;651;721;16779;13125;Whatsapp;Sin gestión
1612;1024511;2017-04-23 00:00:00;0;NEW YORK;47;0;Pensionado;S;S;11400;250;1200;1;622;657;663;578;26852;21489;Ninguno;No aplica
1613;1097387;2015-09-14 00:00:00;1;ATLANTHIC SOUTH;47;0;Empleado;N;S;10000;900;1800;3;544;502;693;722;20317;11847;Call center;Promesa de pago
1614;1037711;2018-07-27 00:00:00;0;ATLANTHIC SOUTH;35;0;Empleado;N;S;7200;450;900;1;696;706;648;550;22304;15387;Ninguno;No aplica
1615;1046856;2016-11-22 00:00:00;0;545454;30;0;independiente;S;S;6750;617;1100;0;691;594;624;659;12564;10159;Ninguno;No aplica
1616;1055627;2015-06-29 00:00:00;1;NEW YORK;37;0;Pensionado;S;N;12500;250;800;0;660;530;621;867;20520;20210;Call center;Promesa de pago
1617;1080118;2019-08-03 00:00:00;1;NEW ENGALND;32;0;Empleado;S;S;12500;350;1500;0;515;454;607;794;18737;16185;Correo;No contactado
1618;1082368;2018-11-07 00:00:00;1;545454;64;0;independiente;S;S;9300;750;1424;0;462;495;705;637;14323;13769;SMS;Pago parcial
1619;1023859;2016-09-09 00:00:00;0;ATLANTHIC SOUTH;27;0;independiente;N;S;8750;400;1400;3;679;691;605;663;20229;17824;Ninguno;No aplica
1620;1013055;2020-10-27 00:00:00;0;NEW ENGALND;22;0;independiente;S;N;3400;320;1400;2;757;562;709;595;16713;13301;Ninguno;No aplica
1621;1087602;2018-11-14 00:00:00;1;545454;40;0;independiente;N;N;11250;700;1330;0;506;491;651;714;13502;8047;Correo;No contactado
1622;1002716;2016-12-19 00:00:00;0;545454;59;0;independiente;N;N;6250;585;978;4;628;680;614;764;24625;20521;Ninguno;No aplica
1623;1034084;2016-04-16 00:00:00;1;CHICAGO;26;0;Pensionado;N;N;11250;350;900;1;546;547;693;779;5545;4501;Correo;No contactado
1624;1062426;2018-09-18 00:00:00;1;NEW ENGALND;34;0;Empleado;N;S;12000;500;1200;1;467;700;599;944;9346;7488;SMS;Pago parcial
1625;1062646;2016-10-10 00:00:00;0;ATLANTHIC SOUTH;43;0;independiente;N;S;3125;756;1400;4;794;790;695;777;14996;11170;Ninguno;No aplica
1626;1023635;2017-05-12 00:00:00;1;NEW YORK;42;0;Empleado;S;S;5000;300;1300;3;554;528;665;738;20775;15879;Correo;No contactado
1627;1001270;2019-10-29 00:00:00;1;NEW ENGALND;39;0;independiente;S;S;13000;300;800;4;478;613;608;781;18919;12623;Whatsapp;Sin gestión
1628;1042066;2018-01-03 00:00:00;0;ATLANTHIC SOUTH;41;0;independiente;S;S;3750;400;1500;4;764;725;687;652;8810;6693;Ninguno;No aplica
1629;1032788;2020-11-17 00:00:00;0;545454;43;0;Empleado;S;S;3500;400;1500;0;703;644;688;569;12206;7309;Ninguno;No aplica
1630;1038650;2016-12-18 00:00:00;0;545454;30;0;Empleado;N;N;10000;550;1045;0;743;590;731;788;14005;12641;Ninguno;No aplica
1631;1023889;2019-10-20 00:00:00;1;545454;52;0;Empleado;S;S;12500;178;1000;2;524;579;718;811;21371;12671;Correo;No contactado
1632;1051602;2018-01-22 00:00:00;0;545454;56;0;independiente;S;S;6250;500;1800;0;658;670;684;648;17316;9394;Ninguno;No aplica
1633;1049479;2016-07-08 00:00:00;1;545454;48;0;Empleado;S;S;14500;390;1400;0;468;554;571;745;23416;16816;Whatsapp;Sin gestión
1634;1040271;2016-11-10 00:00:00;1;545454;49;0;independiente;S;S;4000;1000;2500;0;551;607;821;832;13436;11141;Correo;No contactado
1635;1023195;2017-08-10 00:00:00;1;NEW YORK;62;0;independiente;S;S;8750;937;2500;0;483;535;552;796;17984;12928;Call center;Promesa de pago
1636;1016550;2015-12-10 00:00:00;0;ATLANTHIC SOUTH;52;0;Empleado;N;S;4000;480;980;0;680;611;716;538;5271;3365;Ninguno;No aplica
1637;1067191;2019-05-20 00:00:00;0;NEW YORK;63;0;independiente;S;S;7200;966,666;1675;2;652;687;680;692;24895;19395;Ninguno;No aplica
1638;1052127;2018-04-10 00:00:00;1;NEW YORK;66;0;Pensionado;S;S;12500;400;1100;1;521;603;568;705;23155;15595;SMS;Pago parcial
1639;1043943;2019-03-30 00:00:00;0;ATLANTHIC SOUTH;36;0;Pensionado;S;S;3500;550;1000;0;803;609;641;770;15616;15092;Ninguno;No aplica
1640;1084665;2019-07-02 00:00:00;1;NEW YORK;63;0;Empleado;S;S;5250;710;1600;0;447;636;644;813;9361;8999;Call center;Promesa de pago
1641;1017422;2018-09-25 00:00:00;0;ATLANTHIC SOUTH;44;0;independiente;S;S;5568;950;1770;2;701;574;741;789;12069;9066;Ninguno;No aplica
1642;1051980;2018-07-25 00:00:00;1;ATLANTHIC SOUTH;36;0;independiente;N;S;5000;750;1400;0;571;545;600;619;22304;14809;Correo;No contactado
1643;1062166;2019-03-17 00:00:00;0;545454;32;0;independiente;N;N;12000;450;2400;0;696;665;632;599;29574;25687;Ninguno;No aplica
1644;1036924;2019-11-17 00:00:00;0;545454;71;0;Empleado;S;S;5000;327;1820;4;723;642;486;770;8430;4370;Ninguno;No aplica
1645;1087552;2020-08-01 00:00:00;1;NEW ENGALND;58;0;independiente;S;S;6000;680;1400;0;447;546;771;667;25819;19039;Correo;No contactado
1646;1076255;2015-08-12 00:00:00;0;CHICAGO;56;0;Empleado;S;N;1600;500;900;4;721;792;575;533;17676;11810;Ninguno;No aplica
1647;1086696;2018-03-18 00:00:00;1;CHICAGO;33;0;independiente;N;S;11250;450;1200;2;491;529;673;768;15816;15188;Whatsapp;Sin gestión
1648;1056603;2017-05-18 00:00:00;0;CHICAGO;44;0;Empleado;S;N;12500;1560;2600;0;749;826;643;621;25144;12723;Ninguno;No aplica
1649;1069580;2016-02-26 00:00:00;1;NEW YORK;27;0;Pensionado;N;S;7500;500;1500;0;559;606;643;881;7050;5474;Correo;No contactado
1650;1067705;2017-03-07 00:00:00;1;ATLANTHIC SOUTH;69;0;Pensionado;N;S;5400;500;1400;0;629;586;707;747;16692;14528;Correo;No contactado
1651;1076465;2015-06-23 00:00:00;1;ATLANTHIC SOUTH;45;0;Pensionado;S;S;2500;2000;3200;4;529;609;767;734;6165;4578;Correo;No contactado
1652;1010646;2017-06-19 00:00:00;0;NEW ENGALND;27;0;Empleado;S;S;10000;220;915;1;716;832;668;637;29951;16254;Ninguno;No aplica
1653;1087493;2016-04-20 00:00:00;1;545454;30;0;independiente;N;S;8000;285;628;1;510;520;696;863;7033;6936;Call center;Promesa de pago
1654;1013794;2020-09-04 00:00:00;0;545454;38;0;independiente;S;S;11250;555;1400;0;682;613;673;702;27851;21139;Ninguno;No aplica
1655;1037775;2019-04-20 00:00:00;1;NEW YORK;42;0;Empleado;S;S;10125;500;850;3;517;535;721;683;5145;4152;Whatsapp;Sin gestión
1656;1023153;2017-01-29 00:00:00;1;NEW YORK;43;0;independiente;S;S;6250;360;800;0;485;582;618;649;19269;11914;Call center;Promesa de pago
1657;1070526;2017-07-24 00:00:00;0;NEW YORK;50;0;Empleado;S;N;6300;560;1200;0;708;576;725;663;25772;19116;Ninguno;No aplica
1658;1061302;2020-08-17 00:00:00;1;NEW YORK;62;0;independiente;S;S;6300;550;1100;4;566;581;728;632;12832;9169;Whatsapp;Sin gestión
1659;1052295;2016-04-19 00:00:00;1;NEW ENGALND;31;0;Pensionado;S;S;5000;600;1500;3;450;682;726;813;29557;15885;Call center;Promesa de pago
1660;1066510;2018-07-11 00:00:00;0;ATLANTHIC SOUTH;61;0;Pensionado;N;S;10000;430;800;1;757;689;604;507;19286;10667;Ninguno;No aplica
1661;1037098;2017-04-21 00:00:00;1;CHICAGO;33;0;Pensionado;N;N;6250;400;1200;4;566;562;638;707;7632;7012;Correo;No contactado
1662;1077185;2020-06-21 00:00:00;0;ATLANTHIC SOUTH;41;0;Pensionado;S;N;7200;450;900;0;694;643;667;725;9494;5885;Ninguno;No aplica
1663;1063874;2017-01-03 00:00:00;0;ATLANTHIC SOUTH;34;0;independiente;S;S;16000;1517;2500;3;594;734;554;701;20152;12040;Ninguno;No aplica
1664;1059492;2020-10-10 00:00:00;1;NEW YORK;42;0;Pensionado;S;S;7500;800;1700;0;470;530;762;655;29440;22152;Call center;Promesa de pago
1665;1087936;2016-09-09 00:00:00;0;NEW ENGALND;59;0;independiente;N;S;2500;600;1800;1;765;791;649;729;28895;25554;Ninguno;No aplica
1666;1064750;2017-06-29 00:00:00;1;NEW ENGALND;32;0;Pensionado;S;S;5400;980;1500;0;499;696;670;640;14155;7516;Call center;Promesa de pago
1667;1066190;2018-01-11 00:00:00;1;NEW YORK;42;0;Pensionado;N;S;12250;350;1500;0;450;595;610;718;15426;12162;Whatsapp;Sin gestión
1668;1065111;2015-12-02 00:00:00;0;NEW YORK;27;0;Pensionado;N;S;6250;350;1500;2;675;679;557;729;15233;8524;Ninguno;No aplica
1669;1070839;2020-04-17 00:00:00;0;CHICAGO;24;0;Pensionado;N;N;11250;450;1100;3;742;742;608;712;6828;3538;Ninguno;No aplica
1670;1048599;2018-05-11 00:00:00;0;545454;35;0;Pensionado;S;S;12500;460;700;0;727;746;665;609;17260;9085;Ninguno;No aplica
1671;1074121;2017-07-05 00:00:00;0;CHICAGO;24;0;Pensionado;N;N;11250;250;1100;4;688;632;697;778;14130;12958;Ninguno;No aplica
1672;1087911;2018-06-26 00:00:00;1;545454;58;0;Pensionado;S;S;13750;350;1000;4;482;548;661;728;9805;5481;Whatsapp;Sin gestión
1673;1069495;2018-02-07 00:00:00;1;NEW YORK;55;0;Empleado;S;S;6250;800;1800;0;480;501;674;787;5806;3034;Call center;Promesa de pago
1674;1062351;2020-09-11 00:00:00;1;CHICAGO;30;0;independiente;N;N;4000;300;500;0;454;605;626;858;28870;20756;Whatsapp;Sin gestión
1675;1078717;2017-03-11 00:00:00;0;ATLANTHIC SOUTH;38;20;Pensionado;N;S;12750;1970;3500;0;781;720;685;771;13202;12172;Ninguno;No aplica
1676;1016049;2016-07-03 00:00:00;1;ATLANTHIC SOUTH;42;0;Pensionado;S;N;12000;800;1683;0;484;499;754;821;6868;4335;Whatsapp;Sin gestión
1677;1016065;2017-01-01 00:00:00;1;ATLANTHIC SOUTH;59;0;Empleado;S;S;5000;750;3150;4;561;553;699;737;19561;13905;Whatsapp;Sin gestión
1678;1042577;2019-09-15 00:00:00;0;NEW ENGALND;30;0;independiente;N;S;5500;600;1600;0;776;599;707;741;20512;10665;Ninguno;No aplica
1679;1075876;2020-06-28 00:00:00;0;ATLANTHIC SOUTH;36;0;independiente;N;S;6250;3000;4000;0;750;626;671;689;29262;21201;Ninguno;No aplica
1680;1062373;2018-07-07 00:00:00;1;545454;29;0;independiente;S;S;16000;300;1150;3;478;613;545;611;19899;15696;SMS;Pago parcial
1681;1077480;2018-10-25 00:00:00;1;545454;68;0;Pensionado;S;S;12500;1901,125;2506,875;1;520;536;577;747;27074;21265;Whatsapp;Sin gestión
1682;1086661;2018-03-24 00:00:00;1;NEW YORK;24;0;Empleado;N;S;9600;370;550;0;499;562;682;743;29211;19461;SMS;Pago parcial
1683;1091794;2017-06-04 00:00:00;1;545454;46;0;independiente;N;N;6000;194;1200;2;455;482;649;773;21220;13958;SMS;Pago parcial
1684;1040787;2017-03-29 00:00:00;0;NEW YORK;67;0;Pensionado;S;N;10400;370;550;0;716;691;681;658;20934;11583;Ninguno;No aplica
1685;1003789;2019-12-19 00:00:00;0;NEW YORK;72;0;Pensionado;N;S;2400;720;960;0;641;677;767;601;10429;7127;Ninguno;No aplica
1686;1044282;2017-06-17 00:00:00;0;NEW YORK;58;0;independiente;S;N;11150;550;1650;4;759;636;701;729;14076;7738;Ninguno;No aplica
1687;1076950;2017-05-05 00:00:00;1;CHICAGO;44;0;Pensionado;S;N;8000;320;1100;3;477;569;738;602;8564;7565;Whatsapp;Sin gestión
1688;1016498;2015-03-22 00:00:00;0;NEW YORK;53;0;Pensionado;S;N;3200;290;600;0;710;691;657;801;6389;6281;Ninguno;No aplica
1689;1019638;2018-12-31 00:00:00;1;NEW YORK;36;0;Pensionado;S;N;7300;400;800;1;514;531;593;699;16593;16345;Call center;Promesa de pago
1690;1012586;2018-09-04 00:00:00;1;ATLANTHIC SOUTH;37;0;independiente;S;N;9800;850;2050;0;487;491;646;742;12274;11446;Whatsapp;Sin gestión
1691;1093141;2016-12-18 00:00:00;0;545454;45;0;Empleado;S;S;4500;1270;2200;3;729;788;594;720;22208;17775;Ninguno;No aplica
1692;1005404;2017-08-05 00:00:00;1;ATLANTHIC SOUTH;28;0;Pensionado;N;N;8750;655;1200;0;476;542;759;773;23649;20112;Correo;No contactado
1693;1012789;2017-10-15 00:00:00;1;NEW YORK;27;0;Empleado;N;N;6000;498;987,25;0;544;574;705;593;22320;14343;Call center;Promesa de pago
1694;1042603;2019-08-06 00:00:00;1;CHICAGO;50;0;independiente;S;S;4000;550;860;0;433;641;686;794;15745;12838;SMS;Pago parcial
1695;1078379;2018-02-03 00:00:00;1;NEW YORK;56;0;Empleado;N;S;5000;200;800;3;506;792;737;747;27786;20223;SMS;Pago parcial
1696;1039128;2015-03-22 00:00:00;1;545454;33;0;independiente;S;N;8750;200;800;0;597;505;509;663;19199;14227;Call center;Promesa de pago
1697;1094355;2019-04-28 00:00:00;1;545454;43;0;Empleado;S;N;5400;1225;2300;1;450;607;691;653;25229;22173;Call center;Promesa de pago
1698;1012326;2018-06-25 00:00:00;1;ATLANTHIC SOUTH;53;0;independiente;N;N;8800;770;1200;0;466;538;558;690;20876;13381;Whatsapp;Sin gestión
1699;1026797;2017-05-16 00:00:00;0;NEW YORK;34;0;Pensionado;S;N;3200;230;520;2;726;648;649;553;23180;15276;Ninguno;No aplica
1700;1020706;2018-06-09 00:00:00;1;NEW YORK;33;0;Empleado;S;S;2800;100;700;2;509;537;628;875;13245;12746;SMS;Pago parcial
1701;1049389;2016-10-12 00:00:00;1;ATLANTHIC SOUTH;65;0;Pensionado;N;N;4400;520;900;2;518;512;696;854;12214;6450;Correo;No contactado
1702;1043054;2016-03-31 00:00:00;0;ATLANTHIC SOUTH;55;0;Empleado;S;S;10400;400;1300;0;724;678;666;711;5726;4253;Ninguno;No aplica
1703;1078520;2019-11-05 00:00:00;1;ATLANTHIC SOUTH;67;0;Empleado;S;N;5000;600;900;1;532;492;744;700;24120;23068;Whatsapp;Sin gestión
1704;1090121;2017-12-11 00:00:00;0;ATLANTHIC SOUTH;52;0;independiente;N;N;9200;350;1300;0;755;737;608;652;18832;15163;Ninguno;No aplica
1705;1094910;2017-10-28 00:00:00;0;NEW YORK;40;0;Empleado;S;S;7500;930,325;1848,233;0;720;683;700;738;16362;12651;Ninguno;No aplica
1706;1028502;2015-03-16 00:00:00;1;545454;53;0;Empleado;S;S;8750;500;1475;0;488;605;661;878;23297;14558;Call center;Promesa de pago
1707;1082327;2018-03-31 00:00:00;1;545454;53;0;independiente;S;S;9000;360;1000;2;534;552;536;669;15106;10146;SMS;Pago parcial
1708;1011850;2019-06-05 00:00:00;0;ATLANTHIC SOUTH;39;0;independiente;N;N;5600;470;1250;4;795;658;586;569;12657;11721;Ninguno;No aplica
1709;1029851;2015-11-19 00:00:00;1;NEW YORK;33;0;independiente;S;S;3750;490;860;4;493;597;640;859;23850;18594;Call center;Promesa de pago
1710;1019891;2019-08-10 00:00:00;0;545454;50;0;independiente;S;N;4800;350;1500;4;651;610;728;509;28696;21734;Ninguno;No aplica
1711;1036850;2016-07-17 00:00:00;1;ATLANTHIC SOUTH;38;0;Pensionado;S;N;6500;700;1750;0;555;559;682;629;19551;10749;Call center;Promesa de pago
1712;1075259;2015-12-12 00:00:00;0;ATLANTHIC SOUTH;40;0;independiente;S;N;8750;702;1876;3;694;628;568;648;29578;15026;Ninguno;No aplica
1713;1033304;2018-11-18 00:00:00;0;ATLANTHIC SOUTH;66;0;independiente;N;N;3750;280;700;3;591;627;640;530;12906;12672;Ninguno;No aplica
1714;1036244;2015-05-17 00:00:00;0;NEW YORK;46;0;independiente;N;S;3500;225;725;0;742;553;791;770;26260;18080;Ninguno;No aplica
1715;1081998;2019-01-16 00:00:00;0;ATLANTHIC SOUTH;60;0;Empleado;N;N;4800;1418,5;1860,833;0;673;760;658;747;12287;9849;Ninguno;No aplica
1716;1042922;2018-10-13 00:00:00;1;NEW YORK;26;0;Empleado;S;S;6400;210;950;1;495;539;627;668;5892;3181;Call center;Promesa de pago
1717;1012747;2019-03-23 00:00:00;0;ATLANTHIC SOUTH;27;0;independiente;S;N;5750;915;1400;0;717;750;684;785;15222;12810;Ninguno;No aplica
1718;1020456;2018-12-22 00:00:00;1;NEW YORK;24;0;Pensionado;S;S;6250;396,666;920;1;510;644;703;850;9675;9349;Whatsapp;Sin gestión
1719;1071036;2016-08-01 00:00:00;1;545454;32;0;independiente;N;N;9642;300;800;4;535;503;618;710;6933;5462;Correo;No contactado
1720;1045904;2019-10-31 00:00:00;1;ATLANTHIC SOUTH;36;0;Pensionado;S;S;7500;810;1632;0;478;515;685;679;22764;12817;Correo;No contactado
1721;1051259;2017-04-06 00:00:00;0;NEW YORK;31;0;Pensionado;N;N;5400;130;900;1;726;834;627;873;16873;13344;Ninguno;No aplica
1722;1080945;2019-01-29 00:00:00;0;545454;62;0;Empleado;S;S;5600;500;900;1;687;785;700;735;22674;20025;Ninguno;No aplica
1723;1023051;2016-02-29 00:00:00;1;ATLANTHIC SOUTH;36;0;Empleado;S;N;6000;750;1900;0;537;578;662;743;23024;16191;SMS;Pago parcial
1724;1083382;2018-04-01 00:00:00;1;545454;57;0;independiente;S;N;4800;200;1100;3;531;595;684;843;18239;17143;Call center;Promesa de pago
1725;1051492;2016-06-23 00:00:00;0;NEW YORK;30;0;Empleado;N;S;4000;300;800;4;653;642;597;697;28874;23802;Ninguno;No aplica
1726;1024752;2015-10-21 00:00:00;0;NEW YORK;20;0;independiente;N;N;6500;860;1686;1;754;706;593;624;15874;15074;Ninguno;No aplica
1727;1088005;2015-02-08 00:00:00;1;545454;44;0;independiente;N;N;6300;190;1200;3;473;537;716;727;22602;18347;Correo;No contactado
1728;1024602;2016-10-03 00:00:00;0;NEW YORK;34;0;independiente;S;N;6250;200;500;2;740;558;644;763;10016;5665;Ninguno;No aplica
1729;1034893;2019-08-08 00:00:00;1;NEW ENGALND;64;0;independiente;S;N;4000;300;800;0;518;501;670;541;28265;18509;Call center;Promesa de pago
1730;1071108;2015-01-13 00:00:00;1;ATLANTHIC SOUTH;64;0;independiente;S;S;7430;600;1200;3;592;581;629;694;18774;11281;SMS;Pago parcial
1731;1089227;2019-09-22 00:00:00;1;NEW YORK;34;0;Pensionado;S;S;6400;500;1000;0;489;512;713;844;14752;14080;Call center;Promesa de pago
1732;1068199;2018-07-14 00:00:00;1;545454;34;0;Pensionado;S;N;1950;200;1200;1;483;576;607;674;22338;19662;Correo;No contactado
1733;1065477;2016-04-28 00:00:00;0;ATLANTHIC SOUTH;45;0;Pensionado;N;N;2500;467;1000;1;699;616;641;809;20585;17254;Ninguno;No aplica
1734;1062079;2015-10-11 00:00:00;0;NEW YORK;66;0;Empleado;N;N;6400;210;700;3;685;633;705;797;12291;7995;Ninguno;No aplica
1735;1053819;2017-09-16 00:00:00;0;NEW YORK;29;0;independiente;S;N;7400;350;780;4;740;731;732;664;5974;3537;Ninguno;No aplica
1736;1059146;2015-03-30 00:00:00;1;ATLANTHIC SOUTH;30;0;Pensionado;S;S;7200;360;1300;2;419;595;613;669;9133;8021;Call center;Promesa de pago
1737;1081216;2015-02-09 00:00:00;1;545454;54;0;Empleado;S;N;3000;180;1100;0;447;579;787;694;19663;14493;Correo;No contactado
1738;1013098;2018-07-20 00:00:00;0;CHICAGO;38;0;Empleado;S;S;7500;800;1500;0;647;733;672;910;26754;16397;Ninguno;No aplica
1739;1004315;2017-08-25 00:00:00;1;ATLANTHIC SOUTH;34;0;Empleado;S;S;10000;3000;4200;0;548;609;577;889;8972;7252;SMS;Pago parcial
1740;1085726;2016-12-04 00:00:00;0;ATLANTHIC SOUTH;34;0;Empleado;S;S;2561;3000;4200;0;786;767;676;681;10295;5355;Ninguno;No aplica
1741;1034786;2019-11-02 00:00:00;1;NEW YORK;44;0;Pensionado;S;S;11404;1375;1800;0;495;552;623;665;18913;12541;Call center;Promesa de pago
1742;1055178;2015-07-06 00:00:00;1;ATLANTHIC SOUTH;32;12.33333333;independiente;S;S;15000;12000;22000;4;492;554;680;731;14105;10357;Correo;No contactado
1743;1066725;2016-08-14 00:00:00;1;ATLANTHIC SOUTH;27;7;independiente;S;S;12000;11000;19500;0;504;502;647;742;13228;7593;SMS;Pago parcial
1744;1007584;2018-10-15 00:00:00;0;ATLANTHIC SOUTH;37;0;Pensionado;S;N;3500;171,666;356,25;0;758;654;655;558;14903;14789;Ninguno;No aplica
1745;1059542;2014-11-12 00:00:00;0;NEW YORK;31;0;Empleado;S;S;11500;350;600;3;654;738;586;677;8020;4848;Ninguno;No aplica
1746;1085881;2014-07-23 00:00:00;0;545454;66;0;independiente;N;N;7500;367;1167;2;712;758;719;789;13987;7905;Ninguno;No aplica
1747;1086055;2018-07-07 00:00:00;0;ATLANTHIC SOUTH;55;0;independiente;N;S;4000;400;1400;3;749;738;569;508;25420;15297;Ninguno;No aplica
1748;1082581;2018-04-14 00:00:00;0;NEW YORK;44;0;Pensionado;S;N;5950;1455;3000;4;725;572;572;744;26452;23398;Ninguno;No aplica
1749;1004549;2017-10-29 00:00:00;1;NEW YORK;42;0;Empleado;S;S;5000;560;1100;2;509;645;676;844;17880;12744;Call center;Promesa de pago
1750;1030803;2015-05-03 00:00:00;1;NEW YORK;44;0;independiente;S;N;5400;1455;3000;0;550;470;762;670;10233;8009;SMS;Pago parcial
1751;1038968;2014-08-13 00:00:00;1;ATLANTHIC SOUTH;45;10;Pensionado;N;S;14000;2700;9000;3;365;634;625;872;14516;7410;Correo;No contactado
1752;1019028;2014-07-21 00:00:00;1;NEW YORK;22;0.75;Empleado;N;S;8000;17700;25100;0;534;558;699;658;19559;10116;Call center;Promesa de pago
1753;1043570;2015-02-02 00:00:00;1;NEW YORK;64;0;Pensionado;S;S;5000;980;1800;4;467;622;725;760;21701;15688;Call center;Promesa de pago
1754;1096133;2019-03-02 00:00:00;1;CHICAGO;70;0;independiente;S;S;6400;250;600;0;408;500;707;692;7396;6718;Call center;Promesa de pago
1755;1016344;2015-01-22 00:00:00;0;NEW YORK;37;0;independiente;N;S;6875;370;770;2;726;750;628;642;23546;22195;Ninguno;No aplica
1756;1085944;2016-03-31 00:00:00;1;NEW YORK;59;0;Pensionado;S;S;1680;700;1500;0;569;492;574;664;24129;13111;SMS;Pago parcial
1757;1093217;2014-08-26 00:00:00;0;NEW YORK;58;0;Pensionado;N;S;6000;430;700;4;693;640;495;733;6591;5070;Ninguno;No aplica
1758;1080538;2019-10-30 00:00:00;0;NEW YORK;36;0;Pensionado;S;N;7500;280;600;3;748;620;632;746;16303;15596;Ninguno;No aplica
1759;1006373;2015-12-30 00:00:00;0;NEW ENGALND;25;5.833333333;Empleado;S;N;15400;13840;39984;0;781;575;732;664;11183;7761;Ninguno;No aplica
1760;1044194;2014-09-21 00:00:00;1;ATLANTHIC SOUTH;47;0;independiente;S;S;3750;250;461;0;566;586;571;598;25314;23157;SMS;Pago parcial
1761;1092465;2017-02-02 00:00:00;1;ATLANTHIC SOUTH;45;20;Empleado;N;N;14000;4050;12150;0;582;688;699;756;6312;3578;Correo;No contactado
1762;1046737;2016-09-15 00:00:00;1;NEW YORK;33;0;Pensionado;N;N;6000;500;650;2;537;740;583;758;25695;24865;Whatsapp;Sin gestión
1763;1014851;2015-01-08 00:00:00;1;NEW YORK;42;0;independiente;S;S;8000;300;800;0;504;586;657;700;12314;10784;Call center;Promesa de pago
1764;1031847;2017-08-24 00:00:00;1;545454;22;0;Empleado;N;S;6000;310;650;0;420;647;700;888;23767;23070;Call center;Promesa de pago
1765;1066176;2019-06-03 00:00:00;1;ATLANTHIC SOUTH;44;0;Pensionado;S;S;9600;600;5036;0;488;594;604;579;24623;20642;Correo;No contactado
1766;1013848;2016-10-04 00:00:00;1;ATLANTHIC SOUTH;46;0;independiente;N;S;6250;700;1200;4;458;610;662;520;7139;4867;Call center;Promesa de pago
1767;1048412;2015-10-20 00:00:00;0;NEW YORK;40;0;Empleado;S;N;2400;255;700;0;809;659;621;604;19688;19079;Ninguno;No aplica
1768;1032670;2014-12-09 00:00:00;1;NEW ENGALND;32;0;Empleado;N;S;11500;737;1500;0;491;592;699;784;23088;14725;SMS;Pago parcial
1769;1093283;2019-12-13 00:00:00;0;545454;47;0;independiente;S;S;12000;380;1700;4;706;712;666;575;11924;7942;Ninguno;No aplica
1770;1070717;2017-03-14 00:00:00;0;NEW YORK;48;0;Pensionado;S;S;7500;645;845;1;728;645;654;582;5362;4560;Ninguno;No aplica
1771;1079158;2016-05-05 00:00:00;0;CHICAGO;46;0;Pensionado;S;N;9375;650;1300;0;702;675;759;756;23988;21173;Ninguno;No aplica
1772;1003232;2015-03-20 00:00:00;0;NEW YORK;23;0;Empleado;S;S;10000;520;1100;4;785;676;696;712;18481;17829;Ninguno;No aplica
1773;1060145;2015-02-15 00:00:00;1;545454;36;0;independiente;S;N;7000;477;1240;0;469;630;602;754;25670;15464;SMS;Pago parcial
1774;1032357;2016-02-27 00:00:00;0;NEW YORK;32;0;independiente;S;S;8125;260;800;3;710;616;644;740;8738;7855;Ninguno;No aplica
1775;1096664;2015-11-30 00:00:00;0;CHICAGO;33;0;independiente;N;S;5000;500;1000;3;663;677;645;632;7469;6493;Ninguno;No aplica
1776;1062317;2017-01-01 00:00:00;1;545454;34;0;Empleado;N;S;12000;1698,334;2145,5;1;434;695;656;686;26179;13925;Call center;Promesa de pago
1777;1038529;2018-12-10 00:00:00;0;NEW YORK;69;0;independiente;N;S;7500;280;600;1;669;750;827;743;27534;19098;Ninguno;No aplica
1778;1096225;2014-09-01 00:00:00;1;NEW YORK;51;0;independiente;S;S;8750;267,81;785,4;3;498;661;676;599;21106;13537;Call center;Promesa de pago
1779;1050598;2019-08-15 00:00:00;0;CHICAGO;47;0;Pensionado;N;N;1000;400;800;2;679;681;507;477;21940;14310;Ninguno;No aplica
1780;1030959;2015-04-21 00:00:00;1;CHICAGO;40;0;independiente;S;S;6500;470;1600;2;465;599;612;681;14017;13897;SMS;Pago parcial
1781;1022524;2015-02-05 00:00:00;1;NEW YORK;26;0;Pensionado;S;S;10000;650;1400;4;430;640;515;804;7808;6413;Call center;Promesa de pago
1782;1011372;2016-02-12 00:00:00;1;NEW YORK;46;0;Empleado;S;S;9375;394;810;2;496;674;627;743;21370;18353;SMS;Pago parcial
1783;1069506;2018-05-06 00:00:00;0;545454;30;0;independiente;S;N;8250;400;1135;0;625;563;511;747;26534;26224;Ninguno;No aplica
1784;1094311;2018-01-17 00:00:00;0;NEW YORK;42;0;independiente;N;S;8800;450;9500;0;738;601;589;489;19870;13682;Ninguno;No aplica
1785;1081310;2017-12-17 00:00:00;1;545454;58;0;independiente;S;N;2500;498;920;1;504;659;544;748;17713;15958;Whatsapp;Sin gestión
1786;1094457;2016-01-14 00:00:00;1;CHICAGO;23;0;Empleado;S;S;5625;250;1300;1;427;563;677;779;12561;9010;Whatsapp;Sin gestión
1787;1015791;2014-11-27 00:00:00;1;545454;45;0;Empleado;S;S;6250;500;1400;2;485;540;650;598;7719;7215;Call center;Promesa de pago
1788;1024738;2019-04-01 00:00:00;1;NEW YORK;27;0;Pensionado;N;S;8125;418;880;0;462;505;671;798;27890;16464;Call center;Promesa de pago
1789;1026473;2016-11-11 00:00:00;1;NEW YORK;48;0;Pensionado;S;S;3800;300;894;1;516;547;643;710;16700;16263;Call center;Promesa de pago
1790;1073837;2016-04-06 00:00:00;0;ATLANTHIC SOUTH;53;19;Pensionado;N;S;14400;8580;16500;1;767;596;552;946;8741;5327;Ninguno;No aplica
1791;1017858;2019-03-18 00:00:00;0;ATLANTHIC SOUTH;35;0;Empleado;S;S;6250;630;1554,166;0;606;805;686;474;14766;9791;Ninguno;No aplica
1792;1022005;2019-01-22 00:00:00;1;ATLANTHIC SOUTH;56;0;independiente;S;S;3125;400;1000;0;506;579;785;843;8998;7901;SMS;Pago parcial
1793;1086240;2016-07-06 00:00:00;1;NEW YORK;43;0;Pensionado;S;N;9000;662;1350;0;492;577;679;685;23787;16577;Whatsapp;Sin gestión
1794;1012821;2015-04-19 00:00:00;1;ATLANTHIC SOUTH;47;0;Pensionado;S;N;7200;1365;2800;2;534;615;620;574;21077;16948;Whatsapp;Sin gestión
1795;1079872;2016-03-12 00:00:00;1;ATLANTHIC SOUTH;47;20;Pensionado;S;S;12500;4510;22000;1;511;638;550;673;5294;3824;Correo;No contactado
1796;1010930;2018-06-22 00:00:00;0;NEW YORK;67;0;Empleado;N;S;6600;490;1100;0;662;737;586;695;15177;13222;Ninguno;No aplica
1797;1074960;2018-03-26 00:00:00;0;ATLANTHIC SOUTH;63;0;independiente;S;N;9000;366;1400;0;684;744;682;763;26727;16415;Ninguno;No aplica
1798;1094079;2017-10-08 00:00:00;1;ATLANTHIC SOUTH;49;0;Empleado;S;S;5064;320;1200;3;460;542;725;875;14882;7876;Correo;No contactado
1799;1023773;2019-12-10 00:00:00;0;NEW YORK;53;0;Pensionado;N;S;9375;180;550;0;754;662;668;798;6136;3988;Ninguno;No aplica
1800;1048568;2015-02-02 00:00:00;0;ATLANTHIC SOUTH;46;0;Pensionado;N;N;6250;300;1200;3;701;726;706;583;7064;5207;Ninguno;No aplica
1801;1091855;2017-03-05 00:00:00;1;ATLANTHIC SOUTH;54;0;independiente;S;S;5000;150;800;4;595;548;700;822;12009;7013;Call center;Promesa de pago
1802;1037594;2018-08-01 00:00:00;1;NEW YORK;69;0;Empleado;S;S;8000;328;730;0;497;580;685;755;17987;12184;SMS;Pago parcial
1803;1080984;2016-11-02 00:00:00;1;NEW YORK;67;0;independiente;N;S;6250;300;700;0;465;604;604;661;9543;6680;Call center;Promesa de pago
1804;1099068;2017-02-28 00:00:00;1;CHICAGO;29;0;independiente;S;N;6200;400;1200;2;424;627;662;701;6007;3176;Whatsapp;Sin gestión
1805;1075111;2017-01-30 00:00:00;0;ATLANTHIC SOUTH;28;10;independiente;S;S;12000;7150;13200;2;610;573;591;606;10445;8269;Ninguno;No aplica
1806;1072906;2019-07-04 00:00:00;0;NEW YORK;32;0;Empleado;N;S;5000;600;1111,5;4;621;723;651;673;15706;14798;Ninguno;No aplica
1807;1078080;2019-09-15 00:00:00;1;ATLANTHIC SOUTH;26;0;Empleado;S;S;9000;300;900;3;513;566;673;654;19749;11373;Call center;Promesa de pago
1808;1062778;2018-10-05 00:00:00;0;CHICAGO;57;0;Pensionado;S;S;1250;550;700;4;725;722;768;577;16718;13356;Ninguno;No aplica
1809;1056503;2015-11-14 00:00:00;1;NEW YORK;49;0;independiente;S;N;8625;280;450;0;421;627;558;763;26736;22254;Call center;Promesa de pago
1810;1082505;2018-02-15 00:00:00;0;NEW YORK;43;0;Pensionado;S;S;5000;596;942;2;745;776;684;727;14439;10247;Ninguno;No aplica
1811;1017309;2015-11-23 00:00:00;0;NEW YORK;42;20;Pensionado;S;S;13200;11000;21600;0;676;761;754;653;18281;15549;Ninguno;No aplica
1812;1021997;2016-12-27 00:00:00;1;NEW YORK;72;0;independiente;S;N;3800;380;750;0;507;661;703;843;6435;4539;Whatsapp;Sin gestión
1813;1037902;2017-11-14 00:00:00;0;545454;30;0;independiente;S;S;6250;392;1200;4;781;767;708;647;5571;4191;Ninguno;No aplica
1814;1028889;2015-09-05 00:00:00;0;545454;30;0;independiente;S;S;5250;392;1200;2;745;697;691;643;7382;3718;Ninguno;No aplica
1815;1030359;2016-05-29 00:00:00;1;ATLANTHIC SOUTH;31;0;Pensionado;S;S;7500;160;1400;2;487;582;741;779;10084;8530;Whatsapp;Sin gestión
1816;1054646;2016-09-20 00:00:00;0;NEW YORK;40;0;Empleado;S;S;4500;205;833;3;655;732;574;658;21661;17993;Ninguno;No aplica
1817;1060079;2017-09-24 00:00:00;0;NEW YORK;39;0;Empleado;N;S;4400;340;800;0;592;724;553;678;18507;9609;Ninguno;No aplica
1818;1025097;2015-11-19 00:00:00;1;NEW YORK;51;0;Empleado;S;N;8625;180;450;0;464;561;650;493;12059;8250;Whatsapp;Sin gestión
1819;1085823;2015-12-25 00:00:00;0;NEW ENGALND;30;10;Empleado;S;S;12000;4270;18000;0;689;704;499;672;23271;23027;Ninguno;No aplica
1820;1015112;2018-04-12 00:00:00;0;NEW ENGALND;77;0;independiente;S;N;8000;1070;1500;3;651;678;736;506;17771;12624;Ninguno;No aplica
1821;1012515;2016-11-27 00:00:00;0;CHICAGO;31;0;Empleado;S;N;6000;720;1212;0;693;629;735;560;22649;17009;Ninguno;No aplica
1822;1045314;2018-01-08 00:00:00;1;NEW ENGALND;42;5;Pensionado;N;N;15000;310;750;3;504;657;620;600;12491;11928;Whatsapp;Sin gestión
1823;1000903;2018-06-16 00:00:00;1;ATLANTHIC SOUTH;40;0;independiente;S;N;4000;220;380;4;489;583;624;626;19527;16766;Correo;No contactado
1824;1012241;2018-10-19 00:00:00;1;ATLANTHIC SOUTH;43;0;Empleado;S;N;6250;400;1600;0;467;703;645;671;22424;17738;SMS;Pago parcial
1825;1024487;2015-07-16 00:00:00;1;ATLANTHIC SOUTH;19;0;Empleado;N;N;6500;480;1300;3;508;482;654;676;19859;17851;SMS;Pago parcial
1826;1083069;2019-08-23 00:00:00;0;NEW YORK;45;0;independiente;S;N;7000;300;800;0;722;647;659;730;13073;12186;Ninguno;No aplica
1827;1066766;2019-12-10 00:00:00;1;ATLANTHIC SOUTH;37;0;Pensionado;S;S;7500;710;1400;1;445;582;689;740;14077;10254;Whatsapp;Sin gestión
1828;1044054;2014-09-26 00:00:00;1;ATLANTHIC SOUTH;44;0;Pensionado;S;N;4000;800;1600;3;571;648;638;549;24136;17802;SMS;Pago parcial
1829;1006476;2014-12-30 00:00:00;0;CHICAGO;48;0;Empleado;S;N;2000;650;850;1;695;704;716;677;29597;20511;Ninguno;No aplica
1830;1092678;2019-11-12 00:00:00;1;CHICAGO;70;0;Pensionado;S;S;3000;1500;3000;3;501;599;681;749;25953;25521;SMS;Pago parcial
1831;1075943;2014-08-03 00:00:00;1;ATLANTHIC SOUTH;64;0;Empleado;S;N;3500;300;1300;1;535;512;608;690;16383;13902;SMS;Pago parcial
1832;1014794;2017-07-31 00:00:00;1;545454;33;0;independiente;S;S;8000;550;1200;3;512;511;743;715;21378;11579;SMS;Pago parcial
1833;1025302;2018-07-24 00:00:00;1;ATLANTHIC SOUTH;27;0;independiente;S;N;5650;200;642;0;548;599;555;737;27737;25836;Whatsapp;Sin gestión
1834;1091949;2019-04-04 00:00:00;0;NEW YORK;51;0;independiente;S;S;5000;667;1200;0;714;598;644;739;7353;5443;Ninguno;No aplica
1835;1087508;2019-05-19 00:00:00;0;NEW YORK;36;0;Pensionado;S;S;6250;480;1300;0;669;648;718;528;28821;15401;Ninguno;No aplica
1836;1079852;2016-05-17 00:00:00;1;NEW YORK;53;0;Pensionado;S;N;3200;500;750;0;518;610;599;698;9799;7593;Call center;Promesa de pago
1837;1054421;2015-10-28 00:00:00;1;NEW YORK;24;0;Empleado;N;N;2500;265;1400;4;443;521;672;856;22070;15638;Call center;Promesa de pago
1838;1053287;2017-06-26 00:00:00;1;NEW YORK;27;0;Empleado;N;N;7750;390;1000;0;505;676;688;847;29860;28035;Call center;Promesa de pago
1839;1053588;2019-05-09 00:00:00;1;NEW YORK;66;0;Pensionado;N;N;7500;210;355;4;498;653;590;797;26195;15769;Correo;No contactado
1840;1014627;2016-05-25 00:00:00;1;CHICAGO;48;0;Pensionado;N;S;5000;700;1000;0;490;486;645;768;16939;15469;SMS;Pago parcial
1841;1007701;2019-04-22 00:00:00;1;CHICAGO;24;0;Empleado;N;N;11250;600;1500;3;494;524;639;869;26730;20819;Whatsapp;Sin gestión
1842;1010456;2016-10-17 00:00:00;0;ATLANTHIC SOUTH;40;0;Pensionado;S;S;2000;375;1500;1;606;543;611;843;26427;13935;Ninguno;No aplica
1843;1077326;2019-03-09 00:00:00;0;545454;36;0;independiente;S;N;7500;485;1200;2;673;633;811;658;7428;7323;Ninguno;No aplica
1844;1029605;2015-08-03 00:00:00;0;545454;63;0;independiente;N;S;8000;300;1150;0;705;726;597;583;26510;20050;Ninguno;No aplica
1845;1030996;2016-01-16 00:00:00;0;NEW YORK;27;0;Pensionado;N;N;7000;220;600;4;708;655;720;646;29604;19108;Ninguno;No aplica
1846;1089996;2015-12-24 00:00:00;0;545454;30;0;Pensionado;N;S;6400;600;1300;4;649;708;623;949;16296;11973;Ninguno;No aplica
1847;1023158;2017-05-26 00:00:00;0;545454;35;0;independiente;S;S;3600;470;1000;4;763;589;574;529;12813;11902;Ninguno;No aplica
1848;1098927;2017-07-03 00:00:00;1;NEW YORK;49;20;independiente;S;S;12000;9470;19350;0;457;628;657;678;19414;12667;Whatsapp;Sin gestión
1849;1095085;2016-03-12 00:00:00;0;NEW YORK;55;0;Empleado;N;N;4000;512;835;1;748;647;695;543;16801;10019;Ninguno;No aplica
1850;1056041;2017-09-03 00:00:00;1;545454;41;0;Pensionado;S;S;10000;500;1500;1;521;581;714;731;16745;9453;Correo;No contactado
1851;1038109;2019-05-15 00:00:00;0;NEW ENGALND;65;0;independiente;S;N;3500;300;700;2;668;674;759;562;18025;11697;Ninguno;No aplica
1852;1010414;2017-08-07 00:00:00;0;NEW ENGALND;44;0;Pensionado;S;S;8400;500;1000;0;789;604;856;660;8356;7437;Ninguno;No aplica
1853;1071870;2017-04-21 00:00:00;0;ATLANTHIC SOUTH;26;0;independiente;S;N;10000;200;800;3;640;611;668;494;19288;14192;Ninguno;No aplica
1854;1012135;2017-01-24 00:00:00;1;NEW ENGALND;41;0;Pensionado;S;S;7200;570;1600;1;546;638;604;776;28650;17584;Whatsapp;Sin gestión
1855;1053916;2017-01-14 00:00:00;0;ATLANTHIC SOUTH;34;0;Pensionado;S;S;11500;450;2000;2;750;704;682;780;11540;6729;Ninguno;No aplica
1856;1009448;2019-01-30 00:00:00;0;NEW YORK;62;0;Empleado;S;S;11200;300;900;0;666;743;631;635;21422;14275;Ninguno;No aplica
1857;1010578;2019-12-21 00:00:00;0;NEW ENGALND;33;0;Pensionado;S;S;7200;300;1000;0;770;699;715;658;8342;8091;Ninguno;No aplica
1858;1072472;2019-03-15 00:00:00;0;NEW YORK;47;0;Pensionado;S;S;2000;162;650;2;687;689;559;655;14078;9454;Ninguno;No aplica
1859;1009449;2015-03-23 00:00:00;0;545454;46;0;Empleado;N;N;2250;600;1300;0;714;576;816;686;7844;7797;Ninguno;No aplica
1860;1050168;2014-12-21 00:00:00;1;NEW YORK;57;0;Pensionado;S;S;8840;300;1000;0;513;564;710;717;15396;11433;Call center;Promesa de pago
1861;1016538;2018-06-10 00:00:00;1;NEW YORK;36;15;independiente;S;N;13500;21940;47044;2;493;578;532;789;22482;13255;Correo;No contactado
1862;1081596;2014-10-21 00:00:00;1;NEW YORK;41;0;Empleado;S;S;10500;615,646;1747,667;3;541;697;600;831;28411;26865;Whatsapp;Sin gestión
1863;1036217;2014-10-09 00:00:00;0;NEW YORK;57;0;Pensionado;S;N;10000;360;900;2;740;721;707;597;23207;16945;Ninguno;No aplica
1864;1082626;2018-06-09 00:00:00;0;NEW YORK;69;0;independiente;S;S;2500;320;900;0;613;772;732;642;18998;16240;Ninguno;No aplica
1865;1003837;2015-12-12 00:00:00;1;NEW YORK;51;0;Empleado;N;S;6250;400;880;0;565;616;561;801;18261;18112;Correo;No contactado
1866;1045741;2018-02-01 00:00:00;1;NEW YORK;57;0;Pensionado;S;N;6250;220;1100;4;417;537;700;592;24539;12885;Correo;No contactado
1867;1048711;2016-07-02 00:00:00;1;545454;26;0;Empleado;N;N;4000;570;1230;1;552;587;514;543;8093;4438;Whatsapp;Sin gestión
1868;1076231;2016-11-14 00:00:00;1;NEW ENGALND;48;0;independiente;S;S;7500;150;850;2;556;594;644;740;16722;14385;Call center;Promesa de pago
1869;1000379;2017-03-20 00:00:00;1;NEW ENGALND;62;0;independiente;S;S;9600;410;1200;0;445;524;728;765;27042;17332;Whatsapp;Sin gestión
1870;1090512;2018-05-20 00:00:00;1;NEW YORK;26;3;Pensionado;N;S;12600;7100;13500;1;479;557;611;655;25162;14900;SMS;Pago parcial
1871;1044264;2015-07-20 00:00:00;1;ATLANTHIC SOUTH;57;0;Empleado;S;S;2000;427;1050;0;445;568;545;668;24280;12618;SMS;Pago parcial
1872;1026036;2017-07-14 00:00:00;1;NEW YORK;39;0;Empleado;S;N;4800;1314;2225;0;489;676;660;652;16645;8504;Whatsapp;Sin gestión
1873;1014229;2017-04-25 00:00:00;0;545454;39;0;Pensionado;S;N;6750;583;1600;1;685;555;608;592;20083;17818;Ninguno;No aplica
1874;1093747;2015-08-09 00:00:00;0;NEW YORK;28;0;Pensionado;S;S;5000;921;1504;0;739;752;694;732;5988;3396;Ninguno;No aplica
1875;1053786;2017-10-26 00:00:00;1;545454;28;0;Pensionado;S;N;5000;760;1630;3;566;524;588;614;25500;18713;Call center;Promesa de pago
1876;1049840;2019-01-12 00:00:00;0;NEW YORK;44;0;Empleado;S;S;8750;650;1580;2;770;598;596;646;11446;9191;Ninguno;No aplica
1877;1068394;2015-10-28 00:00:00;1;545454;54;0;Pensionado;S;S;8000;290;1300;1;472;651;509;639;21335;15237;SMS;Pago parcial
1878;1071312;2018-04-05 00:00:00;1;ATLANTHIC SOUTH;60;0;independiente;S;S;2500;550;1300;3;490;624;662;589;25563;13128;SMS;Pago parcial
1879;1055051;2017-01-11 00:00:00;1;545454;58;0;independiente;S;N;7500;300;1600;4;416;655;639;798;21133;18845;Whatsapp;Sin gestión
1880;1033385;2017-08-23 00:00:00;1;ATLANTHIC SOUTH;36;0;Pensionado;S;S;10000;847;2429;1;460;628;567;673;6682;3376;Whatsapp;Sin gestión
1881;1025051;2019-08-29 00:00:00;0;NEW YORK;49;0;independiente;S;S;2000;450;950;2;748;804;664;687;10626;9361;Ninguno;No aplica
1882;1060270;2016-09-14 00:00:00;0;ATLANTHIC SOUTH;54;0;Pensionado;S;S;4000;374;800;2;781;714;722;534;12424;11761;Ninguno;No aplica
1883;1003955;2020-01-01 00:00:00;0;ATLANTHIC SOUTH;32;0;independiente;N;S;12500;4400;21758;3;638;671;635;603;17857;12793;Ninguno;No aplica
1884;1042302;2016-12-27 00:00:00;0;ATLANTHIC SOUTH;70;0;Pensionado;N;N;9600;800;1600;3;670;701;669;738;17155;13171;Ninguno;No aplica
1885;1054046;2017-12-03 00:00:00;1;NEW YORK;36;0;Pensionado;S;S;4375;832;1090;0;499;655;669;953;22317;16481;Whatsapp;Sin gestión
1886;1001606;2019-02-23 00:00:00;0;ATLANTHIC SOUTH;63;0;independiente;S;S;3125;410;1000;2;714;633;566;492;24982;17353;Ninguno;No aplica
1887;1061434;2017-06-02 00:00:00;0;CHICAGO;44;0;Empleado;S;N;6000;400;800;0;660;641;794;652;16425;15500;Ninguno;No aplica
1888;1043011;2015-07-04 00:00:00;1;ATLANTHIC SOUTH;31;0;Pensionado;N;S;6000;420;1469,615;3;521;561;617;757;6980;6610;Correo;No contactado
1889;1002595;2019-02-16 00:00:00;1;CHICAGO;58;0;Empleado;N;N;4700;245;500;0;476;454;696;665;20522;13707;Correo;No contactado
1890;1013225;2018-11-17 00:00:00;0;ATLANTHIC SOUTH;26;0;Pensionado;S;S;7500;400;1300;3;699;688;704;746;24440;19736;Ninguno;No aplica
1891;1020845;2015-01-15 00:00:00;1;NEW YORK;38;0;Pensionado;S;S;5625;592,75;868,257;0;527;467;640;642;13984;13473;Correo;No contactado
1892;1015880;2017-06-02 00:00:00;1;NEW ENGALND;55;0;independiente;N;S;7500;1000;2100;4;500;583;692;734;22175;21754;Whatsapp;Sin gestión
1893;1057995;2015-11-22 00:00:00;1;NEW YORK;32;0;Empleado;S;S;6400;370;800;2;478;632;667;673;20883;15756;Call center;Promesa de pago
1894;1096975;2016-07-14 00:00:00;1;545454;27;0;independiente;S;N;3000;300;1400;4;495;551;551;830;10390;7547;SMS;Pago parcial
1895;1074650;2017-10-12 00:00:00;1;CHICAGO;28;0;Pensionado;S;S;8200;559;1400;2;496;681;627;659;28019;17914;Correo;No contactado
1896;1072489;2016-12-25 00:00:00;0;545454;53;0;independiente;S;N;12000;600;1500;2;681;592;607;638;23639;23153;Ninguno;No aplica
1897;1098519;2015-07-03 00:00:00;1;545454;48;0;independiente;S;S;3925;544,167;1350;4;487;651;618;805;24994;14282;Call center;Promesa de pago
1898;1041198;2019-08-08 00:00:00;0;NEW YORK;52;0;Empleado;S;S;5000;735;1200;0;780;721;559;577;6607;5219;Ninguno;No aplica
1899;1026779;2019-08-12 00:00:00;1;ATLANTHIC SOUTH;57;0;independiente;S;S;12500;6000;18120;0;528;477;729;726;26563;17034;Whatsapp;Sin gestión
1900;1041645;2018-10-09 00:00:00;1;CHICAGO;67;0;Empleado;S;S;8100;428;950;3;485;743;762;556;11573;7401;Correo;No contactado
1901;1009364;2018-03-22 00:00:00;1;ATLANTHIC SOUTH;32;0;Empleado;S;N;2500;1418,333;2450;0;535;576;718;622;22368;15713;Whatsapp;Sin gestión
1902;1077138;2018-04-03 00:00:00;0;NEW ENGALND;41;16.66666667;Empleado;N;S;13000;300;600;1;683;627;739;704;10776;10769;Ninguno;No aplica
1903;1054679;2018-05-17 00:00:00;1;545454;55;0;Empleado;S;N;5700;600;1400;1;559;496;626;631;8676;4576;Call center;Promesa de pago
1904;1099202;2019-08-14 00:00:00;0;545454;61;0;Pensionado;S;N;5000;1229;2097;3;718;667;605;621;8380;6614;Ninguno;No aplica
1905;1086690;2017-05-05 00:00:00;1;ATLANTHIC SOUTH;43;0;independiente;S;N;4050;350;500;3;495;572;595;764;13711;7422;Correo;No contactado
1906;1087989;2019-10-02 00:00:00;0;ATLANTHIC SOUTH;49;0;independiente;S;N;12500;7200;20400;1;722;686;695;618;13782;7956;Ninguno;No aplica
1907;1079668;2019-10-07 00:00:00;0;ATLANTHIC SOUTH;37;0;Pensionado;S;S;10000;290;2000;3;621;662;666;744;22434;16148;Ninguno;No aplica
1908;1022457;2017-03-29 00:00:00;0;ATLANTHIC SOUTH;26;0;Pensionado;N;N;12500;10800;21600;0;644;718;645;689;18997;14347;Ninguno;No aplica
1909;1007042;2016-05-02 00:00:00;1;NEW YORK;54;0;independiente;S;S;5000;919;1223;2;440;557;741;759;25017;15746;Correo;No contactado
1910;1077704;2017-02-20 00:00:00;1;ATLANTHIC SOUTH;73;0;independiente;S;S;15000;4800;13200;3;507;464;678;832;11342;7466;Correo;No contactado
1911;1037741;2017-04-29 00:00:00;1;545454;26;0;Empleado;N;S;8400;375;800;3;587;571;591;749;22343;12143;Correo;No contactado
1912;1051639;2016-06-15 00:00:00;1;CHICAGO;28;0;Empleado;N;S;4400;220;1400;4;612;438;602;858;11059;7206;Call center;Promesa de pago
1913;1075476;2016-08-12 00:00:00;1;CHICAGO;53;0;independiente;N;N;6500;210;1150;2;532;601;698;802;13884;13652;Correo;No contactado
1914;1079165;2019-07-10 00:00:00;0;NEW YORK;54;0;Pensionado;N;S;9487;925;1850;2;725;621;723;623;10655;10360;Ninguno;No aplica
1915;1052022;2016-05-13 00:00:00;0;NEW YORK;38;0;independiente;S;N;10000;500;800;4;610;690;689;786;17091;11407;Ninguno;No aplica
1916;1051487;2019-06-11 00:00:00;1;NEW YORK;24;0;Pensionado;S;S;8000;250;700;0;473;659;783;744;25857;20309;SMS;Pago parcial
1917;1075134;2016-08-20 00:00:00;0;NEW YORK;28;0;independiente;S;N;10000;300;1100;3;661;623;764;634;24330;23230;Ninguno;No aplica
1918;1070823;2014-12-26 00:00:00;1;NEW ENGALND;28;0;independiente;S;S;7500;600;1726,66;1;469;644;681;745;20251;10188;SMS;Pago parcial
1919;1063965;2017-06-09 00:00:00;1;ATLANTHIC SOUTH;33;0;Empleado;S;S;3125;250;800;0;492;554;591;820;29109;26354;Whatsapp;Sin gestión
1920;1049471;2017-10-18 00:00:00;0;ATLANTHIC SOUTH;36;0;independiente;S;S;2500;350;1000;2;676;785;558;711;5526;5383;Ninguno;No aplica
1921;1097255;2016-09-28 00:00:00;1;NEW YORK;56;0;Pensionado;S;N;8755;700;1200;3;401;558;623;884;8224;4488;Correo;No contactado
1922;1043366;2019-03-29 00:00:00;0;CHICAGO;22;0;Pensionado;N;S;9600;388,16;2043;2;737;630;703;768;20069;11655;Ninguno;No aplica
1923;1047976;2019-10-02 00:00:00;0;545454;31;0;independiente;S;S;5400;200;1150;3;646;721;778;717;16536;16211;Ninguno;No aplica
1924;1084598;2017-12-16 00:00:00;0;CHICAGO;50;0;Pensionado;S;N;22830;822;1500;2;712;654;679;578;18547;14258;Ninguno;No aplica
1925;1051672;2016-03-11 00:00:00;0;545454;43;0;Pensionado;S;N;6250;200;800;0;804;630;732;654;23259;11795;Ninguno;No aplica
1926;1022715;2018-08-23 00:00:00;1;545454;44;0;Empleado;S;N;5000;1800;2800;0;454;551;633;726;6763;4253;SMS;Pago parcial
1927;1008854;2017-12-15 00:00:00;1;NEW YORK;62;20;independiente;S;S;9600;1080;1600;0;373;577;694;783;13712;9941;SMS;Pago parcial
1928;1067246;2016-07-26 00:00:00;0;545454;40;0;Pensionado;S;N;9000;215;2100;0;686;761;708;727;10797;9139;Ninguno;No aplica
1929;1089967;2018-10-26 00:00:00;1;NEW ENGALND;34;10;Empleado;N;N;15000;13406;37710;4;555;464;511;735;14208;12312;SMS;Pago parcial
1930;1070075;2015-02-12 00:00:00;1;545454;21;0;Empleado;S;N;6250;250;700;0;598;581;621;731;28483;28418;Call center;Promesa de pago
1931;1047303;2017-10-23 00:00:00;0;ATLANTHIC SOUTH;49;0;Pensionado;S;S;6000;550;750;3;639;717;716;735;10109;6508;Ninguno;No aplica
1932;1022597;2019-07-13 00:00:00;0;545454;56;0;independiente;S;S;9000;250;1175;3;725;692;669;593;28028;21557;Ninguno;No aplica
1933;1025944;2018-06-29 00:00:00;0;545454;45;0;Pensionado;N;N;9375;427;1075;0;677;759;566;823;21500;16483;Ninguno;No aplica
1934;1071682;2014-12-24 00:00:00;0;NEW ENGALND;47;6;Pensionado;N;N;15000;18564;33000;4;695;676;480;486;7433;5224;Ninguno;No aplica
1935;1085718;2019-12-29 00:00:00;0;ATLANTHIC SOUTH;40;0;independiente;S;S;5000;390;1290;4;832;669;624;801;26847;15694;Ninguno;No aplica
1936;1061075;2018-02-20 00:00:00;0;NEW ENGALND;34;10;Pensionado;N;N;15000;15128;42850;4;625;716;645;666;21967;21719;Ninguno;No aplica
1937;1097751;2019-09-10 00:00:00;1;NEW YORK;40;20;Empleado;S;N;15000;7800;20000;4;513;586;588;810;29970;27772;Correo;No contactado
1938;1004897;2016-12-24 00:00:00;1;NEW YORK;33;11;independiente;N;S;11200;1363;2835;4;523;557;660;753;25172;18858;Call center;Promesa de pago
1939;1007410;2016-05-11 00:00:00;0;CHICAGO;29;0;Pensionado;N;N;11200;532;900;0;754;711;685;701;9167;7348;Ninguno;No aplica
1940;1066793;2015-02-11 00:00:00;0;NEW YORK;51;34;Empleado;S;N;15000;37042;46982;3;705;641;697;720;29849;18316;Ninguno;No aplica
1941;1063201;2017-05-25 00:00:00;1;545454;53;0;Pensionado;S;S;6000;242,167;1230;1;515;543;485;793;22773;17578;Call center;Promesa de pago
1942;1056475;2020-01-11 00:00:00;1;ATLANTHIC SOUTH;41;0;Empleado;S;S;15200;7200;16800;4;480;548;558;690;13357;11320;SMS;Pago parcial
1943;1002860;2017-06-19 00:00:00;1;ATLANTHIC SOUTH;31;0;Pensionado;N;S;9900;7480;14300;3;513;661;629;813;11154;8450;SMS;Pago parcial
1944;1029035;2018-10-19 00:00:00;1;CHICAGO;59;0;independiente;N;N;3750;700;1200;0;483;387;690;622;26804;26674;Whatsapp;Sin gestión
1945;1025076;2019-07-08 00:00:00;1;NEW YORK;71;0;Pensionado;S;S;3800;701;1040;3;531;604;684;720;13920;11215;Correo;No contactado
1946;1082695;2018-02-25 00:00:00;0;NEW ENGALND;30;30;independiente;N;S;7500;500;1200;4;682;682;683;745;23427;16059;Ninguno;No aplica
1947;1064002;2020-05-10 00:00:00;0;NEW ENGALND;47;42;Empleado;S;S;12600;700;2600;4;719;579;623;760;25581;22667;Ninguno;No aplica
1948;1082331;2015-11-21 00:00:00;0;NEW ENGALND;68;29.16666667;Empleado;N;N;1200;950;4400;2;699;699;627;711;24880;14561;Ninguno;No aplica
1949;1056900;2016-09-04 00:00:00;0;ATLANTHIC SOUTH;36;20;Pensionado;S;N;5000;500;1500;3;756;709;599;635;22162;15342;Ninguno;No aplica
1950;1096428;2020-06-01 00:00:00;1;ATLANTHIC SOUTH;30;10;independiente;N;S;12500;700;1600;2;497;615;704;801;5213;3511;Correo;No contactado
1951;1038933;2016-04-25 00:00:00;1;NEW YORK;34;14.16666667;Pensionado;S;S;10000;340;780;3;411;421;586;660;8762;6273;SMS;Pago parcial
1952;1025383;2015-12-03 00:00:00;1;NEW YORK;47;20;Pensionado;S;S;6300;700;1200;0;563;662;710;878;18399;16391;SMS;Pago parcial
1953;1032186;2020-06-20 00:00:00;0;NEW YORK;50;20;independiente;S;N;7000;435;981,6;1;655;636;665;662;14768;10959;Ninguno;No aplica
1954;1060813;2018-09-18 00:00:00;0;ATLANTHIC SOUTH;43;20;Empleado;S;S;5000;680;1200;2;667;721;647;531;15640;14029;Ninguno;No aplica
1955;1094144;2017-08-27 00:00:00;1;ATLANTHIC SOUTH;33;20;Pensionado;S;S;12500;1250;2900;0;470;624;604;612;11731;9247;Correo;No contactado
1956;1018991;2019-09-19 00:00:00;0;ATLANTHIC SOUTH;59;30;Empleado;S;S;7500;400;600;0;769;627;555;674;24501;16441;Ninguno;No aplica
1957;1014069;2017-06-14 00:00:00;1;545454;66;20;independiente;S;S;9000;260;1000;0;393;620;605;733;10791;9766;Whatsapp;Sin gestión
1958;1004136;2020-08-10 00:00:00;1;ATLANTHIC SOUTH;56;10;Pensionado;S;S;3750;650;900;4;657;557;627;897;20822;12892;SMS;Pago parcial
1959;1073931;2017-04-14 00:00:00;1;ATLANTHIC SOUTH;55;20;independiente;S;S;5200;280;900;0;553;456;484;627;13783;8438;Whatsapp;Sin gestión
1960;1038322;2020-12-31 00:00:00;0;NEW ENGALND;49;44;Empleado;S;N;9000;700;2500;0;711;750;636;674;18621;14008;Ninguno;No aplica
1961;1076630;2020-01-28 00:00:00;1;NEW YORK;35;13.33333333;Empleado;S;S;8750;984;3059;4;497;533;715;625;21019;13251;Call center;Promesa de pago
1962;1007764;2017-08-30 00:00:00;0;NEW YORK;41;22;independiente;S;S;5000;636;1176;0;714;629;690;626;7720;3895;Ninguno;No aplica
1963;1072982;2017-04-01 00:00:00;0;545454;40;15;Empleado;S;S;5500;200;500;0;726;656;615;822;13905;11460;Ninguno;No aplica
1964;1024471;2017-10-04 00:00:00;1;ATLANTHIC SOUTH;53;40;Empleado;S;N;12500;220;600;4;532;596;653;618;14127;10674;SMS;Pago parcial
1965;1045645;2018-08-30 00:00:00;0;ATLANTHIC SOUTH;29;10;independiente;S;S;8750;817;1800;0;728;677;611;723;27431;19826;Ninguno;No aplica
1966;1040634;2018-11-26 00:00:00;1;NEW YORK;58;33.33333333;Empleado;S;S;13000;350;1200;4;504;613;660;755;29416;28930;Call center;Promesa de pago
1967;1038824;2019-04-24 00:00:00;1;ATLANTHIC SOUTH;27;5;independiente;S;S;12600;1075;2400;4;490;500;758;718;21385;16800;SMS;Pago parcial
1968;1004792;2017-08-01 00:00:00;0;NEW YORK;42;22;independiente;S;S;5100;320;800;0;692;635;718;717;11368;10592;Ninguno;No aplica
1969;1091817;2016-03-27 00:00:00;0;ATLANTHIC SOUTH;26;5;Empleado;S;S;12500;600;2000;0;690;673;686;566;19056;10857;Ninguno;No aplica
1970;1020092;2016-01-09 00:00:00;0;545454;50;12;Pensionado;S;S;7500;1058;1708;1;757;794;615;819;17236;13523;Ninguno;No aplica
1971;1020831;2015-10-20 00:00:00;1;ATLANTHIC SOUTH;52;30;Empleado;S;S;6900;740;900;4;530;573;702;893;23333;21793;Call center;Promesa de pago
1972;1064118;2018-10-07 00:00:00;1;NEW ENGALND;39;20;Empleado;S;S;4000;400;900;0;353;645;532;724;28116;22255;SMS;Pago parcial
1973;1013353;2018-03-20 00:00:00;1;NEW ENGALND;57;11;Pensionado;S;S;4500;450;950;0;533;582;632;938;19451;16709;Whatsapp;Sin gestión
1974;1041851;2018-08-29 00:00:00;1;ATLANTHIC SOUTH;28;8;Pensionado;S;S;12500;1715,5;2600;4;510;551;691;684;29217;20043;Whatsapp;Sin gestión
1975;1044945;2016-11-03 00:00:00;0;NEW YORK;55;30;Pensionado;S;N;12500;510;1320;0;699;665;702;706;22301;12181;Ninguno;No aplica
1976;1086488;2018-08-28 00:00:00;0;NEW YORK;39;10;independiente;S;S;4177;948;1123;4;681;670;697;799;24558;17902;Ninguno;No aplica
1977;1052594;2020-09-06 00:00:00;1;NEW YORK;31;10;Empleado;S;S;7200;500;1315;4;556;616;671;679;15433;10761;Whatsapp;Sin gestión
1978;1042892;2016-09-03 00:00:00;0;NEW YORK;32;11.66666667;Empleado;S;S;13400;250;1030;0;747;762;636;546;20525;19161;Ninguno;No aplica
1979;1004108;2020-09-11 00:00:00;1;545454;63;33.33333333;Empleado;S;S;12500;643,2;2134,2;3;461;602;688;575;28398;17663;Call center;Promesa de pago
1980;1094615;2019-05-15 00:00:00;0;NEW ENGALND;45;1.666666667;independiente;S;S;14000;520;1400;0;720;751;583;855;5089;5004;Ninguno;No aplica
1981;1055256;2019-01-18 00:00:00;0;545454;24;6;independiente;S;S;12250;1294;2573;1;651;622;591;622;23093;22610;Ninguno;No aplica
1982;1033521;2020-09-21 00:00:00;1;ATLANTHIC SOUTH;26;11;Empleado;S;N;10065;1469;3484;0;431;555;654;703;15361;9582;Whatsapp;Sin gestión
1983;1001383;2016-10-21 00:00:00;1;NEW YORK;47;30;Empleado;S;S;3750;250;800;0;469;537;662;620;21369;14403;Call center;Promesa de pago
1984;1018467;2017-01-04 00:00:00;0;NEW ENGALND;54;33.33333333;Empleado;S;S;12740;500;1500;0;743;699;522;755;8041;7621;Ninguno;No aplica
1985;1074816;2017-08-05 00:00:00;0;NEW YORK;45;27;Empleado;S;S;8125;510;1860;0;748;658;682;600;5105;5020;Ninguno;No aplica
1986;1098859;2018-11-18 00:00:00;1;ATLANTHIC SOUTH;40;20;Empleado;N;S;9800;450;1200;4;526;624;704;676;14078;10160;SMS;Pago parcial
1987;1014587;2015-10-06 00:00:00;0;ATLANTHIC SOUTH;54;20;independiente;S;S;10000;800;1800;0;736;624;645;697;23279;15376;Ninguno;No aplica
1988;1045090;2019-09-08 00:00:00;0;545454;49;20;independiente;S;S;6750;190;900;0;726;683;816;574;11090;8462;Ninguno;No aplica
1989;1096797;2019-01-15 00:00:00;1;ATLANTHIC SOUTH;48;20;Pensionado;S;S;2500;350;800;0;468;621;602;704;29892;25225;Call center;Promesa de pago
1990;1076102;2019-05-26 00:00:00;1;NEW YORK;33;5;Empleado;N;S;3750;780;1800;1;522;456;625;846;11082;7056;SMS;Pago parcial
1991;1062119;2017-12-11 00:00:00;1;NEW YORK;40;20;independiente;S;S;5400;230;750;2;540;707;622;759;22018;19117;Correo;No contactado
1992;1057952;2017-02-16 00:00:00;0;545454;35;5;independiente;S;N;16200;300;1600;0;738;663;645;682;6925;3641;Ninguno;No aplica
1993;1003099;2017-06-25 00:00:00;0;NEW YORK;53;20;independiente;S;S;6250;310;800;4;759;558;627;689;23440;12298;Ninguno;No aplica
1994;1039267;2017-09-30 00:00:00;1;NEW YORK;65;20;Empleado;S;S;12500;320;800;0;535;589;552;685;11917;8260;Correo;No contactado
1995;1000158;2020-09-08 00:00:00;0;CHICAGO;40;6;independiente;N;S;3500;300;900;0;718;682;612;850;24528;16599;Ninguno;No aplica
1996;1008139;2017-01-07 00:00:00;1;NEW YORK;36;18;independiente;S;S;9500;620;1200;1;554;575;643;647;5552;3652;Correo;No contactado
1997;1095486;2018-04-20 00:00:00;1;NEW YORK;33;15;independiente;S;S;10000;670;2480;2;499;639;736;739;26767;19955;Call center;Promesa de pago
1998;1035805;2018-05-07 00:00:00;0;NEW ENGALND;44;25;independiente;S;S;9000;198;1590;4;656;725;804;680;8911;5885;Ninguno;No aplica
1999;1082224;2016-07-22 00:00:00;0;NEW ENGALND;63;54.16666667;Empleado;N;N;6300;881;1447;4;692;698;743;761;8389;5001;Ninguno;No aplica
2000;1021308;2021-01-03 00:00:00;0;NEW ENGALND;55;25;Empleado;S;S;3500;300;1000;1;663;707;596;769;18629;12197;Ninguno;No aplica
2001;1017077;2020-03-11 00:00:00;0;NEW YORK;28;4;independiente;S;S;7438;172;760;0;666;674;601;667;29826;29452;Ninguno;No aplica
2002;1024731;2015-10-27 00:00:00;0;CHICAGO;64;30;independiente;S;S;2500;310;564;1;693;787;639;696;7430;5242;Ninguno;No aplica
2003;1074563;2019-01-01 00:00:00;1;NEW YORK;22;3;Empleado;S;S;11250;530;1300;0;460;491;775;750;5458;3943;Correo;No contactado
2004;1058361;2016-05-08 00:00:00;1;NEW YORK;59;10;Empleado;S;S;12500;2000;2500;3;485;588;638;516;18395;14500;Correo;No contactado
2005;1038517;2017-08-29 00:00:00;1;545454;33;5;independiente;S;N;10000;900;1600;0;405;584;557;577;5207;5164;Correo;No contactado
2006;1033111;2020-06-14 00:00:00;0;NEW ENGALND;34;20;Empleado;S;S;5000;400;900;3;711;729;615;616;5899;3662;Ninguno;No aplica
2007;1095796;2016-10-27 00:00:00;1;ATLANTHIC SOUTH;52;15;Pensionado;N;S;16000;1170;2100;0;500;529;703;669;16653;13999;SMS;Pago parcial
2008;1030682;2016-03-12 00:00:00;0;545454;32;10;Pensionado;S;N;7500;200;2000;4;659;575;698;562;21405;18365;Ninguno;No aplica
2009;1026604;2016-10-12 00:00:00;1;ATLANTHIC SOUTH;42;10;Pensionado;S;S;5000;1110;2800;1;533;589;636;787;13601;10931;Whatsapp;Sin gestión
2010;1072824;2015-09-25 00:00:00;0;NEW YORK;29;5;independiente;S;S;2500;154;700;0;747;697;698;670;5894;3208;Ninguno;No aplica
2011;1048209;2019-07-19 00:00:00;0;NEW YORK;21;4;Pensionado;S;S;4250;125;690;0;620;769;491;651;5514;4623;Ninguno;No aplica
2012;1090284;2020-06-09 00:00:00;0;ATLANTHIC SOUTH;80;20;Empleado;S;S;18625;700;1800;0;662;604;657;557;28678;15258;Ninguno;No aplica
2013;1051618;2016-05-27 00:00:00;0;NEW YORK;26;4;independiente;S;S;10625;220;930;2;662;749;710;666;26288;20980;Ninguno;No aplica
2014;1064303;2017-08-11 00:00:00;0;545454;19;20;independiente;N;S;8750;290;1000;0;653;822;592;434;29251;25442;Ninguno;No aplica
2015;1080687;2016-11-16 00:00:00;1;545454;22;3;Pensionado;S;S;7500;370;1500;0;541;557;591;705;9109;5515;Call center;Promesa de pago
2016;1014891;2019-06-10 00:00:00;1;NEW YORK;37;13.33333333;Pensionado;S;S;6000;290;580;1;490;503;519;726;18258;16812;Correo;No contactado
2017;1084134;2018-06-09 00:00:00;1;545454;26;8;Empleado;N;S;12250;482;1323;0;487;556;761;742;20313;10465;SMS;Pago parcial
2018;1041816;2016-04-26 00:00:00;1;545454;40;22;Pensionado;S;S;2000;925;1370;4;400;581;600;579;20349;18760;Whatsapp;Sin gestión
2019;1086597;2017-03-28 00:00:00;1;NEW YORK;68;20;Pensionado;S;S;3750;390;650;2;532;614;667;740;12179;8893;Whatsapp;Sin gestión
2020;1041700;2020-03-05 00:00:00;1;NEW YORK;43;4;Empleado;S;S;10625;185;600;0;438;545;692;626;15326;9330;Whatsapp;Sin gestión
2021;1049154;2017-03-01 00:00:00;1;NEW YORK;41;23;Pensionado;S;S;12600;710;1000;0;503;673;756;647;16787;9516;SMS;Pago parcial
2022;1061297;2019-10-06 00:00:00;1;545454;55;33.33333333;independiente;S;S;15000;793,6;2425,15;2;514;513;639;785;6560;6407;Correo;No contactado
2023;1090811;2016-10-31 00:00:00;1;NEW ENGALND;49;37;Pensionado;S;S;10800;817,5;2504,666;2;568;476;612;901;18612;9982;Whatsapp;Sin gestión
2024;1044630;2018-05-31 00:00:00;0;NEW YORK;21;5;independiente;S;S;14400;300;1150;1;635;746;662;675;22650;13580;Ninguno;No aplica
2025;1003505;2017-01-26 00:00:00;1;ATLANTHIC SOUTH;32;20;Pensionado;S;S;2500;503;1100;3;349;444;740;646;25022;16863;SMS;Pago parcial
2026;1052007;2015-10-05 00:00:00;0;CHICAGO;28;7;Empleado;S;N;3750;400;850;0;709;668;638;687;24811;20100;Ninguno;No aplica
2027;1073505;2016-03-05 00:00:00;0;NEW YORK;39;25;Empleado;S;N;8750;110;600;2;790;867;583;755;9780;7554;Ninguno;No aplica
2028;1008338;2019-04-19 00:00:00;0;NEW YORK;69;33.33333333;Pensionado;S;S;12500;530;1600;0;762;679;542;726;23311;13120;Ninguno;No aplica
2029;1022271;2020-04-27 00:00:00;1;545454;35;14;independiente;N;S;12250;482;1323;2;510;513;565;967;16894;10894;SMS;Pago parcial
2030;1077392;2016-06-02 00:00:00;1;NEW YORK;28;25;Empleado;S;N;5000;320;900;0;475;577;711;656;7356;4556;Call center;Promesa de pago
2031;1088149;2016-03-18 00:00:00;1;545454;69;26.66666667;Empleado;S;S;11553;460;1400;2;540;577;628;743;9790;5940;SMS;Pago parcial
2032;1081735;2016-07-30 00:00:00;1;CHICAGO;51;31;Empleado;S;N;3200;600;1000;3;451;590;607;859;21690;15304;Whatsapp;Sin gestión
2033;1031994;2019-04-12 00:00:00;0;CHICAGO;30;15;independiente;N;N;6300;600;800;0;724;720;600;804;29363;25018;Ninguno;No aplica
2034;1055586;2017-03-19 00:00:00;0;CHICAGO;60;40;Pensionado;S;N;5000;700;1300;0;725;618;656;494;25049;15248;Ninguno;No aplica
2035;1072313;2017-03-02 00:00:00;1;NEW YORK;52;30;Pensionado;N;S;5000;400;1300;0;553;681;633;720;15181;10374;Whatsapp;Sin gestión
2036;1045262;2019-04-21 00:00:00;1;NEW YORK;34;10;Empleado;N;S;10000;1302,688;2331,292;2;638;595;631;854;12057;8385;SMS;Pago parcial
2037;1073027;2020-03-21 00:00:00;1;ATLANTHIC SOUTH;50;29;independiente;N;S;7200;500;2000;3;520;624;744;980;21082;20834;Whatsapp;Sin gestión
2038;1043733;2017-05-30 00:00:00;0;CHICAGO;41;1.583333333;independiente;N;S;3750;400;800;2;675;642;758;733;5661;5533;Ninguno;No aplica
2039;1062550;2020-01-26 00:00:00;0;ATLANTHIC SOUTH;26;5;Empleado;S;N;5000;400;1400;0;699;757;537;637;9644;8680;Ninguno;No aplica
2040;1056404;2021-01-11 00:00:00;0;CHICAGO;20;2;independiente;S;N;9000;500;1000;0;612;665;673;579;20711;12858;Ninguno;No aplica
2041;1089330;2020-01-18 00:00:00;1;ATLANTHIC SOUTH;64;20;independiente;N;S;11875;800;1500;1;465;597;596;920;29887;15960;SMS;Pago parcial
2042;1019738;2018-01-11 00:00:00;1;NEW YORK;32;15;Empleado;S;S;9000;450;1000;0;480;524;633;786;7920;5215;Whatsapp;Sin gestión
2043;1063494;2019-11-08 00:00:00;0;ATLANTHIC SOUTH;60;35;independiente;S;S;10000;370;1370;0;674;620;672;594;21002;13303;Ninguno;No aplica
2044;1017993;2017-12-09 00:00:00;1;545454;25;10;independiente;S;S;18750;1250;1800;2;508;621;635;702;19025;14325;Call center;Promesa de pago
2045;1096005;2019-12-24 00:00:00;0;545454;43;10;Pensionado;S;S;9000;400;1300;0;659;653;666;698;13946;12396;Ninguno;No aplica
2046;1038938;2016-09-21 00:00:00;1;NEW YORK;40;20;Empleado;S;S;8750;330;920;1;556;529;697;769;17732;16476;Correo;No contactado
2047;1011521;2019-10-09 00:00:00;0;ATLANTHIC SOUTH;49;20;Empleado;S;S;5000;750;2230;4;700;641;671;589;11236;10364;Ninguno;No aplica
2048;1082092;2019-03-18 00:00:00;1;545454;32;6;Empleado;S;S;15400;250;2750;0;500;622;605;665;21309;14487;Call center;Promesa de pago
2049;1012866;2019-02-10 00:00:00;1;NEW YORK;50;30;Empleado;S;S;15000;5800;800;0;484;542;606;571;27462;23167;Call center;Promesa de pago
2050;1087664;2017-01-09 00:00:00;0;ATLANTHIC SOUTH;29;10;Pensionado;S;S;18125;490;2269,969;3;708;673;549;764;18518;12156;Ninguno;No aplica
2051;1012450;2015-10-05 00:00:00;1;ATLANTHIC SOUTH;28;8;Pensionado;S;S;7500;624;2143;1;541;581;590;689;5352;2839;Correo;No contactado
2052;1038977;2019-03-14 00:00:00;0;NEW YORK;28;7;Empleado;S;S;11875;140,5;688,5;4;657;565;787;712;12005;10214;Ninguno;No aplica
2053;1043460;2020-10-03 00:00:00;0;CHICAGO;31;10;Pensionado;S;S;10125;778;930;2;667;592;595;798;19036;9612;Ninguno;No aplica
2054;1025861;2018-03-02 00:00:00;1;NEW YORK;60;30;Empleado;S;S;15000;400;935;0;485;600;566;740;21542;15178;Whatsapp;Sin gestión
2055;1031812;2020-10-13 00:00:00;0;NEW YORK;40;10;independiente;S;S;10000;500;1000;4;633;636;672;660;5956;3959;Ninguno;No aplica
2056;1090662;2016-05-23 00:00:00;1;545454;28;10;independiente;N;S;15000;500;800;0;459;643;642;737;7071;5987;Correo;No contactado
2057;1059339;2019-06-16 00:00:00;1;NEW YORK;65;20;Empleado;S;S;8750;500;1000;0;476;638;636;726;13595;12006;SMS;Pago parcial
2058;1031780;2016-01-28 00:00:00;0;545454;35;6;Pensionado;S;S;6750;300;900;3;744;723;749;782;20140;13132;Ninguno;No aplica
2059;1012610;2017-12-29 00:00:00;1;ATLANTHIC SOUTH;36;5;Pensionado;S;N;7500;400;1616;1;513;689;688;748;17803;16126;Correo;No contactado
2060;1022351;2018-12-20 00:00:00;1;545454;58;10;independiente;S;S;12500;210;1600;2;510;575;613;671;8453;5469;Call center;Promesa de pago
2061;1062023;2017-10-07 00:00:00;1;NEW YORK;37;5;Empleado;N;N;5000;375;980;0;543;619;620;814;11675;8443;Correo;No contactado
2062;1065106;2019-09-11 00:00:00;1;ATLANTHIC SOUTH;22;5;independiente;S;S;12500;1818,991;2678,5;3;493;545;615;831;5955;5142;Whatsapp;Sin gestión
2063;1035331;2016-09-25 00:00:00;0;545454;56;20;independiente;S;S;7500;16183;30000;0;720;827;711;550;11295;9561;Ninguno;No aplica
2064;1050866;2018-07-14 00:00:00;0;CHICAGO;26;10;Pensionado;S;N;12500;795;1780;3;695;799;628;808;20921;20789;Ninguno;No aplica
2065;1007829;2015-08-22 00:00:00;1;CHICAGO;53;30;Pensionado;S;N;2750;829;1149;2;513;581;524;753;23096;14148;Call center;Promesa de pago
2066;1090722;2016-06-26 00:00:00;1;NEW ENGALND;68;50;independiente;N;N;5603;424,166;897;1;471;603;647;745;20282;16858;SMS;Pago parcial
2067;1030127;2018-07-02 00:00:00;0;NEW ENGALND;27;4;Pensionado;S;S;12000;400;1500;0;578;762;542;761;9703;7809;Ninguno;No aplica
2068;1057914;2020-09-21 00:00:00;0;NEW YORK;58;15;independiente;S;S;7500;600;1400;1;693;671;803;619;11563;11072;Ninguno;No aplica
2069;1023307;2017-10-07 00:00:00;1;ATLANTHIC SOUTH;74;33.33333333;Pensionado;S;S;18750;14040;24000;2;571;541;582;806;27015;15620;Whatsapp;Sin gestión
2070;1023005;2019-01-18 00:00:00;1;NEW ENGALND;47;29;Empleado;S;S;7500;325;1300;0;546;632;639;686;17003;14893;Call center;Promesa de pago
2071;1055140;2018-04-02 00:00:00;1;545454;31;10;Empleado;N;S;12250;544;1434;3;548;585;668;587;15817;12403;SMS;Pago parcial
2072;1024969;2016-09-16 00:00:00;0;NEW YORK;67;33.33333333;independiente;S;N;6250;320;700;3;762;691;630;580;16171;10306;Ninguno;No aplica
2073;1052013;2016-10-13 00:00:00;1;NEW YORK;65;25;Empleado;S;S;10800;7752;13200;0;504;530;630;771;17582;12962;Whatsapp;Sin gestión
2074;1043147;2016-01-06 00:00:00;1;NEW ENGALND;53;21;Pensionado;S;N;11250;315;1500;0;510;477;680;635;17201;11471;SMS;Pago parcial
2075;1004983;2017-01-02 00:00:00;1;ATLANTHIC SOUTH;45;10;Empleado;S;S;18400;562;2332;0;469;594;757;865;22778;17987;Correo;No contactado
2076;1027467;2017-08-02 00:00:00;0;545454;44;4;independiente;N;S;6250;200;1500;3;684;734;704;777;17473;16503;Ninguno;No aplica
2077;1026641;2017-11-29 00:00:00;0;NEW ENGALND;30;16.66666667;Pensionado;S;S;12500;450;1800;1;731;666;753;790;14461;11347;Ninguno;No aplica
2078;1081054;2020-10-27 00:00:00;1;NEW YORK;38;20;Empleado;S;S;3750;350;1100;0;560;666;577;731;26116;21307;Correo;No contactado
2079;1039309;2015-02-28 00:00:00;0;NEW YORK;42;0;independiente;S;S;5000;590;1565;0;693;638;672;693;25098;19059;Ninguno;No aplica
2080;1062019;2018-07-04 00:00:00;0;ATLANTHIC SOUTH;40;0;independiente;N;N;5000;270;800;2;677;617;661;563;20596;10825;Ninguno;No aplica
2081;1027829;2019-02-08 00:00:00;0;NEW ENGALND;53;0;independiente;N;N;7000;400;800;2;700;676;675;760;5529;3408;Ninguno;No aplica
2082;1056047;2017-09-04 00:00:00;0;545454;46;0;Empleado;S;S;6250;200;1250;2;730;675;746;704;24342;18159;Ninguno;No aplica
2083;1083133;2018-03-02 00:00:00;0;ATLANTHIC SOUTH;43;0;Pensionado;S;N;6250;760;1250;2;628;726;635;721;29288;19187;Ninguno;No aplica
2084;1034336;2019-09-11 00:00:00;1;NEW ENGALND;44;0;independiente;N;S;4800;600;1500;0;385;534;622;872;24975;14757;SMS;Pago parcial
2085;1028794;2015-02-11 00:00:00;0;NEW YORK;66;0;independiente;N;S;3000;545;680;0;672;762;687;615;28279;21268;Ninguno;No aplica
2086;1048627;2017-12-19 00:00:00;1;NEW YORK;70;0;Empleado;N;N;7500;1269;1870;0;439;698;526;709;17765;11750;Correo;No contactado
2087;1078528;2015-04-10 00:00:00;1;ATLANTHIC SOUTH;47;0;Empleado;S;N;5000;675;1300;0;475;578;633;749;18910;11895;SMS;Pago parcial
2088;1030445;2016-12-14 00:00:00;0;ATLANTHIC SOUTH;61;0;Empleado;S;S;6300;1000;2000;4;693;755;641;586;16561;12123;Ninguno;No aplica
2089;1067666;2019-09-05 00:00:00;1;NEW YORK;36;0;Pensionado;S;S;3750;200;400;1;477;517;586;703;14131;8007;Whatsapp;Sin gestión
2090;1002267;2019-11-28 00:00:00;0;NEW YORK;73;0;Empleado;S;S;4400;963;1307;2;773;745;724;714;5525;5325;Ninguno;No aplica
2091;1015362;2016-03-02 00:00:00;1;NEW YORK;43;0;Pensionado;N;S;4000;310;700;0;516;643;576;691;27861;26018;Call center;Promesa de pago
2092;1035184;2017-06-12 00:00:00;0;ATLANTHIC SOUTH;40;0;independiente;S;S;7500;430;1250;2;715;732;640;788;21385;18259;Ninguno;No aplica
2093;1099288;2019-02-06 00:00:00;1;NEW YORK;49;0;Pensionado;S;N;7500;465;1400;0;531;579;671;584;5374;2972;SMS;Pago parcial
2094;1019664;2019-02-17 00:00:00;1;NEW YORK;58;0;Empleado;S;S;6250;460;1350;2;443;403;745;821;17197;15270;Call center;Promesa de pago
2095;1017645;2019-06-26 00:00:00;1;NEW YORK;39;0;independiente;S;N;6250;1070;1415;1;552;541;649;780;9648;8722;Call center;Promesa de pago
2096;1054250;2014-11-03 00:00:00;0;545454;52;0;Pensionado;S;S;10000;2400;3250;0;696;642;716;619;7365;6510;Ninguno;No aplica
2097;1081097;2017-07-10 00:00:00;1;ATLANTHIC SOUTH;43;0;independiente;S;S;5600;435;1200;3;534;521;699;637;22909;12760;SMS;Pago parcial
2098;1064440;2018-01-27 00:00:00;1;ATLANTHIC SOUTH;31;0;Pensionado;S;N;5000;330;950;0;446;587;659;533;6646;5463;Correo;No contactado
2099;1039524;2018-06-04 00:00:00;1;NEW ENGALND;24;6;Empleado;N;N;15400;330;1010;0;422;555;574;648;5013;4598;Whatsapp;Sin gestión
2100;1083184;2020-02-13 00:00:00;1;545454;65;0;Empleado;N;S;10000;368;719;4;541;531;550;814;9599;7571;Call center;Promesa de pago
2101;1050704;2019-01-25 00:00:00;1;CHICAGO;59;0;Pensionado;S;S;6250;400;600;0;519;516;657;715;7278;5991;Whatsapp;Sin gestión
2102;1021614;2019-09-30 00:00:00;0;NEW ENGALND;23;3;independiente;N;N;13000;13060;25200;4;655;637;612;775;19296;14070;Ninguno;No aplica
2103;1054126;2019-11-24 00:00:00;0;NEW YORK;45;0;Empleado;N;S;3000;270;650;2;657;747;714;614;8155;6233;Ninguno;No aplica
2104;1018625;2016-08-18 00:00:00;1;CHICAGO;21;0;Pensionado;S;N;3750;610;800;0;556;540;702;784;13321;6889;Call center;Promesa de pago
2105;1084626;2017-02-26 00:00:00;1;NEW ENGALND;32;10;Empleado;S;S;10800;969,166;2541,41;0;441;549;637;655;8814;7223;SMS;Pago parcial
2106;1042551;2015-10-01 00:00:00;1;NEW YORK;33;0;independiente;S;N;3500;560;1400;2;582;553;569;633;18125;9801;Correo;No contactado
2107;1073265;2019-12-26 00:00:00;1;NEW YORK;33;0;independiente;N;S;5100;346;750;0;455;600;686;710;8216;5895;Whatsapp;Sin gestión
2108;1020928;2017-03-07 00:00:00;0;NEW YORK;57;0;Empleado;N;S;6500;250;500;0;732;707;579;610;29603;19133;Ninguno;No aplica
2109;1026642;2018-10-13 00:00:00;1;CHICAGO;27;0;Empleado;N;S;7000;770;1100;1;484;397;597;581;7113;5496;Call center;Promesa de pago
2110;1044885;2016-09-07 00:00:00;0;NEW YORK;65;40.25;Pensionado;N;S;12800;12889;29547;4;730;741;581;654;25740;14587;Ninguno;No aplica
2111;1069008;2015-12-06 00:00:00;0;NEW YORK;41;0;independiente;S;S;4800;920;1150;0;673;766;640;680;15238;12889;Ninguno;No aplica
2112;1019083;2015-06-02 00:00:00;1;ATLANTHIC SOUTH;54;0;Empleado;N;N;5000;380;950;0;492;517;732;834;18760;16837;SMS;Pago parcial
2113;1044373;2015-10-27 00:00:00;0;NEW YORK;61;0;independiente;S;N;7000;655;1200;4;702;622;650;754;26927;15663;Ninguno;No aplica
2114;1032551;2020-01-10 00:00:00;0;CHICAGO;43;0;Pensionado;S;S;9500;450;800;2;650;653;619;780;25939;14322;Ninguno;No aplica
2115;1094496;2015-08-23 00:00:00;1;NEW YORK;46;0;independiente;N;S;9000;160;375;4;537;535;543;785;17588;10074;SMS;Pago parcial
2116;1055513;2017-09-21 00:00:00;0;NEW YORK;51;0;Pensionado;S;S;6600;690;1200;2;674;693;689;700;28446;26698;Ninguno;No aplica
2117;1008416;2017-06-06 00:00:00;1;NEW YORK;62;0;Empleado;N;N;3200;240;900;0;489;463;595;609;8374;6399;Call center;Promesa de pago
2118;1073930;2019-02-06 00:00:00;0;ATLANTHIC SOUTH;44;0;Pensionado;S;N;6600;520;2200;4;650;613;658;683;11430;8385;Ninguno;No aplica
2119;1022569;2019-02-19 00:00:00;1;NEW YORK;28;0;Pensionado;S;S;4800;150;700;0;372;672;625;774;24850;13751;Call center;Promesa de pago
2120;1090898;2017-06-18 00:00:00;0;NEW YORK;65;0;independiente;S;N;7500;158;500;1;690;624;709;801;24465;20178;Ninguno;No aplica
2121;1071560;2018-06-08 00:00:00;1;CHICAGO;36;0;Pensionado;N;N;11200;418;721;2;621;655;639;782;16970;15850;Call center;Promesa de pago
2122;1009051;2017-11-13 00:00:00;0;NEW YORK;31;0;independiente;S;S;9800;200;1100;4;739;701;646;782;5629;5145;Ninguno;No aplica
2123;1081525;2015-05-09 00:00:00;0;NEW ENGALND;25;5;Empleado;S;N;15000;11220;28800;0;699;571;684;577;21653;17604;Ninguno;No aplica
2124;1022794;2017-10-26 00:00:00;1;ATLANTHIC SOUTH;40;0;independiente;S;S;3750;300;900;3;487;618;797;691;15831;8511;Correo;No contactado
2125;1040153;2016-04-01 00:00:00;1;ATLANTHIC SOUTH;41;0;Pensionado;S;S;6250;715,833;1425;3;501;573;712;759;10724;5965;Call center;Promesa de pago
2126;1080110;2017-06-25 00:00:00;0;NEW YORK;31;0;Pensionado;S;N;4800;420;1300;0;727;653;644;774;27281;14313;Ninguno;No aplica
2127;1078335;2014-12-25 00:00:00;1;NEW YORK;54;0;independiente;S;N;5400;530;850;4;441;595;650;707;16083;10112;Call center;Promesa de pago
2128;1067490;2018-08-04 00:00:00;1;ATLANTHIC SOUTH;37;0;Empleado;N;S;6875;628,6;1960;0;556;608;613;713;18149;10306;Correo;No contactado
2129;1021333;2018-11-06 00:00:00;0;NEW YORK;57;0;Pensionado;S;S;6000;300;500;1;736;722;584;732;24816;15635;Ninguno;No aplica
2130;1002097;2016-04-23 00:00:00;1;NEW YORK;69;0;independiente;S;N;11875;360;900;3;536;651;611;619;14472;10022;SMS;Pago parcial
2131;1078263;2017-04-13 00:00:00;1;NEW YORK;22;0;independiente;S;S;6250;320;1800;0;522;604;596;865;11276;10955;Call center;Promesa de pago
2132;1020771;2019-11-09 00:00:00;0;545454;27;0;Pensionado;S;S;6000;350;1100;2;701;597;696;591;20635;16615;Ninguno;No aplica
2133;1089403;2019-07-24 00:00:00;1;NEW YORK;57;0;Empleado;S;S;3000;350;475;1;534;552;575;547;10895;9996;Whatsapp;Sin gestión
2134;1015165;2014-09-24 00:00:00;0;NEW YORK;56;0;independiente;S;N;4800;552;886;4;730;857;743;671;18994;16243;Ninguno;No aplica
2135;1054295;2016-03-02 00:00:00;0;ATLANTHIC SOUTH;46;0;independiente;S;S;6250;548;1500;1;682;723;703;823;28499;15853;Ninguno;No aplica
2136;1045026;2018-08-18 00:00:00;0;NEW YORK;40;0;independiente;S;N;4000;460;1500;0;671;822;651;723;28040;24338;Ninguno;No aplica
2137;1049190;2019-04-10 00:00:00;1;545454;63;0;Pensionado;S;S;7500;400;1600;0;505;664;650;788;15552;9915;SMS;Pago parcial
2138;1011997;2016-10-17 00:00:00;1;NEW YORK;31;0;Pensionado;N;S;12800;350;1200;3;577;595;611;724;21959;17997;Whatsapp;Sin gestión
2139;1084910;2017-04-02 00:00:00;1;NEW YORK;55;0;independiente;S;S;8750;480;950;0;438;598;669;706;28413;19050;Call center;Promesa de pago
2140;1046346;2016-03-10 00:00:00;1;545454;25;0;independiente;S;S;11250;500;1800;1;427;578;726;581;11099;11086;Correo;No contactado
2141;1096175;2015-09-28 00:00:00;0;NEW YORK;31;0;Pensionado;S;S;9000;412,267;1152,667;0;708;576;601;467;14499;9160;Ninguno;No aplica
2142;1079449;2016-03-01 00:00:00;0;NEW YORK;26;0;independiente;N;N;4500;200;600;3;703;681;543;688;24576;15718;Ninguno;No aplica
2143;1045244;2016-12-03 00:00:00;1;NEW YORK;51;0;Empleado;S;S;3200;550;1500;2;509;653;699;838;8178;7895;Correo;No contactado
2144;1085258;2017-06-13 00:00:00;0;545454;45;0;Empleado;N;N;11500;616,667;1055;0;712;644;673;701;27436;14056;Ninguno;No aplica
2145;1017936;2018-10-12 00:00:00;1;NEW YORK;29;0;Empleado;S;S;8000;530;1000;2;489;605;572;776;24118;20460;Correo;No contactado
2146;1043271;2018-03-06 00:00:00;0;NEW YORK;36;0;independiente;S;N;6800;320;950;0;774;731;599;813;11116;9589;Ninguno;No aplica
2147;1096205;2018-11-23 00:00:00;0;NEW ENGALND;47;25;Pensionado;S;S;12800;3940;21556;4;620;625;590;700;20563;18881;Ninguno;No aplica
2148;1018524;2017-09-11 00:00:00;1;545454;65;0;Empleado;S;N;7500;400;1700;4;459;553;599;709;8568;8458;Call center;Promesa de pago
2149;1013330;2016-03-16 00:00:00;0;NEW YORK;41;0;independiente;S;S;14400;400;1200;0;695;619;627;596;14847;14666;Ninguno;No aplica
2150;1093751;2019-10-07 00:00:00;1;ATLANTHIC SOUTH;43;0;Empleado;S;S;3600;415;1200;1;418;531;631;902;19135;10192;Call center;Promesa de pago
2151;1012085;2017-06-13 00:00:00;1;NEW YORK;63;0;independiente;S;S;10000;300;1000;0;491;503;604;767;23587;21486;Whatsapp;Sin gestión
2152;1085902;2018-03-20 00:00:00;0;545454;52;30;Empleado;S;S;14300;600;1800;0;783;626;597;585;22774;18747;Ninguno;No aplica
2153;1029031;2015-08-11 00:00:00;1;NEW ENGALND;24;3;Pensionado;N;N;15000;12620;28800;3;501;665;634;615;6742;5553;Correo;No contactado
2154;1096805;2017-02-19 00:00:00;1;NEW YORK;38;0;Empleado;S;S;10000;480;900;1;512;525;662;833;23309;13150;Call center;Promesa de pago
2155;1078796;2019-02-03 00:00:00;0;ATLANTHIC SOUTH;36;0;independiente;S;S;4125;200;600;2;637;688;628;577;5619;4636;Ninguno;No aplica
2156;1044967;2017-03-16 00:00:00;0;NEW ENGALND;24;0;Pensionado;S;S;4000;350;1100;0;669;650;731;837;22658;22460;Ninguno;No aplica
2157;1052265;2018-01-16 00:00:00;0;NEW ENGALND;60;0;independiente;S;S;7500;300;900;0;681;751;686;422;22340;21355;Ninguno;No aplica
2158;1073977;2017-08-21 00:00:00;0;ATLANTHIC SOUTH;71;0;Pensionado;N;S;4000;913;1358;3;684;759;539;798;6939;4993;Ninguno;No aplica
2159;1012083;2018-09-06 00:00:00;1;ATLANTHIC SOUTH;68;47;independiente;S;S;14000;450;1200;0;564;632;687;764;25337;13175;SMS;Pago parcial
2160;1033593;2015-06-27 00:00:00;1;ATLANTHIC SOUTH;24;0;Pensionado;S;S;12500;700;2041;0;528;598;692;731;21001;14305;Call center;Promesa de pago
2161;1028331;2019-04-27 00:00:00;0;545454;26;0;independiente;N;S;15000;290;500;2;644;666;620;654;5968;5450;Ninguno;No aplica
2162;1097704;2018-08-27 00:00:00;0;NEW ENGALND;43;0;independiente;N;S;5400;580;1300;4;712;608;545;840;19846;16884;Ninguno;No aplica
2163;1026228;2017-08-23 00:00:00;0;ATLANTHIC SOUTH;53;0;Empleado;S;S;10000;3700;5500;0;725;797;651;734;5281;3853;Ninguno;No aplica
2164;1084399;2020-02-17 00:00:00;0;NEW YORK;25;0;independiente;S;S;6000;1016;1423;0;757;634;649;589;20360;10741;Ninguno;No aplica
2165;1072062;2019-09-11 00:00:00;1;ATLANTHIC SOUTH;51;0;independiente;S;S;3750;300;1041,666;1;579;620;571;565;11262;8035;Call center;Promesa de pago
2166;1018480;2018-02-24 00:00:00;0;ATLANTHIC SOUTH;49;0;independiente;S;S;7500;520;1134;3;649;744;548;686;6058;4450;Ninguno;No aplica
2167;1022184;2018-09-11 00:00:00;0;545454;25;0;Pensionado;N;N;6000;470;650;4;659;647;644;670;25677;24760;Ninguno;No aplica
2168;1078784;2017-07-31 00:00:00;1;NEW YORK;30;0;Pensionado;N;S;1900;200;1240;0;437;642;634;583;15724;12902;SMS;Pago parcial
2169;1095472;2015-10-04 00:00:00;0;NEW YORK;32;0;Pensionado;N;S;7000;200;600;3;688;726;621;665;10178;6675;Ninguno;No aplica
2170;1008505;2019-01-19 00:00:00;0;NEW YORK;55;0;independiente;N;S;5300;160;400;1;723;784;644;618;11980;9137;Ninguno;No aplica
2171;1029572;2019-11-07 00:00:00;1;NEW ENGALND;43;0;Pensionado;N;S;12800;1162,5;1833,333;2;549;552;573;721;14200;7569;Correo;No contactado
2172;1096650;2015-10-26 00:00:00;0;NEW YORK;39;0;Pensionado;S;S;3750;684,417;872,513;1;696;603;620;735;6229;6144;Ninguno;No aplica
2173;1042693;2015-03-17 00:00:00;1;NEW YORK;55;0;Pensionado;N;S;1900;110;930;0;484;550;687;854;25969;17660;SMS;Pago parcial
2174;1047004;2020-01-06 00:00:00;0;NEW YORK;28;0;Empleado;S;S;6000;230;811;2;708;693;626;752;13467;9951;Ninguno;No aplica
2175;1081108;2014-10-19 00:00:00;1;NEW YORK;28;0;Empleado;S;S;4000;230;811;3;458;583;533;655;24124;16347;Correo;No contactado
2176;1097241;2015-09-23 00:00:00;1;NEW ENGALND;47;0;Pensionado;N;S;6000;350;1200;4;604;556;617;753;7289;6132;SMS;Pago parcial
2177;1031357;2017-08-08 00:00:00;0;CHICAGO;30;0;Pensionado;N;N;11250;350;1800;3;620;565;575;676;6239;5185;Ninguno;No aplica
2178;1061631;2018-01-30 00:00:00;0;ATLANTHIC SOUTH;33;0;Empleado;S;S;14189;1313;1701;2;709;708;669;550;10370;8894;Ninguno;No aplica
2179;1003954;2015-02-26 00:00:00;1;NEW ENGALND;65;0;Empleado;S;N;10500;300;800;3;601;698;672;756;21170;13423;Whatsapp;Sin gestión
2180;1029040;2017-12-10 00:00:00;0;NEW ENGALND;40;0;Empleado;S;S;8000;940;2190;0;700;708;534;837;5125;3371;Ninguno;No aplica
2181;1071842;2019-09-15 00:00:00;1;ATLANTHIC SOUTH;70;0;Empleado;N;S;3600;200;600;3;490;617;703;723;17504;9848;Correo;No contactado
2182;1031985;2017-09-30 00:00:00;0;NEW YORK;54;0;Pensionado;N;S;2500;155;950;0;682;714;572;527;28857;23887;Ninguno;No aplica
2183;1076467;2016-11-08 00:00:00;1;545454;34;0;Empleado;N;N;5100;700;1500;1;491;604;759;723;20398;10605;Call center;Promesa de pago
2184;1054830;2016-03-13 00:00:00;0;NEW YORK;34;0;independiente;S;N;11400;333;1200;1;769;736;647;561;26726;21350;Ninguno;No aplica
2185;1017761;2016-07-11 00:00:00;1;NEW YORK;63;0;Pensionado;N;S;11700;300;1220;3;389;604;563;798;28735;26863;Whatsapp;Sin gestión
2186;1025183;2019-06-11 00:00:00;0;NEW YORK;57;0;Pensionado;N;S;8750;155;500;0;777;661;570;717;11638;11003;Ninguno;No aplica
2187;1083156;2015-03-09 00:00:00;0;545454;50;0;Empleado;S;S;6250;1383;2000;0;629;632;674;655;11570;8383;Ninguno;No aplica
2188;1000800;2019-11-02 00:00:00;0;CHICAGO;68;0;Pensionado;S;S;6000;1733;2313;3;687;665;623;640;8249;6019;Ninguno;No aplica
2189;1005466;2018-02-12 00:00:00;1;NEW YORK;57;0;Pensionado;S;S;5400;210;500;0;479;599;643;701;14110;7598;Correo;No contactado
2190;1070384;2016-09-28 00:00:00;1;NEW YORK;60;0;Pensionado;S;S;12000;915;1487;2;529;561;763;721;12595;10522;Correo;No contactado
2191;1057992;2018-03-07 00:00:00;1;NEW YORK;23;4;Pensionado;N;S;13000;4950;13200;2;420;599;601;650;18605;16942;Correo;No contactado
2192;1052472;2017-09-04 00:00:00;0;NEW YORK;31;0;Empleado;N;N;5000;286,5;725;4;723;706;654;545;17115;10651;Ninguno;No aplica
2193;1040417;2020-02-27 00:00:00;0;ATLANTHIC SOUTH;48;0;Empleado;S;S;10000;650;1400;1;801;730;749;772;11294;8026;Ninguno;No aplica
2194;1070851;2016-08-21 00:00:00;1;ATLANTHIC SOUTH;57;20;independiente;S;S;13500;500;1800;4;432;657;669;685;27911;25662;SMS;Pago parcial
2195;1093223;2018-08-12 00:00:00;0;545454;31;0;independiente;S;S;6500;350;1350;3;709;685;538;685;10757;10096;Ninguno;No aplica
2196;1080278;2018-09-23 00:00:00;0;NEW YORK;54;0;Empleado;N;S;5500;545;720;0;667;602;685;696;17595;10937;Ninguno;No aplica
2197;1096936;2018-01-07 00:00:00;1;ATLANTHIC SOUTH;66;0;Pensionado;S;N;12000;7572;20400;0;521;559;569;749;6969;5403;Correo;No contactado
2198;1067983;2015-11-30 00:00:00;1;NEW ENGALND;40;0;Empleado;N;S;12000;200;1300;0;501;583;748;614;15985;9531;Call center;Promesa de pago
2199;1071921;2017-10-30 00:00:00;1;545454;33;0;independiente;S;S;2500;150;750;0;468;470;592;569;22275;12272;Correo;No contactado
2200;1028079;2014-11-07 00:00:00;1;NEW YORK;50;0;Empleado;S;N;8000;600;1000;4;524;663;858;667;9470;9049;Call center;Promesa de pago
2201;1014317;2019-12-08 00:00:00;0;CHICAGO;43;0;Pensionado;S;N;11250;930;1950;0;790;689;753;706;28559;25996;Ninguno;No aplica
2202;1025229;2017-09-20 00:00:00;1;ATLANTHIC SOUTH;30;0;Pensionado;N;S;10000;2672,167;3843,167;0;490;603;594;654;15225;13398;Call center;Promesa de pago
2203;1040869;2017-03-16 00:00:00;1;CHICAGO;50;0;Empleado;S;S;3600;425;900;3;536;662;651;688;14556;7633;Call center;Promesa de pago
2204;1097719;2016-04-14 00:00:00;1;NEW YORK;40;0;Pensionado;S;N;5000;180;420;0;435;542;703;911;29704;27383;Whatsapp;Sin gestión
2205;1066357;2019-07-22 00:00:00;0;ATLANTHIC SOUTH;51;0;Empleado;S;S;10000;790;2200;0;652;714;705;504;14206;10214;Ninguno;No aplica
2206;1079679;2017-04-25 00:00:00;1;NEW YORK;37;0;independiente;S;S;8000;1174;3000;2;524;573;681;652;14991;10062;Call center;Promesa de pago
2207;1034370;2020-02-03 00:00:00;0;545454;33;10;Empleado;S;S;13200;200;2581;0;774;669;738;841;28196;21802;Ninguno;No aplica
2208;1063877;2017-01-28 00:00:00;1;NEW YORK;39;29;independiente;S;S;12800;125;2353,67;0;518;534;641;716;12519;6831;SMS;Pago parcial
2209;1040319;2019-11-12 00:00:00;0;ATLANTHIC SOUTH;65;12.5;Empleado;S;S;5000;300;1000;4;684;780;624;606;18669;16397;Ninguno;No aplica
2210;1000364;2019-11-13 00:00:00;1;NEW YORK;42;32;Empleado;S;S;9000;964;1765;4;500;557;626;825;9612;7605;Correo;No contactado
2211;1014566;2020-06-29 00:00:00;1;NEW YORK;53;33.33333333;independiente;S;S;10000;420;2200;0;437;622;710;725;17373;10307;SMS;Pago parcial
2212;1096813;2017-05-07 00:00:00;1;545454;59;20;Pensionado;S;S;4400;240;1860;1;530;467;676;689;22582;13416;Whatsapp;Sin gestión
2213;1058866;2017-07-22 00:00:00;0;NEW YORK;49;20;Empleado;S;S;7000;320;750;0;744;751;670;687;20552;12169;Ninguno;No aplica
2214;1057397;2019-08-11 00:00:00;0;NEW YORK;46;10;Empleado;S;S;5500;600;1000;0;677;743;706;611;19646;10383;Ninguno;No aplica
2215;1020346;2018-02-25 00:00:00;0;ATLANTHIC SOUTH;54;20;Pensionado;N;S;2500;330;833;1;676;686;506;578;10238;8128;Ninguno;No aplica
2216;1099419;2019-09-02 00:00:00;1;545454;63;45;independiente;S;N;7200;200;1500;2;513;566;672;710;20577;18934;Correo;No contactado
2217;1057235;2016-11-12 00:00:00;1;ATLANTHIC SOUTH;45;35;independiente;N;S;3750;201;1035;3;478;604;665;629;27473;13977;Call center;Promesa de pago
2218;1042425;2018-04-18 00:00:00;1;NEW ENGALND;34;16;Empleado;N;S;6000;500;900;0;497;717;767;721;27641;14498;Correo;No contactado
2219;1092166;2017-01-28 00:00:00;0;NEW YORK;26;10;Empleado;S;N;11300;700;1200;0;805;574;543;702;20504;16124;Ninguno;No aplica
2220;1085745;2020-06-12 00:00:00;0;CHICAGO;69;10;independiente;N;S;1250;280;500;0;688;727;759;747;29089;26464;Ninguno;No aplica
2221;1027715;2019-11-01 00:00:00;0;ATLANTHIC SOUTH;59;20;Pensionado;S;S;7000;400;1600;0;682;625;655;772;8719;5784;Ninguno;No aplica
2222;1025935;2020-08-26 00:00:00;1;NEW YORK;34;20.41666667;independiente;S;S;8100;940;1220;2;468;579;684;683;5302;3578;Whatsapp;Sin gestión
2223;1010594;2021-01-03 00:00:00;1;545454;45;20;Empleado;N;S;7600;300;950;1;537;565;767;765;17144;13684;Whatsapp;Sin gestión
2224;1038344;2017-08-27 00:00:00;0;NEW YORK;39;16.66666667;independiente;S;S;7600;310;940;0;691;654;689;714;22370;14252;Ninguno;No aplica
2225;1026070;2017-03-30 00:00:00;1;NEW YORK;44;20;independiente;S;S;8750;670;1500;3;468;579;678;750;15055;7728;SMS;Pago parcial
2226;1069489;2020-05-01 00:00:00;1;NEW YORK;59;20;Pensionado;S;S;3750;500;900;4;566;512;667;677;9440;8190;Correo;No contactado
2227;1028927;2021-01-02 00:00:00;1;ATLANTHIC SOUTH;51;32.5;Pensionado;S;S;7500;400;1500;0;571;642;616;627;26293;21372;Correo;No contactado
2228;1084867;2017-11-14 00:00:00;0;ATLANTHIC SOUTH;25;5;independiente;S;S;7500;500;1540;3;670;572;648;715;8072;6380;Ninguno;No aplica
2229;1058497;2019-08-22 00:00:00;0;NEW YORK;44;34;Pensionado;S;N;7500;565;1500;0;607;712;600;516;18598;16196;Ninguno;No aplica
2230;1053711;2017-04-18 00:00:00;0;ATLANTHIC SOUTH;35;17;Empleado;S;S;6250;2029;3856;0;750;660;647;646;19287;16155;Ninguno;No aplica
2231;1013168;2017-09-03 00:00:00;0;NEW YORK;67;33.33333333;Empleado;S;S;7000;550;1200;0;666;610;486;440;18965;11435;Ninguno;No aplica
2232;1021721;2020-01-01 00:00:00;0;ATLANTHIC SOUTH;34;62.16666667;Pensionado;S;S;12125;500;2000;1;740;692;680;550;24508;16573;Ninguno;No aplica
2233;1070062;2017-06-03 00:00:00;0;NEW ENGALND;53;26.66666667;independiente;S;S;12000;830;2450;4;601;587;641;591;14519;8175;Ninguno;No aplica
2234;1049853;2016-02-28 00:00:00;0;ATLANTHIC SOUTH;43;25;independiente;S;S;11250;520,5;1517,083;4;745;682;626;769;18380;10383;Ninguno;No aplica
2235;1008918;2017-10-16 00:00:00;1;CHICAGO;35;20;independiente;N;S;11250;500;1000;2;439;495;665;782;16865;14135;Correo;No contactado
2236;1053356;2018-07-22 00:00:00;0;NEW YORK;45;10;Pensionado;S;S;8750;524,166;840;3;737;708;550;620;13125;12197;Ninguno;No aplica
2237;1057949;2018-12-04 00:00:00;1;545454;42;20;Pensionado;S;S;8000;210;700;0;501;525;785;786;8291;8137;SMS;Pago parcial
2238;1023045;2019-10-03 00:00:00;1;NEW YORK;22;4;Empleado;N;S;6250;280;1150;0;452;553;643;800;9033;7354;Whatsapp;Sin gestión
2239;1023223;2017-09-25 00:00:00;0;CHICAGO;65;40;independiente;S;S;8125;900;1500;3;680;698;640;656;10105;5983;Ninguno;No aplica
2240;1041354;2020-08-15 00:00:00;1;NEW YORK;27;17;independiente;N;S;7500;1249,67;2234;0;534;534;582;595;22087;12210;Call center;Promesa de pago
2241;1016878;2017-09-02 00:00:00;1;NEW YORK;39;20;Pensionado;N;N;5000;1087;1590;0;505;577;652;701;13133;11904;Correo;No contactado
2242;1003541;2018-01-22 00:00:00;1;CHICAGO;39;10;independiente;N;S;2500;300;558;0;529;489;747;711;21958;17333;SMS;Pago parcial
2243;1037947;2016-05-14 00:00:00;0;NEW YORK;25;3;Empleado;N;S;5810;550;1000;0;799;718;723;559;10704;8661;Ninguno;No aplica
2244;1017480;2017-05-16 00:00:00;0;545454;42;20;Pensionado;S;S;4375;220;1900;2;622;786;710;703;12848;11444;Ninguno;No aplica
2245;1095788;2016-02-22 00:00:00;0;NEW YORK;35;10;Pensionado;N;N;6400;300;800;3;781;848;688;695;26592;22647;Ninguno;No aplica
2246;1066522;2017-07-25 00:00:00;0;NEW YORK;55;30;independiente;S;S;6250;720;1500;2;705;685;625;710;17975;16487;Ninguno;No aplica
2247;1096894;2019-08-04 00:00:00;1;NEW YORK;49;20;Pensionado;S;S;8750;580;1300;3;455;627;548;745;11924;6297;SMS;Pago parcial
2248;1058126;2015-09-05 00:00:00;1;NEW YORK;34;24;Empleado;S;S;7400;560;1200;4;433;473;636;786;25212;22029;Call center;Promesa de pago
2249;1011970;2019-02-11 00:00:00;1;NEW YORK;35;23;Pensionado;S;S;5400;650;940;2;491;670;633;704;24614;22778;Whatsapp;Sin gestión
2250;1014770;2019-05-02 00:00:00;0;ATLANTHIC SOUTH;61;20;Pensionado;S;N;12500;1000;2000;0;746;727;723;688;5488;3529;Ninguno;No aplica
2251;1039207;2018-03-31 00:00:00;0;NEW YORK;45;32;Empleado;N;S;5400;920;1300;0;694;651;672;634;12114;9936;Ninguno;No aplica
2252;1059003;2018-04-12 00:00:00;1;NEW YORK;46;32.5;independiente;N;N;7500;810;1050;0;576;654;763;667;20740;13628;Correo;No contactado
2253;1092015;2017-06-05 00:00:00;0;545454;54;30;independiente;N;N;6250;501;1750;0;627;665;734;790;8173;8001;Ninguno;No aplica
2254;1029496;2019-03-17 00:00:00;1;545454;35;10;Empleado;N;S;12000;300;1500;0;499;553;618;536;6667;3445;Correo;No contactado
2255;1004889;2021-01-04 00:00:00;1;NEW YORK;44;20.83333333;Empleado;S;N;12952;530;1300;0;437;609;524;799;9114;7199;SMS;Pago parcial
2256;1006770;2020-08-17 00:00:00;0;ATLANTHIC SOUTH;32;18;Pensionado;S;S;10000;2000;3500;0;718;616;747;614;8553;4989;Ninguno;No aplica
2257;1026389;2019-10-08 00:00:00;1;NEW YORK;55;20;independiente;N;S;5000;512;1127;0;544;641;745;652;12761;10925;Whatsapp;Sin gestión
2258;1058260;2020-06-27 00:00:00;0;545454;51;12;Empleado;S;S;15000;896;1000;2;679;617;554;694;6000;3528;Ninguno;No aplica
2259;1097609;2020-06-15 00:00:00;1;ATLANTHIC SOUTH;44;20;Pensionado;S;S;4375;880;1700;2;370;517;756;586;20638;12748;Correo;No contactado
2260;1004401;2020-02-14 00:00:00;0;NEW YORK;47;47;independiente;N;S;1600;287;600;0;710;625;677;597;22772;17015;Ninguno;No aplica
2261;1076535;2017-07-21 00:00:00;1;NEW YORK;31;20;Empleado;S;S;8000;400;900;2;522;626;661;644;10450;10005;Call center;Promesa de pago
2262;1068379;2017-06-24 00:00:00;0;CHICAGO;34;15;Empleado;N;S;2500;310;500;0;720;643;763;650;8712;5278;Ninguno;No aplica
2263;1070317;2016-01-03 00:00:00;1;ATLANTHIC SOUTH;27;6.666666667;Empleado;N;S;15000;400;1500;2;562;499;744;648;6367;3643;Whatsapp;Sin gestión
2264;1000182;2020-05-19 00:00:00;0;NEW YORK;69;30;Empleado;S;S;8700;430;1200;4;646;644;696;814;13189;11600;Ninguno;No aplica
2265;1053160;2017-04-23 00:00:00;1;545454;54;30;independiente;S;S;6300;400;1200;4;534;578;683;882;14013;10514;Whatsapp;Sin gestión
2266;1056256;2017-07-20 00:00:00;1;NEW YORK;37;20;independiente;S;S;23200;550;1800;0;560;509;693;538;21838;20875;SMS;Pago parcial
2267;1040880;2018-06-12 00:00:00;0;ATLANTHIC SOUTH;43;10;Pensionado;N;S;12500;400;2500;3;611;611;622;719;24156;13849;Ninguno;No aplica
2268;1062973;2018-09-01 00:00:00;1;NEW YORK;26;4;Pensionado;S;S;10625;220;1200;0;516;707;646;797;8726;7181;SMS;Pago parcial
2269;1045415;2017-02-22 00:00:00;0;545454;33;20;independiente;S;S;5400;250;1420;3;675;628;587;719;28616;17640;Ninguno;No aplica
2270;1082948;2016-03-04 00:00:00;0;ATLANTHIC SOUTH;55;20;Empleado;N;S;2000;200;900;0;696;661;627;611;9806;5672;Ninguno;No aplica
2271;1033464;2019-09-22 00:00:00;0;545454;56;15;Empleado;S;N;1500;260;1100;0;717;658;624;648;7190;6052;Ninguno;No aplica
2272;1014231;2017-10-21 00:00:00;0;NEW YORK;61;43;Pensionado;S;S;12600;925;1450;0;676;655;606;603;14108;11242;Ninguno;No aplica
2273;1044990;2017-07-18 00:00:00;0;NEW YORK;25;16;independiente;S;N;3800;430;800;3;666;717;660;632;17178;15072;Ninguno;No aplica
2274;1068699;2020-10-04 00:00:00;1;NEW YORK;66;40;Empleado;S;S;8700;320;1000;1;502;637;627;611;7875;5156;Correo;No contactado
2275;1075357;2017-05-24 00:00:00;1;NEW YORK;31;13;Empleado;S;S;12500;791;1200;0;446;562;685;710;10592;7668;SMS;Pago parcial
2276;1068286;2016-10-03 00:00:00;0;NEW YORK;34;14;Pensionado;N;S;7500;1051,353;2368,83;0;646;606;536;535;22824;16039;Ninguno;No aplica
2277;1040614;2021-01-03 00:00:00;1;NEW ENGALND;37;3;Empleado;N;N;15000;320;1100;0;534;656;642;702;17592;17452;Whatsapp;Sin gestión
2278;1007947;2017-03-02 00:00:00;0;NEW YORK;59;4;Pensionado;S;S;2125;188;780;4;643;674;659;558;13927;8999;Ninguno;No aplica
2279;1040349;2015-09-13 00:00:00;0;NEW ENGALND;45;20;Empleado;S;S;10000;800;1800;4;733;784;628;689;27443;17767;Ninguno;No aplica
2280;1016493;2015-12-07 00:00:00;1;CHICAGO;36;23;Pensionado;S;S;6950;360;1100;2;523;445;638;659;19437;13164;Correo;No contactado
2281;1005582;2015-11-15 00:00:00;1;ATLANTHIC SOUTH;46;10;independiente;S;S;12600;425;1800;3;414;592;539;746;16530;12931;Correo;No contactado
2282;1009667;2019-05-26 00:00:00;0;545454;49;20;Pensionado;N;S;10800;850;2400;1;666;795;675;767;12010;7520;Ninguno;No aplica
2283;1082353;2018-11-15 00:00:00;1;NEW YORK;39;20;independiente;S;N;3800;300;400;0;560;559;695;863;16207;15521;Whatsapp;Sin gestión
2284;1068795;2018-04-20 00:00:00;0;NEW YORK;63;20;Pensionado;S;S;5400;820;1050;2;651;666;685;442;28501;18037;Ninguno;No aplica
2285;1046917;2019-01-15 00:00:00;0;ATLANTHIC SOUTH;25;10;Empleado;N;S;4810;600;1390;0;677;698;723;595;7989;7573;Ninguno;No aplica
2286;1093889;2017-03-12 00:00:00;1;ATLANTHIC SOUTH;40;25;Empleado;S;N;7500;2110;4000;1;523;546;664;693;17040;9402;Correo;No contactado
2287;1066450;2017-05-26 00:00:00;1;NEW YORK;61;30;Pensionado;S;S;5000;1675;2050;3;539;561;684;761;14218;11777;Call center;Promesa de pago
2288;1030016;2020-08-27 00:00:00;0;ATLANTHIC SOUTH;54;25;independiente;S;S;12500;700;2000;0;687;660;661;521;27612;26328;Ninguno;No aplica
2289;1002253;2017-12-22 00:00:00;0;545454;46;20;independiente;S;S;12500;350;1700;2;670;642;698;582;11471;6703;Ninguno;No aplica
2290;1033412;2017-04-14 00:00:00;1;NEW YORK;39;20;Empleado;S;S;9000;780;1300;1;571;654;540;732;7863;7738;Call center;Promesa de pago
2291;1030379;2018-12-27 00:00:00;1;545454;23;5;independiente;S;N;7500;380;1100;0;587;608;587;728;15693;11400;Correo;No contactado
2292;1065807;2018-10-23 00:00:00;0;NEW ENGALND;63;34;Empleado;S;S;2500;145;890;3;749;695;761;704;6177;6009;Ninguno;No aplica
2293;1089092;2018-03-24 00:00:00;1;NEW YORK;50;20.83333333;independiente;S;S;8750;1000;2000;3;504;629;478;760;9760;8183;SMS;Pago parcial
2294;1076443;2020-03-27 00:00:00;0;ATLANTHIC SOUTH;34;6;Pensionado;S;N;7500;560;1500;0;660;664;640;700;5011;3261;Ninguno;No aplica
2295;1037467;2018-06-22 00:00:00;0;545454;56;15;independiente;S;S;4000;340;1800;2;658;634;732;687;26636;15826;Ninguno;No aplica
2296;1041717;2020-03-26 00:00:00;0;NEW YORK;30;12;independiente;S;S;7303;810;1800;2;726;644;643;675;21353;13919;Ninguno;No aplica
2297;1073501;2017-08-10 00:00:00;0;NEW YORK;24;10;Empleado;S;N;6250;200;900;3;721;680;622;730;25783;14091;Ninguno;No aplica
2298;1051120;2017-03-18 00:00:00;0;NEW YORK;67;47;independiente;S;N;14500;530;1200;0;770;616;659;468;16556;9469;Ninguno;No aplica
2299;1004977;2018-12-04 00:00:00;1;CHICAGO;40;15;Empleado;S;S;1875;339;1200;3;533;550;625;859;16563;9148;Call center;Promesa de pago
2300;1068116;2020-03-28 00:00:00;1;NEW YORK;55;30;Empleado;S;S;6250;500;1200;3;425;549;652;522;19051;13554;Correo;No contactado
2301;1064832;2018-12-09 00:00:00;0;NEW YORK;38;20;Pensionado;S;N;5000;200;1000;0;753;807;602;573;16022;14384;Ninguno;No aplica
2302;1035991;2019-03-09 00:00:00;0;NEW YORK;66;40;Empleado;S;N;8125;200;1200;3;650;514;728;650;13234;7553;Ninguno;No aplica
2303;1060075;2016-11-04 00:00:00;0;NEW YORK;33;20.83333333;Pensionado;S;N;5000;400;800;3;681;669;750;731;26829;15163;Ninguno;No aplica
2304;1001393;2019-04-03 00:00:00;1;CHICAGO;33;4;independiente;S;N;6900;890;2500;0;513;684;641;450;21173;17398;Call center;Promesa de pago
2305;1031712;2018-11-29 00:00:00;0;NEW YORK;34;21.66666667;Empleado;S;N;7500;320;700;0;800;687;553;667;18178;10881;Ninguno;No aplica
2306;1098967;2017-01-31 00:00:00;1;NEW YORK;44;10;Empleado;S;N;7000;200;1300;3;655;625;613;791;11570;6350;SMS;Pago parcial
2307;1032262;2019-11-17 00:00:00;1;NEW YORK;65;1.666666667;Empleado;N;S;3400;310;1800;3;530;586;637;810;29596;17267;Whatsapp;Sin gestión
2308;1077572;2019-06-12 00:00:00;1;NEW YORK;40;20;independiente;S;S;2875;400;1000;3;491;540;685;657;5406;5200;Correo;No contactado
2309;1056875;2016-06-13 00:00:00;0;545454;20;5;independiente;N;S;8750;170;1000;0;727;545;579;643;14206;12938;Ninguno;No aplica
2310;1048312;2016-08-01 00:00:00;0;NEW YORK;41;10;independiente;N;N;10000;300;700;1;744;692;596;615;9431;6385;Ninguno;No aplica
2311;1018618;2020-06-23 00:00:00;1;545454;30;12;Pensionado;S;S;12250;598;1323;3;484;533;686;685;26627;22045;Correo;No contactado
2312;1000629;2017-08-06 00:00:00;1;ATLANTHIC SOUTH;39;20;independiente;N;S;7500;300;700;0;590;532;716;627;11542;8872;Correo;No contactado
2313;1059094;2016-12-03 00:00:00;1;NEW YORK;41;20.83333333;independiente;S;S;4000;350;850;1;512;550;606;640;28320;23748;Correo;No contactado
2314;1063903;2019-06-13 00:00:00;0;NEW YORK;45;10;independiente;S;S;3400;225;500;0;725;785;557;709;13906;11700;Ninguno;No aplica
2315;1038746;2018-01-12 00:00:00;0;NEW YORK;28;9;Empleado;N;N;9000;813;1150;2;733;824;880;682;9146;7448;Ninguno;No aplica
2316;1003929;2020-08-22 00:00:00;0;NEW ENGALND;32;20;Pensionado;S;S;7200;400;1200;2;721;693;705;714;17046;10791;Ninguno;No aplica
2317;1017063;2016-01-09 00:00:00;1;NEW YORK;54;10;Pensionado;S;S;10000;500;1300;0;542;552;631;739;17611;9149;Correo;No contactado
2318;1093778;2021-01-21 00:00:00;0;NEW YORK;54;40;Empleado;S;N;14500;580;1100;2;669;609;711;733;18076;13155;Ninguno;No aplica
2319;1084267;2020-12-14 00:00:00;1;NEW YORK;39;16.66666667;independiente;S;S;7500;200;600;1;472;608;641;799;21524;20351;Correo;No contactado
2320;1006912;2016-04-19 00:00:00;1;ATLANTHIC SOUTH;45;20;Empleado;N;N;9000;310;750;4;445;687;711;563;9882;7755;SMS;Pago parcial
2321;1068225;2016-12-07 00:00:00;0;CHICAGO;55;7;Empleado;S;S;7500;704;1100;4;722;665;661;593;19113;17511;Ninguno;No aplica
2322;1037203;2020-03-18 00:00:00;1;CHICAGO;57;32;Empleado;S;N;7500;820;1910;2;539;437;656;699;18645;18567;Whatsapp;Sin gestión
2323;1067841;2019-05-09 00:00:00;1;545454;23;2;independiente;S;S;18750;764,171;2060,718;1;523;620;642;718;11012;6407;SMS;Pago parcial
2324;1002389;2017-09-16 00:00:00;1;NEW YORK;38;10;Pensionado;S;N;3750;180;800;0;584;639;549;660;22347;18903;SMS;Pago parcial
2325;1074532;2020-08-23 00:00:00;0;NEW YORK;56;20;Empleado;S;S;3300;185;700;1;700;585;786;752;12151;10172;Ninguno;No aplica
2326;1049346;2019-04-06 00:00:00;0;NEW ENGALND;31;12;Pensionado;S;S;12000;650;1600;0;733;691;584;848;29948;29648;Ninguno;No aplica
2327;1018477;2016-03-12 00:00:00;1;ATLANTHIC SOUTH;32;8;Pensionado;S;S;5000;950;3342;4;445;607;555;737;8610;8548;Whatsapp;Sin gestión
2328;1039036;2020-12-30 00:00:00;0;NEW YORK;52;25;Empleado;S;N;17500;800;1100;1;681;676;635;678;14884;12552;Ninguno;No aplica
2329;1049056;2018-03-06 00:00:00;0;NEW YORK;58;20;independiente;S;S;9250;197,459;545,333;0;735;633;583;746;11894;7396;Ninguno;No aplica
2330;1032259;2020-01-19 00:00:00;0;NEW YORK;33;10;independiente;N;S;13400;150;1000;2;742;741;646;502;18467;16607;Ninguno;No aplica
2331;1015412;2015-12-09 00:00:00;0;ATLANTHIC SOUTH;55;20;independiente;S;S;7500;700;1500;4;685;656;698;673;28695;15883;Ninguno;No aplica
2332;1016409;2018-04-24 00:00:00;1;CHICAGO;61;40;Pensionado;S;N;2250;810;1510;0;496;491;720;808;21489;19133;SMS;Pago parcial
2333;1024942;2019-11-12 00:00:00;1;CHICAGO;45;30;Pensionado;S;S;12500;1228;3235;1;424;457;707;662;26923;25714;Call center;Promesa de pago
2334;1067164;2019-07-31 00:00:00;0;ATLANTHIC SOUTH;27;10;Pensionado;S;S;18125;547;1400;0;682;756;629;560;14873;10283;Ninguno;No aplica
2335;1057531;2015-12-01 00:00:00;0;NEW YORK;62;42;Pensionado;S;S;10000;410;1500;0;745;717;653;653;17289;14096;Ninguno;No aplica
2336;1032525;2017-02-13 00:00:00;1;CHICAGO;30;10;Pensionado;N;N;10800;1371,167;2135,75;1;529;585;679;715;17208;12305;SMS;Pago parcial
2337;1061224;2015-12-01 00:00:00;0;NEW YORK;64;38;Empleado;N;S;7900;509;1200;0;725;654;527;588;15828;11378;Ninguno;No aplica
2338;1086463;2017-08-31 00:00:00;1;NEW ENGALND;34;16;independiente;S;N;13125;550;2000;1;502;548;690;909;28171;18457;Correo;No contactado
2339;1045411;2020-08-28 00:00:00;0;NEW YORK;45;7;independiente;N;S;9000;700;1100;4;700;615;548;627;7137;6288;Ninguno;No aplica
2340;1026909;2021-02-23 00:00:00;0;ATLANTHIC SOUTH;23;3;Pensionado;S;N;11000;200;900;0;667;654;793;566;25829;25005;Ninguno;No aplica
2341;1040936;2016-01-04 00:00:00;0;CHICAGO;55;9;Empleado;S;S;3750;2482;3178;1;735;553;622;662;24914;24176;Ninguno;No aplica
2342;1047836;2020-05-18 00:00:00;1;ATLANTHIC SOUTH;24;5;Empleado;N;S;7200;400;1000;0;521;536;637;802;6286;3692;Call center;Promesa de pago
2343;1020575;2018-03-31 00:00:00;0;CHICAGO;41;5;independiente;S;S;12200;300;1200;1;725;661;596;672;20710;19413;Ninguno;No aplica
2344;1072030;2017-05-30 00:00:00;0;CHICAGO;24;20;Empleado;N;S;10800;1381,833;2038,083;0;674;717;606;714;16371;14222;Ninguno;No aplica
2345;1056542;2016-01-02 00:00:00;1;NEW YORK;33;10;independiente;S;S;7500;350;1100;2;392;578;809;642;20945;13120;Call center;Promesa de pago
2346;1034177;2020-03-18 00:00:00;1;ATLANTHIC SOUTH;26;10;independiente;N;S;3750;600;1415;2;555;628;716;854;12052;6431;Whatsapp;Sin gestión
2347;1038276;2015-11-11 00:00:00;0;NEW YORK;31;10;Empleado;S;S;15000;400;1700;2;676;761;542;721;8654;5487;Ninguno;No aplica
2348;1073263;2019-11-16 00:00:00;1;ATLANTHIC SOUTH;31;10;Pensionado;S;S;13200;920;1800;0;457;643;755;814;28486;27236;SMS;Pago parcial
2349;1073559;2017-06-25 00:00:00;0;NEW YORK;60;55;independiente;S;N;3800;300;850;4;735;708;734;703;23743;19388;Ninguno;No aplica
2350;1068059;2017-05-02 00:00:00;0;NEW YORK;53;6.666666667;Empleado;S;N;18000;930;2730;4;680;681;630;744;20600;17727;Ninguno;No aplica
2351;1080375;2018-03-17 00:00:00;0;NEW YORK;55;33.33333333;independiente;N;S;6784;800;1720;0;753;621;671;591;29489;18536;Ninguno;No aplica
2352;1043498;2015-12-23 00:00:00;0;545454;26;12;Pensionado;S;S;13750;330;1450;4;731;724;649;626;13636;11723;Ninguno;No aplica
2353;1084162;2020-01-18 00:00:00;0;NEW YORK;61;30;Empleado;S;S;23200;330;800;1;734;781;788;791;11441;5881;Ninguno;No aplica
2354;1022047;2018-08-22 00:00:00;0;CHICAGO;52;33.33333333;independiente;N;S;12000;1083;2016;1;632;701;594;810;26431;18176;Ninguno;No aplica
2355;1084795;2017-06-07 00:00:00;1;NEW YORK;37;10;Pensionado;S;S;6250;350;1100;0;561;695;660;617;29611;24085;SMS;Pago parcial
2356;1093046;2016-04-03 00:00:00;1;545454;33;15;independiente;S;S;9000;300;1000;0;513;488;620;742;26587;15236;Call center;Promesa de pago
2357;1060375;2020-08-01 00:00:00;1;NEW ENGALND;42;15;Empleado;S;S;16250;350;1500;0;482;511;550;681;14667;13369;SMS;Pago parcial
2358;1021471;2019-11-17 00:00:00;0;NEW ENGALND;42;25;Empleado;S;S;906;350;1500;0;707;731;803;607;17149;10590;Ninguno;No aplica
2359;1052637;2018-10-23 00:00:00;0;CHICAGO;37;10;independiente;N;S;3625;401;762;2;611;696;567;696;6798;5616;Ninguno;No aplica
2360;1096433;2020-09-17 00:00:00;0;NEW YORK;40;20.83333333;Empleado;N;S;6250;280;1000;3;720;759;665;773;14600;10258;Ninguno;No aplica
2361;1042819;2019-07-21 00:00:00;1;NEW ENGALND;32;10;Empleado;S;S;10000;640;2000;1;449;579;528;761;26675;21287;SMS;Pago parcial
2362;1099647;2020-08-29 00:00:00;1;CHICAGO;31;6.666666667;Pensionado;N;S;2500;320;500;2;432;528;622;691;10495;5811;Whatsapp;Sin gestión
2363;1000895;2018-04-04 00:00:00;0;545454;40;10;Pensionado;N;N;7200;250;1300;0;624;667;680;716;14900;7576;Ninguno;No aplica
2364;1028569;2018-01-13 00:00:00;0;NEW YORK;55;11;Empleado;S;S;3400;300;1200;0;756;588;592;638;18673;17829;Ninguno;No aplica
2365;1045975;2019-10-10 00:00:00;0;ATLANTHIC SOUTH;43;20.83333333;independiente;S;S;5000;445;1100;4;669;612;691;707;16130;10240;Ninguno;No aplica
2366;1010807;2018-06-24 00:00:00;0;CHICAGO;55;20;independiente;N;S;2500;377,5;830;2;777;738;631;796;27668;25173;Ninguno;No aplica
2367;1022327;2019-10-01 00:00:00;1;NEW YORK;53;25;independiente;S;S;6000;797;1520;1;473;632;731;533;20222;20215;Call center;Promesa de pago
2368;1029522;2016-11-13 00:00:00;1;NEW ENGALND;51;26;Empleado;S;S;10500;550;1200;3;415;602;745;792;28669;17365;Correo;No contactado
2369;1033351;2017-04-07 00:00:00;1;NEW YORK;30;0;independiente;S;N;6250;500;1000;3;444;477;609;581;6300;3985;Call center;Promesa de pago
2370;1093926;2017-05-07 00:00:00;1;NEW YORK;56;0;Pensionado;S;S;4375;480;780;4;562;558;655;831;28253;23490;Whatsapp;Sin gestión
2371;1025968;2019-10-24 00:00:00;0;NEW YORK;36;0;Empleado;S;S;5600;505;750;0;692;607;663;613;14435;14186;Ninguno;No aplica
2372;1060895;2017-07-07 00:00:00;1;CHICAGO;54;0;independiente;S;S;10200;1000;1800;0;473;651;693;610;24481;23451;Whatsapp;Sin gestión
2373;1012766;2017-09-18 00:00:00;0;545454;41;0;Empleado;N;S;11250;519;1323;0;708;645;651;733;9616;7226;Ninguno;No aplica
2374;1016414;2015-05-09 00:00:00;1;ATLANTHIC SOUTH;39;0;Pensionado;S;N;12100;660;1300;0;525;515;663;753;21393;19201;Whatsapp;Sin gestión
2375;1014674;2016-10-26 00:00:00;1;NEW YORK;61;0;Pensionado;S;N;8000;400;800;1;556;582;633;630;15617;8868;SMS;Pago parcial
2376;1099154;2015-08-11 00:00:00;0;NEW YORK;56;0;Pensionado;N;S;3750;410;800;0;772;642;658;557;10752;10631;Ninguno;No aplica
2377;1085906;2018-07-30 00:00:00;1;NEW YORK;32;0;Pensionado;N;S;2400;260;600;3;482;669;741;703;14852;14587;Call center;Promesa de pago
2378;1098211;2016-09-28 00:00:00;0;545454;40;0;Empleado;S;N;3750;200;1200;4;634;636;695;562;11295;6572;Ninguno;No aplica
2379;1040689;2018-07-07 00:00:00;1;NEW YORK;46;f;Empleado;S;S;4000;320;1300;1;479;496;699;624;26199;17022;SMS;Pago parcial
2380;1036349;2019-02-24 00:00:00;0;NEW YORK;70;0;Pensionado;S;S;5000;220;1200;0;713;551;701;680;22456;12353;Ninguno;No aplica
2381;1067094;2018-01-24 00:00:00;1;CHICAGO;26;0;Empleado;N;S;7000;580;1600;0;452;578;639;633;8225;5230;SMS;Pago parcial
2382;1092360;2019-06-16 00:00:00;1;NEW YORK;38;0;Empleado;S;S;7500;200;700;0;452;546;672;758;6316;5735;Call center;Promesa de pago
2383;1067073;2019-10-31 00:00:00;0;NEW YORK;29;0;Pensionado;S;S;6250;503;980;0;717;594;574;804;27083;18664;Ninguno;No aplica
2384;1024144;2015-02-06 00:00:00;1;NEW YORK;21;0;Pensionado;S;N;8000;920;1250;3;498;651;739;707;17337;9435;Whatsapp;Sin gestión
2385;1073015;2014-11-17 00:00:00;0;NEW YORK;55;0;Pensionado;N;N;6500;500;600;1;702;720;455;682;11807;7924;Ninguno;No aplica
2386;1084770;2016-06-14 00:00:00;1;NEW YORK;30;0;Empleado;S;N;5250;600;700;2;462;578;644;902;28058;27797;Correo;No contactado
2387;1071327;2017-12-21 00:00:00;1;ATLANTHIC SOUTH;23;0;Empleado;N;S;9600;440;1700;2;488;662;730;613;8683;7075;Correo;No contactado
2388;1002643;2016-07-16 00:00:00;1;ATLANTHIC SOUTH;57;0;independiente;S;S;4000;640;1500;0;454;620;555;827;12227;8658;Call center;Promesa de pago
2389;1007817;2019-02-27 00:00:00;1;NEW ENGALND;23;3;Empleado;N;N;15000;10760;30800;4;545;531;678;816;8273;4825;Call center;Promesa de pago
2390;1014604;2018-05-26 00:00:00;0;545454;37;0;independiente;S;N;6250;667;1640;1;752;618;602;747;28384;28188;Ninguno;No aplica
2391;1077783;2020-01-14 00:00:00;1;NEW ENGALND;53;0;Pensionado;S;N;6000;400;900;3;408;629;624;836;5145;4684;Whatsapp;Sin gestión
2392;1037464;2014-11-19 00:00:00;1;ATLANTHIC SOUTH;53;0;Pensionado;S;S;5100;1161;1409;0;454;604;716;745;10010;6414;Call center;Promesa de pago
2393;1014821;2016-06-28 00:00:00;1;NEW ENGALND;39;0;Pensionado;S;S;10500;400;1200;0;425;590;664;668;21035;11254;Call center;Promesa de pago
2394;1000820;2018-03-31 00:00:00;1;NEW ENGALND;39;0;Empleado;S;N;6800;500;1000;0;467;529;508;819;8040;4248;Whatsapp;Sin gestión
2395;1043632;2016-07-08 00:00:00;0;545454;37;0;Pensionado;N;N;3000;500;1000;0;696;716;582;772;14654;8209;Ninguno;No aplica
2396;1015091;2016-02-18 00:00:00;1;545454;58;0;Pensionado;S;S;6250;700;1500;0;428;535;718;819;21866;17283;Whatsapp;Sin gestión
2397;1018510;2019-02-14 00:00:00;0;NEW ENGALND;58;0;Pensionado;S;S;3130;490;2000;4;654;674;681;674;24563;23688;Ninguno;No aplica
2398;1050570;2019-12-06 00:00:00;1;NEW YORK;31;0;independiente;N;S;6000;358;900;0;450;667;772;656;22633;16938;SMS;Pago parcial
2399;1084182;2016-06-11 00:00:00;1;545454;26;0;independiente;S;S;12246;1139,076;2780,493;1;510;540;768;737;22014;20285;Call center;Promesa de pago
2400;1019104;2016-02-02 00:00:00;0;NEW YORK;40;0;independiente;S;S;13300;400;1100;3;703;586;626;755;19996;14456;Ninguno;No aplica
2401;1014024;2017-12-23 00:00:00;1;NEW YORK;37;0;independiente;S;S;10000;275;700;2;464;517;825;812;21336;18227;Correo;No contactado
2402;1003986;2016-01-24 00:00:00;1;ATLANTHIC SOUTH;49;0;Pensionado;S;S;5000;300;1500;1;509;640;652;681;13853;11996;Call center;Promesa de pago
2403;1079827;2019-10-11 00:00:00;0;NEW YORK;62;0;Empleado;S;S;4500;290,72;1004,8;0;673;695;583;698;16695;9800;Ninguno;No aplica
2404;1031135;2018-09-29 00:00:00;0;NEW YORK;63;0;independiente;S;S;6250;430;600;4;686;672;606;552;7852;5344;Ninguno;No aplica
2405;1008514;2018-07-24 00:00:00;1;NEW YORK;31;0;Empleado;N;S;6250;290;720;1;584;549;492;809;21014;17203;Correo;No contactado
2406;1091281;2018-06-01 00:00:00;0;545454;49;0;Pensionado;N;N;3750;700;1500;0;767;709;762;600;5987;3205;Ninguno;No aplica
2407;1031279;2018-08-28 00:00:00;1;545454;40;0;Empleado;N;N;10000;1400;2400;3;435;529;762;791;12622;8593;Correo;No contactado
2408;1039589;2016-10-30 00:00:00;1;545454;25;0;independiente;S;S;8000;400;1600;1;541;598;579;617;28711;22033;Correo;No contactado
2409;1094918;2014-10-20 00:00:00;1;NEW ENGALND;68;0;Pensionado;S;S;2400;457,835;804,167;2;541;536;634;813;14160;14133;SMS;Pago parcial
2410;1035336;2019-07-29 00:00:00;1;NEW YORK;39;0;independiente;N;S;7500;245;600;1;443;526;657;749;22484;16577;Whatsapp;Sin gestión
2411;1020084;2017-01-08 00:00:00;0;CHICAGO;42;0;Pensionado;N;S;4000;370;1200;4;741;642;583;600;11652;10580;Ninguno;No aplica
2412;1061260;2016-01-28 00:00:00;0;NEW YORK;46;0;independiente;N;S;3750;880;1200;3;777;657;527;732;12421;8894;Ninguno;No aplica
2413;1069002;2019-03-09 00:00:00;0;NEW YORK;53;0;Pensionado;N;S;1875;210;554,166;0;644;677;635;617;26400;23712;Ninguno;No aplica
2414;1005596;2016-11-12 00:00:00;1;CHICAGO;41;0;independiente;N;S;11875;1080;1800;2;454;594;628;787;5769;4602;Whatsapp;Sin gestión
2415;1002958;2015-07-10 00:00:00;0;NEW YORK;51;0;Empleado;S;S;8750;320;1300;0;751;459;623;645;22727;21438;Ninguno;No aplica
2416;1028045;2016-01-10 00:00:00;1;ATLANTHIC SOUTH;55;0;independiente;S;S;2500;200;700;0;514;532;666;565;19114;13484;SMS;Pago parcial
2417;1088201;2019-07-04 00:00:00;0;545454;48;0;independiente;N;N;4500;680;1400;0;728;657;750;582;9358;7507;Ninguno;No aplica
2418;1067484;2019-09-22 00:00:00;1;ATLANTHIC SOUTH;65;0;Pensionado;S;N;6250;780;2836;1;517;670;629;681;28164;22954;Whatsapp;Sin gestión
2419;1009899;2020-01-22 00:00:00;0;545454;43;0;Pensionado;S;S;5000;400;1600;1;720;615;662;793;27986;19833;Ninguno;No aplica
2420;1048833;2016-01-05 00:00:00;0;545454;22;0;Pensionado;N;N;5000;630;1320;2;634;690;701;751;16543;9465;Ninguno;No aplica
2421;1098337;2017-05-07 00:00:00;1;CHICAGO;39;0;Empleado;N;N;7500;430;1050;0;552;670;689;866;23733;12977;SMS;Pago parcial
2422;1014647;2015-04-25 00:00:00;1;NEW YORK;43;0;Empleado;S;S;11477;610;1200;2;558;501;607;869;10699;5439;Call center;Promesa de pago
2423;1009046;2015-12-19 00:00:00;0;NEW YORK;43;0;independiente;S;S;11600;500;1200;4;689;704;657;622;22625;21194;Ninguno;No aplica
2424;1085783;2020-02-23 00:00:00;0;NEW YORK;47;0;Empleado;S;S;7500;913;1400;2;698;632;688;653;6125;3787;Ninguno;No aplica
2425;1065025;2018-03-29 00:00:00;0;ATLANTHIC SOUTH;40;0;independiente;S;S;12500;410;1160;1;623;650;571;633;15793;9567;Ninguno;No aplica
2426;1017067;2018-08-11 00:00:00;0;NEW YORK;62;0;independiente;S;S;9000;300;1100;0;726;632;738;610;11764;10211;Ninguno;No aplica
2427;1005038;2018-09-12 00:00:00;0;NEW YORK;60;0;Pensionado;S;S;6500;260;800;0;729;636;750;504;26485;17480;Ninguno;No aplica
2428;1004033;2019-11-22 00:00:00;1;NEW YORK;67;0;independiente;S;S;12250;893;1160;0;497;743;599;719;17323;13045;SMS;Pago parcial
2429;1036669;2017-06-05 00:00:00;0;NEW YORK;34;0;Empleado;S;S;5700;302;832;0;756;731;664;554;18031;10481;Ninguno;No aplica
2430;1068659;2016-09-08 00:00:00;1;ATLANTHIC SOUTH;48;0;Empleado;S;S;17500;800;1800;2;483;646;695;717;19052;18669;Whatsapp;Sin gestión
2431;1026701;2017-01-24 00:00:00;1;NEW YORK;48;0;Empleado;S;S;7600;200;752;3;528;610;612;910;17640;16331;Whatsapp;Sin gestión
2432;1043105;2015-12-21 00:00:00;0;545454;31;0;Empleado;S;S;5000;120;300;4;649;584;684;624;12843;11968;Ninguno;No aplica
2433;1088596;2019-04-29 00:00:00;1;NEW YORK;40;0;Empleado;S;S;12000;300;1300;4;499;604;661;738;19210;13512;Call center;Promesa de pago
2434;1002806;2017-03-22 00:00:00;0;NEW YORK;51;0;independiente;S;N;8000;310;650;2;691;744;547;752;21456;18907;Ninguno;No aplica
2435;1072516;2016-01-14 00:00:00;1;ATLANTHIC SOUTH;60;0;Pensionado;S;S;2500;150;800;2;511;529;682;745;26856;15360;SMS;Pago parcial
2436;1020231;2019-08-07 00:00:00;0;CHICAGO;20;0;Empleado;N;S;10200;600;1385;2;682;738;573;696;15106;7618;Ninguno;No aplica
2437;1075518;2019-11-13 00:00:00;0;ATLANTHIC SOUTH;32;0;Empleado;S;S;7000;1565;2746;2;693;722;716;637;10189;5196;Ninguno;No aplica
2438;1024879;2019-03-30 00:00:00;0;NEW YORK;42;0;Empleado;S;S;7600;220;450;1;741;791;603;649;7472;5928;Ninguno;No aplica
2439;1048646;2016-08-30 00:00:00;1;NEW YORK;34;0;Empleado;N;S;8750;600;1650;0;478;555;639;634;22091;16076;Call center;Promesa de pago
2440;1072904;2016-03-08 00:00:00;1;ATLANTHIC SOUTH;59;0;Empleado;N;S;5000;300;900;1;420;514;746;796;23188;17600;Correo;No contactado
2441;1056883;2016-04-01 00:00:00;1;NEW YORK;66;0;Pensionado;N;S;9000;180;750;0;587;558;685;563;11704;5896;SMS;Pago parcial
2442;1087194;2017-10-15 00:00:00;0;ATLANTHIC SOUTH;36;20;independiente;N;S;18625;2400;5400;0;769;766;574;757;8713;6198;Ninguno;No aplica
2443;1089167;2018-06-08 00:00:00;0;NEW ENGALND;53;0;Pensionado;N;S;5400;630;1500;1;635;570;579;544;10051;8634;Ninguno;No aplica
2444;1097112;2015-01-06 00:00:00;1;NEW YORK;57;0;independiente;S;S;8750;300;1800;4;534;456;608;807;15756;11366;Call center;Promesa de pago
2445;1043712;2018-09-28 00:00:00;0;ATLANTHIC SOUTH;42;0;independiente;N;S;11200;705;1700;1;675;685;678;638;7475;6474;Ninguno;No aplica
2446;1031711;2015-02-16 00:00:00;1;NEW YORK;29;15;Pensionado;S;S;14400;23060;28028;0;513;553;675;609;8610;5308;Call center;Promesa de pago
2447;1037509;2015-07-20 00:00:00;0;545454;31;0;Empleado;S;S;5200;400;1600;3;715;680;591;722;9255;8390;Ninguno;No aplica
2448;1003856;2015-12-23 00:00:00;0;NEW YORK;60;0;independiente;S;S;12400;250;1500;0;688;737;568;754;19484;15474;Ninguno;No aplica
2449;1040159;2017-04-14 00:00:00;0;NEW YORK;33;0;independiente;N;S;3600;440;900;3;661;647;670;631;28781;17423;Ninguno;No aplica
2450;1076131;2017-01-09 00:00:00;1;NEW ENGALND;57;0;Pensionado;S;S;4000;746;1400;4;465;468;637;785;6735;4165;Whatsapp;Sin gestión
2451;1086649;2018-05-11 00:00:00;0;ATLANTHIC SOUTH;24;0;Pensionado;N;S;6250;350;900;3;654;803;801;464;13258;10792;Ninguno;No aplica
2452;1077274;2018-05-31 00:00:00;1;NEW YORK;41;0;independiente;S;N;9000;500;1000;2;458;520;653;601;12979;11875;SMS;Pago parcial
2453;1039031;2019-08-03 00:00:00;1;NEW YORK;41;0;Empleado;S;N;10500;400;1000;4;497;516;777;836;7428;5258;Correo;No contactado
2454;1000784;2017-10-17 00:00:00;1;ATLANTHIC SOUTH;53;0;Empleado;S;S;12000;550;1800;0;464;646;568;700;17345;10913;Correo;No contactado
2455;1077262;2019-04-28 00:00:00;0;NEW ENGALND;34;0;Pensionado;S;N;8750;150;1500;0;734;657;540;502;12426;11600;Ninguno;No aplica
2456;1096638;2015-01-30 00:00:00;0;545454;58;0;Pensionado;S;N;8000;1035;2100;2;774;676;572;607;13533;11295;Ninguno;No aplica
2457;1056287;2017-04-19 00:00:00;1;CHICAGO;25;0;Empleado;N;N;11250;450;700;2;471;609;733;637;10249;7421;SMS;Pago parcial
2458;1043699;2018-01-02 00:00:00;0;NEW YORK;52;0;Pensionado;N;S;3750;650;1152;0;712;745;773;655;26675;19845;Ninguno;No aplica
2459;1047036;2019-08-31 00:00:00;0;NEW YORK;54;0;Pensionado;S;N;6400;300;500;0;725;660;595;637;24201;14572;Ninguno;No aplica
2460;1035180;2015-08-02 00:00:00;0;NEW YORK;62;0;Pensionado;S;S;6000;200;420;0;724;771;618;686;25258;20545;Ninguno;No aplica
2461;1071459;2020-07-28 00:00:00;0;NEW YORK;60;42;independiente;S;S;12500;530;2250;0;704;552;568;664;14686;9977;Ninguno;No aplica
2462;1009264;2017-06-13 00:00:00;1;CHICAGO;58;40;Empleado;S;S;1900;350;600;0;537;626;523;842;19109;19067;SMS;Pago parcial
2463;1043876;2018-04-06 00:00:00;0;ATLANTHIC SOUTH;30;10;Empleado;S;S;5000;350;1800;3;724;630;700;708;25595;18943;Ninguno;No aplica
2464;1050249;2018-03-30 00:00:00;1;CHICAGO;36;12;Empleado;S;S;10000;1700;2380;3;438;662;666;761;5661;4206;Call center;Promesa de pago
2465;1077939;2018-10-27 00:00:00;1;NEW YORK;44;0;Pensionado;N;N;3760;165;4900;1;543;589;651;825;17075;13368;Whatsapp;Sin gestión
2466;1038785;2019-06-14 00:00:00;0;NEW YORK;23;0;Pensionado;S;S;6000;200;700;0;744;640;552;635;19788;18964;Ninguno;No aplica
2467;1017359;2020-04-25 00:00:00;0;ATLANTHIC SOUTH;26;0;independiente;S;N;3750;850;1600;3;662;720;765;556;15060;13560;Ninguno;No aplica
2468;1047084;2019-05-10 00:00:00;1;NEW YORK;58;0;Empleado;S;N;7500;480;1200;0;502;634;615;829;20836;15118;Whatsapp;Sin gestión
2469;1026986;2019-02-01 00:00:00;1;545454;53;0;independiente;N;S;5000;400;1300;2;534;619;687;732;15526;13342;Whatsapp;Sin gestión
2470;1019065;2019-12-14 00:00:00;1;NEW YORK;47;0;independiente;N;S;6400;1215;1440;2;490;518;548;733;8374;6642;SMS;Pago parcial
2471;1087643;2015-12-13 00:00:00;0;NEW YORK;58;0;independiente;N;S;5600;200;800;2;754;651;637;613;5207;3885;Ninguno;No aplica
2472;1077074;2015-07-06 00:00:00;1;NEW YORK;34;0;Empleado;N;S;5000;100;700;2;618;580;670;664;7665;4570;Whatsapp;Sin gestión
2473;1089460;2017-09-04 00:00:00;1;NEW YORK;63;0;Pensionado;N;S;5000;1008,708;2316,867;0;461;578;673;796;23877;17477;Call center;Promesa de pago
2474;1075615;2019-06-28 00:00:00;0;NEW YORK;31;0;Pensionado;N;S;7500;250;750;1;631;725;661;759;28197;17564;Ninguno;No aplica
2475;1013483;2015-05-12 00:00:00;1;NEW YORK;33;0;Pensionado;S;N;10000;490;1000;1;515;459;685;791;5632;5392;SMS;Pago parcial
2476;1062833;2020-02-04 00:00:00;0;NEW YORK;61;0;independiente;N;S;5640;205;720;0;736;700;571;741;8083;5397;Ninguno;No aplica
2477;1060861;2016-08-07 00:00:00;1;NEW YORK;64;0;independiente;N;S;12300;461,416;975;0;488;563;664;771;18711;18264;SMS;Pago parcial
2478;1014421;2016-12-16 00:00:00;1;NEW YORK;69;0;Empleado;N;S;6900;466,166;875;1;573;530;658;732;15123;11592;Whatsapp;Sin gestión
2479;1037354;2015-11-27 00:00:00;0;NEW YORK;44;0;Pensionado;S;S;8750;370;800;2;633;635;666;654;25103;20478;Ninguno;No aplica
2480;1095350;2019-04-25 00:00:00;1;NEW YORK;51;0;Empleado;S;N;4200;130;600;2;535;567;655;829;12123;9353;Correo;No contactado
2481;1056587;2015-05-27 00:00:00;1;545454;46;0;Empleado;N;S;8000;350;1300;1;470;364;561;686;15754;8896;Correo;No contactado
2482;1044914;2017-06-10 00:00:00;0;ATLANTHIC SOUTH;46;0;Empleado;S;N;7750;749;1777;4;786;638;558;703;6679;4595;Ninguno;No aplica
2483;1010731;2020-01-20 00:00:00;1;545454;40;0;Empleado;S;S;9000;866;1066;3;600;527;495;648;20901;11487;Call center;Promesa de pago
2484;1089958;2017-07-04 00:00:00;1;NEW ENGALND;68;0;Pensionado;S;N;1500;680;1100;3;462;612;707;661;5236;4249;Whatsapp;Sin gestión
2485;1018939;2017-04-17 00:00:00;0;ATLANTHIC SOUTH;50;0;independiente;S;N;7500;2000;4000;3;673;632;708;649;12446;9004;Ninguno;No aplica
2486;1030630;2019-09-23 00:00:00;0;545454;48;0;Empleado;S;N;6250;220;1250;0;743;667;709;598;9443;8395;Ninguno;No aplica
2487;1098237;2019-09-15 00:00:00;0;545454;56;0;Pensionado;S;S;6000;362;1136;2;681;773;671;742;28154;17181;Ninguno;No aplica
2488;1030639;2016-04-20 00:00:00;1;NEW YORK;38;0;independiente;S;N;5400;200;700;0;498;640;501;599;20463;11915;Whatsapp;Sin gestión
2489;1041812;2016-02-04 00:00:00;0;545454;26;0;Empleado;N;S;7200;1200;2100;0;701;734;578;679;27483;19325;Ninguno;No aplica
2490;1061385;2018-12-31 00:00:00;1;NEW YORK;42;0;independiente;S;N;4800;280,333;600;0;404;550;662;732;13555;13057;SMS;Pago parcial
2491;1027256;2018-05-20 00:00:00;0;NEW ENGALND;71;0;independiente;S;S;1400;280;700;3;699;713;659;507;23752;20313;Ninguno;No aplica
2492;1065472;2016-12-18 00:00:00;1;545454;71;0;independiente;S;S;7500;400;1000;0;466;566;634;680;21669;15373;SMS;Pago parcial
2493;1042910;2014-12-17 00:00:00;0;ATLANTHIC SOUTH;67;0;independiente;S;S;5000;1424,999;1908,583;0;675;668;676;693;5148;3905;Ninguno;No aplica
2494;1053722;2017-08-16 00:00:00;1;NEW YORK;63;0;independiente;S;S;6750;485,333;800;2;572;605;651;759;18395;9972;Whatsapp;Sin gestión
2495;1062732;2015-08-26 00:00:00;0;545454;48;0;Pensionado;N;N;6500;350;1208;1;637;644;658;652;25421;25225;Ninguno;No aplica
2496;1034413;2018-12-29 00:00:00;1;ATLANTHIC SOUTH;53;0;Pensionado;S;S;8750;491;1300;1;541;670;605;781;27933;23274;SMS;Pago parcial
2497;1024975;2015-08-26 00:00:00;1;NEW YORK;45;0;independiente;S;S;5625;700;1700;4;486;570;719;710;28505;18320;Whatsapp;Sin gestión
2498;1076154;2017-05-24 00:00:00;0;CHICAGO;64;0;independiente;N;S;1750;350;700;1;686;717;620;671;9895;7846;Ninguno;No aplica
2499;1036501;2017-04-11 00:00:00;0;NEW ENGALND;22;0;Empleado;N;S;6000;170;1400;1;740;767;557;693;26664;14792;Ninguno;No aplica
2500;1074561;2017-10-27 00:00:00;0;ATLANTHIC SOUTH;55;0;Empleado;S;N;2500;450;1500;3;717;742;596;753;22396;22013;Ninguno;No aplica
2501;1081648;2018-03-03 00:00:00;1;ATLANTHIC SOUTH;65;0;Empleado;S;N;6250;1085;1800;1;529;495;626;659;16023;9412;Call center;Promesa de pago
2502;1086251;2020-02-06 00:00:00;0;NEW YORK;29;0;independiente;S;S;10000;750;1200;0;748;707;720;626;15699;12936;Ninguno;No aplica
2503;1033652;2017-04-21 00:00:00;1;NEW YORK;25;0;Pensionado;S;S;3000;512;935;0;483;631;647;660;14715;9163;SMS;Pago parcial
2504;1096417;2018-10-19 00:00:00;0;NEW YORK;39;0;Pensionado;S;S;1250;290;1020;0;669;734;637;640;24169;20756;Ninguno;No aplica
2505;1065717;2017-05-06 00:00:00;0;NEW YORK;35;0;Empleado;N;N;6250;316;425;2;646;613;563;798;25109;22307;Ninguno;No aplica
2506;1095574;2018-08-25 00:00:00;0;ATLANTHIC SOUTH;40;0;independiente;S;S;11250;500;2000;1;659;641;705;722;21163;17707;Ninguno;No aplica
2507;1073444;2016-08-07 00:00:00;0;NEW YORK;34;0;independiente;N;S;8800;290;1100;4;847;740;604;568;25960;20956;Ninguno;No aplica
2508;1072494;2018-09-20 00:00:00;0;ATLANTHIC SOUTH;35;0;Empleado;N;S;3750;500;1000;4;762;634;643;616;10782;10202;Ninguno;No aplica
2509;1003506;2018-04-09 00:00:00;0;545454;57;0;Pensionado;N;S;6250;300;1500;0;632;662;754;704;27641;14907;Ninguno;No aplica
2510;1055535;2019-09-07 00:00:00;1;ATLANTHIC SOUTH;38;0;independiente;S;N;5000;325;800;3;434;675;686;638;23792;15833;Whatsapp;Sin gestión
2511;1004838;2015-08-20 00:00:00;0;NEW YORK;37;0;independiente;S;S;8750;400;800;0;724;677;536;605;21724;13559;Ninguno;No aplica
2512;1066074;2019-09-14 00:00:00;1;ATLANTHIC SOUTH;23;0;Pensionado;N;N;15000;700;1900;2;527;536;526;841;7817;7770;SMS;Pago parcial
2513;1021207;2018-03-16 00:00:00;1;ATLANTHIC SOUTH;63;0;Empleado;N;N;6050;300;1350;2;527;527;645;665;20096;13961;Call center;Promesa de pago
2514;1040268;2018-01-30 00:00:00;1;NEW YORK;29;0;independiente;S;N;5000;500;1200;3;487;600;565;806;23880;20687;SMS;Pago parcial
2515;1034826;2019-06-14 00:00:00;1;NEW YORK;52;0;Empleado;N;S;5400;150;600;2;494;500;695;833;27346;23035;Whatsapp;Sin gestión
2516;1016921;2015-02-08 00:00:00;1;NEW YORK;44;0;Empleado;S;N;6250;260;650;2;516;565;653;654;10299;6242;SMS;Pago parcial
2517;1091955;2017-04-27 00:00:00;1;ATLANTHIC SOUTH;61;0;Empleado;N;N;4000;300;750;0;504;600;662;640;14917;9241;SMS;Pago parcial
2518;1059607;2019-09-25 00:00:00;1;NEW YORK;39;0;Pensionado;N;S;8750;300;600;4;389;658;601;695;28958;18552;Whatsapp;Sin gestión
2519;1065980;2017-10-01 00:00:00;0;ATLANTHIC SOUTH;47;0;Empleado;S;S;10000;1086;1800;0;689;720;772;572;23073;16279;Ninguno;No aplica
2520;1033401;2016-07-24 00:00:00;0;ATLANTHIC SOUTH;27;0;independiente;N;S;8750;3588,167;5035,917;0;657;637;849;681;8267;5102;Ninguno;No aplica
2521;1023114;2019-01-16 00:00:00;0;NEW YORK;50;0;Empleado;S;S;10000;480;950;4;709;751;630;651;9406;4795;Ninguno;No aplica
2522;1072268;2015-07-03 00:00:00;1;CHICAGO;60;0;Empleado;N;S;2000;300;700;3;649;562;675;752;29837;28038;Correo;No contactado
2523;1033814;2019-10-24 00:00:00;1;NEW ENGALND;42;0;Empleado;S;N;5000;500;1200;2;518;506;657;846;22826;22434;SMS;Pago parcial
2524;1090789;2014-11-30 00:00:00;0;NEW YORK;38;0;independiente;S;N;4000;200;700;0;684;670;632;744;29981;20111;Ninguno;No aplica
2525;1015461;2017-05-21 00:00:00;0;NEW ENGALND;26;0;Empleado;S;N;2000;500;500;0;746;766;592;714;15382;10294;Ninguno;No aplica
2526;1048214;2017-01-02 00:00:00;1;ATLANTHIC SOUTH;29;0;independiente;S;N;2250;462;895,833;1;524;590;574;543;9437;4752;SMS;Pago parcial
2527;1054355;2017-08-13 00:00:00;0;545454;27;0;Pensionado;S;S;11700;532;2800;3;721;681;571;710;10435;8767;Ninguno;No aplica
2528;1067232;2015-08-20 00:00:00;0;ATLANTHIC SOUTH;38;15;Empleado;S;S;12500;14000;24000;0;730;778;678;825;29819;27216;Ninguno;No aplica
2529;1086501;2019-08-18 00:00:00;0;CHICAGO;43;0;independiente;S;S;2500;1083;1204;2;803;594;614;399;9107;5221;Ninguno;No aplica
2530;1033425;2017-04-04 00:00:00;1;ATLANTHIC SOUTH;43;0;Pensionado;S;S;2000;1206,166;1756,666;1;443;503;470;782;5560;3224;Call center;Promesa de pago
2531;1017964;2018-12-13 00:00:00;0;NEW YORK;38;0;independiente;N;S;9356;1160,876;1860,633;4;724;583;681;656;17329;15510;Ninguno;No aplica
2532;1099191;2019-09-24 00:00:00;1;NEW YORK;27;0;Empleado;S;N;8500;280;1200;0;454;602;647;644;26932;21765;Correo;No contactado
2533;1049136;2019-11-01 00:00:00;1;NEW YORK;64;0;independiente;N;S;11200;352;800;2;528;590;744;792;6826;3566;Call center;Promesa de pago
2534;1011465;2018-12-22 00:00:00;1;NEW ENGALND;61;0;independiente;S;N;7500;570,333;1278,333;0;454;673;676;874;16421;13322;Whatsapp;Sin gestión
2535;1063753;2019-07-25 00:00:00;0;545454;51;0;Pensionado;S;N;4000;1300;2500;0;679;695;546;740;17265;11299;Ninguno;No aplica
2536;1091756;2017-09-17 00:00:00;1;ATLANTHIC SOUTH;33;0;independiente;S;S;3000;480;1200;0;485;556;494;687;12629;8643;Whatsapp;Sin gestión
2537;1070928;2020-02-18 00:00:00;1;NEW YORK;46;0;Pensionado;S;S;12300;581;1200;2;549;580;600;635;13325;11791;Call center;Promesa de pago
2538;1036010;2020-01-10 00:00:00;0;NEW YORK;49;0;independiente;S;N;7500;300;700;0;746;687;606;683;24522;22204;Ninguno;No aplica
2539;1014268;2019-11-19 00:00:00;0;NEW YORK;60;0;independiente;S;S;10800;376,417;1051,667;0;638;580;716;749;12693;8887;Ninguno;No aplica
2540;1067961;2019-08-22 00:00:00;1;ATLANTHIC SOUTH;58;0;Pensionado;N;N;18800;350;1150;0;503;743;649;685;13264;12914;SMS;Pago parcial
2541;1078056;2016-03-27 00:00:00;0;NEW YORK;37;0;Empleado;S;S;12600;300;1200;2;665;711;729;644;17686;12437;Ninguno;No aplica
2542;1007888;2019-01-21 00:00:00;1;NEW ENGALND;64;0;Empleado;N;S;2000;435;550;0;437;593;557;974;18716;16581;Correo;No contactado
2543;1062505;2019-12-12 00:00:00;1;ATLANTHIC SOUTH;41;0;Empleado;S;S;11200;450;1217;0;489;617;718;817;29226;21684;Call center;Promesa de pago
2544;1084003;2014-12-14 00:00:00;1;ATLANTHIC SOUTH;48;0;Pensionado;S;N;6500;300;1200;0;485;623;700;824;11721;11120;Call center;Promesa de pago
2545;1025707;2016-05-23 00:00:00;0;NEW YORK;39;0;Empleado;S;S;6250;564,643;800;0;821;672;509;539;28386;27077;Ninguno;No aplica
2546;1056373;2019-09-17 00:00:00;1;NEW YORK;43;0;Pensionado;S;S;11250;415;800;2;522;542;743;656;25609;13924;Whatsapp;Sin gestión
2547;1061501;2019-10-05 00:00:00;1;ATLANTHIC SOUTH;58;0;Empleado;S;S;10000;1000;2553;2;431;616;657;727;24362;23588;SMS;Pago parcial
2548;1012631;2015-08-30 00:00:00;1;NEW YORK;44;0;Pensionado;S;S;14500;450;1000;0;472;603;677;630;12373;11294;Correo;No contactado
2549;1076889;2020-03-03 00:00:00;0;CHICAGO;67;0;independiente;S;S;8750;300;1000;3;751;631;589;814;10907;9769;Ninguno;No aplica
2550;1024910;2019-11-16 00:00:00;1;545454;65;0;Pensionado;S;S;11000;420;1400;1;604;665;739;847;27481;16501;Call center;Promesa de pago
2551;1064976;2017-09-02 00:00:00;1;ATLANTHIC SOUTH;61;0;independiente;S;S;1800;300;1200;2;421;598;567;672;21127;19068;Correo;No contactado
2552;1096512;2017-10-04 00:00:00;0;NEW YORK;41;0;Empleado;S;S;3902;570;1360;0;606;724;708;831;10656;9858;Ninguno;No aplica
2553;1011247;2019-07-22 00:00:00;1;NEW YORK;51;0;Pensionado;N;S;5000;280;700;0;594;664;707;720;13984;9014;Correo;No contactado
2554;1036230;2015-06-26 00:00:00;0;NEW YORK;52;0;Empleado;S;S;8750;500;1300;0;719;681;582;903;25643;25031;Ninguno;No aplica
2555;1071291;2015-01-09 00:00:00;0;NEW YORK;45;0;independiente;S;S;9000;653;1200;1;657;699;789;683;13286;6974;Ninguno;No aplica
2556;1063383;2015-10-28 00:00:00;0;NEW YORK;48;0;Pensionado;S;S;8750;282,5;850;0;727;729;666;722;10901;6268;Ninguno;No aplica
2557;1055826;2014-12-19 00:00:00;0;545454;47;0;Empleado;S;S;6500;500;1500;4;568;637;696;796;9917;7624;Ninguno;No aplica
2558;1024974;2015-03-16 00:00:00;0;NEW YORK;50;0;Pensionado;S;S;4000;350;800;0;700;683;543;785;13429;10581;Ninguno;No aplica
2559;1027387;2017-07-22 00:00:00;1;NEW YORK;49;0;Pensionado;S;S;6500;350;800;1;516;588;798;766;19716;16218;Call center;Promesa de pago
2560;1071484;2015-03-03 00:00:00;0;ATLANTHIC SOUTH;38;0;Pensionado;S;S;5625;430;1800;0;746;623;564;657;20795;10574;Ninguno;No aplica
2561;1059552;2018-01-14 00:00:00;0;CHICAGO;50;0;independiente;S;S;8750;300;600;1;649;819;722;716;16138;15818;Ninguno;No aplica
2562;1038868;2015-09-01 00:00:00;1;NEW YORK;52;0;Empleado;S;S;6800;182,427;506,5;0;504;496;580;647;7530;3933;Correo;No contactado
2563;1093356;2019-01-03 00:00:00;0;ATLANTHIC SOUTH;27;0;Pensionado;S;S;9375;300;1340;1;654;602;607;684;23344;13342;Ninguno;No aplica
2564;1072700;2018-10-25 00:00:00;0;NEW YORK;44;0;Empleado;N;S;6750;380;850;0;713;759;705;570;28429;14414;Ninguno;No aplica
2565;1030895;2018-03-19 00:00:00;0;NEW YORK;40;0;Pensionado;S;S;3125;140;480;0;655;723;722;510;22432;17574;Ninguno;No aplica
2566;1089560;2020-01-27 00:00:00;1;NEW ENGALND;52;0;Pensionado;S;S;12000;280;1750;0;480;518;561;725;10772;10407;Whatsapp;Sin gestión
2567;1096455;2015-07-05 00:00:00;0;NEW ENGALND;56;0;independiente;N;S;3000;400;1400;0;650;716;726;784;20476;17056;Ninguno;No aplica
2568;1039410;2016-12-31 00:00:00;1;NEW YORK;52;0;Empleado;S;S;2000;220;1200;2;533;668;723;803;23913;21793;SMS;Pago parcial
2569;1064141;2017-07-26 00:00:00;0;NEW YORK;33;0;independiente;S;S;6250;590;2000;0;743;678;584;663;20751;10513;Ninguno;No aplica
2570;1025077;2018-10-12 00:00:00;0;NEW YORK;31;0;Pensionado;S;S;4250;210;800;1;688;836;762;827;7964;6140;Ninguno;No aplica
2571;1004236;2017-10-26 00:00:00;1;ATLANTHIC SOUTH;25;0;Pensionado;N;S;5000;490;1650;2;502;477;548;669;12137;8857;SMS;Pago parcial
2572;1035513;2017-03-27 00:00:00;0;NEW YORK;49;0;independiente;S;N;11250;1750;2000;0;628;722;606;497;22347;16749;Ninguno;No aplica
2573;1072512;2016-03-08 00:00:00;0;ATLANTHIC SOUTH;55;0;independiente;S;N;5600;550;1200;4;685;750;684;474;21920;11751;Ninguno;No aplica
2574;1059637;2018-08-09 00:00:00;1;ATLANTHIC SOUTH;48;0;independiente;S;S;2500;1121;1357;0;497;633;590;614;18891;15910;SMS;Pago parcial
2575;1085872;2019-07-04 00:00:00;1;ATLANTHIC SOUTH;73;50;Pensionado;N;N;14000;1500;5592;0;631;568;668;793;12340;9275;Whatsapp;Sin gestión
2576;1054482;2016-02-23 00:00:00;0;ATLANTHIC SOUTH;49;25;Pensionado;N;N;15400;1312;2690;0;644;663;667;613;28563;25209;Ninguno;No aplica
2577;1069294;2019-09-11 00:00:00;0;ATLANTHIC SOUTH;44;20;Empleado;N;S;12500;2520;6000;1;773;707;637;711;12967;9630;Ninguno;No aplica
2578;1001835;2016-11-17 00:00:00;0;ATLANTHIC SOUTH;27;0;independiente;S;S;8000;415;1200;0;750;729;708;818;17415;10008;Ninguno;No aplica
2579;1094097;2016-12-15 00:00:00;0;NEW YORK;48;0;Pensionado;S;S;8750;500;1200;0;714;716;634;571;16871;13904;Ninguno;No aplica
2580;1038513;2016-02-27 00:00:00;0;ATLANTHIC SOUTH;29;10;independiente;S;S;15000;1500;6000;3;788;742;666;713;16916;9916;Ninguno;No aplica
2581;1050917;2017-04-21 00:00:00;0;CHICAGO;33;0;Pensionado;S;S;9000;400;900;0;719;619;730;719;13734;12858;Ninguno;No aplica
2582;1012132;2016-02-18 00:00:00;1;ATLANTHIC SOUTH;32;0;Pensionado;S;S;6250;600;1900;0;519;566;705;643;5845;4714;Whatsapp;Sin gestión
2583;1007018;2019-09-06 00:00:00;0;NEW YORK;49;0;Pensionado;N;S;62500;350;800;0;697;624;705;792;27161;15715;Ninguno;No aplica
2584;1018815;2017-05-30 00:00:00;0;NEW YORK;45;0;Pensionado;S;S;9000;968;1850;2;761;657;570;644;24420;23960;Ninguno;No aplica
2585;1014719;2019-01-11 00:00:00;0;545454;41;0;Pensionado;S;S;12500;800;2400;0;755;741;687;635;27331;20749;Ninguno;No aplica
2586;1059577;2017-12-08 00:00:00;1;NEW ENGALND;52;0;Empleado;S;S;2000;544;1200;0;469;586;589;910;7494;4020;Whatsapp;Sin gestión
2587;1009309;2015-08-16 00:00:00;1;NEW YORK;50;0;Pensionado;S;S;13540;250;500;3;434;736;560;767;17677;14379;SMS;Pago parcial
2588;1020950;2017-09-30 00:00:00;0;545454;54;0;independiente;S;S;7000;583;1200;0;690;692;645;753;24103;15103;Ninguno;No aplica
2589;1021429;2015-01-18 00:00:00;1;NEW YORK;51;0;independiente;N;S;4000;2510;4500;0;460;584;587;842;23268;20984;Correo;No contactado
2590;1017583;2018-05-19 00:00:00;1;ATLANTHIC SOUTH;54;0;Empleado;N;S;5400;500;1200;0;497;586;705;661;17330;15751;Whatsapp;Sin gestión
2591;1085734;2016-01-03 00:00:00;1;NEW YORK;25;0;Empleado;S;N;7500;200;400;0;562;542;707;832;25733;25462;Call center;Promesa de pago
2592;1054808;2015-08-28 00:00:00;1;CHICAGO;30;0;Empleado;N;N;11250;300;1200;3;477;577;517;675;10179;7644;Whatsapp;Sin gestión
2593;1038116;2017-01-25 00:00:00;1;545454;46;0;Pensionado;S;N;2760;330;1900;2;498;648;592;671;11610;8446;Call center;Promesa de pago
2594;1042478;2019-12-08 00:00:00;0;NEW YORK;46;0;independiente;S;S;3750;230;500;3;703;687;548;646;11430;10021;Ninguno;No aplica
2595;1041917;2016-06-29 00:00:00;1;NEW YORK;40;0;independiente;S;S;3781;1247;1771,833;2;542;532;618;664;12154;6882;SMS;Pago parcial
2596;1053219;2015-01-09 00:00:00;1;NEW YORK;44;0;Pensionado;S;S;5000;320;750;0;388;524;682;794;18828;14563;Call center;Promesa de pago
2597;1034118;2015-11-14 00:00:00;0;NEW YORK;58;0;independiente;S;S;7500;240;700;0;670;653;633;694;15145;11709;Ninguno;No aplica
2598;1058610;2015-05-19 00:00:00;1;NEW YORK;70;0;independiente;S;S;5000;286;700;0;511;584;609;676;11488;6258;Whatsapp;Sin gestión
2599;1055773;2018-12-28 00:00:00;1;ATLANTHIC SOUTH;21;0;independiente;N;S;11600;880;1500;0;560;652;741;781;26121;18520;Whatsapp;Sin gestión
2600;1022959;2015-04-28 00:00:00;0;NEW YORK;62;0;independiente;S;N;7600;250;1044;4;675;600;489;645;27909;25862;Ninguno;No aplica
2601;1031810;2016-04-05 00:00:00;0;NEW ENGALND;30;0;Pensionado;S;N;10000;465;1250;2;606;661;737;640;8850;8213;Ninguno;No aplica
2602;1061654;2015-10-24 00:00:00;0;ATLANTHIC SOUTH;55;0;Pensionado;S;S;10000;700;1610;3;731;689;612;674;22073;12132;Ninguno;No aplica
2603;1067377;2015-01-03 00:00:00;1;NEW YORK;46;0;independiente;S;S;12250;770;1460;3;468;470;645;762;18564;10124;Correo;No contactado
2604;1044166;2019-08-01 00:00:00;1;NEW YORK;45;0;independiente;S;S;6250;180;600;3;441;530;613;755;26559;16768;SMS;Pago parcial
2605;1079961;2015-05-12 00:00:00;0;ATLANTHIC SOUTH;23;0;independiente;S;N;12000;677;1300;0;669;639;758;637;10078;9447;Ninguno;No aplica
2606;1065599;2019-04-19 00:00:00;1;NEW YORK;57;0;independiente;S;S;5400;588;1200;4;491;532;564;796;17168;9690;Call center;Promesa de pago
2607;1079138;2015-07-10 00:00:00;0;NEW ENGALND;56;0;independiente;N;S;6800;600;1300;4;670;692;651;650;10448;8985;Ninguno;No aplica
2608;1003744;2018-08-08 00:00:00;1;ATLANTHIC SOUTH;52;10;Empleado;S;N;16250;638;2000;0;390;570;687;661;22563;12423;SMS;Pago parcial
2609;1064537;2016-10-18 00:00:00;0;NEW YORK;48;0;independiente;N;S;6250;415;2100;1;745;647;537;538;14074;11422;Ninguno;No aplica
2610;1073797;2019-09-23 00:00:00;0;545454;50;0;Pensionado;S;S;12500;350;1500;0;764;706;586;758;11406;7734;Ninguno;No aplica
2611;1000604;2016-04-21 00:00:00;1;ATLANTHIC SOUTH;63;0;Empleado;N;S;9000;500;1300;0;533;683;640;721;29975;26811;Whatsapp;Sin gestión
2612;1029366;2016-11-13 00:00:00;0;ATLANTHIC SOUTH;34;10;Pensionado;S;S;12500;3600;7600;1;643;778;588;689;28291;17451;Ninguno;No aplica
2613;1096945;2018-08-06 00:00:00;0;NEW YORK;63;10;Pensionado;S;S;18000;4900;10200;1;690;565;593;764;13800;11310;Ninguno;No aplica
2614;1032971;2015-04-01 00:00:00;1;545454;44;0;Pensionado;S;S;8000;390;1300;0;500;615;626;677;19083;11790;Correo;No contactado
2615;1053072;2015-08-12 00:00:00;0;NEW YORK;32;0;Empleado;S;S;7500;290;1200;4;730;669;695;546;6638;5688;Ninguno;No aplica
2616;1071425;2020-01-14 00:00:00;1;ATLANTHIC SOUTH;46;0;Pensionado;S;S;120000;410;1000;2;533;589;626;726;27055;25346;Whatsapp;Sin gestión
2617;1050883;2018-05-16 00:00:00;0;ATLANTHIC SOUTH;39;0;independiente;S;S;11875;2558;3633;0;663;656;725;698;28312;15951;Ninguno;No aplica
2618;1095587;2015-01-13 00:00:00;0;ATLANTHIC SOUTH;31;8;independiente;N;S;15000;650;1760;0;704;687;580;646;15340;14317;Ninguno;No aplica
2619;1077166;2015-12-04 00:00:00;1;NEW YORK;27;0;Empleado;S;N;5400;642;980;1;523;589;562;853;6382;5085;Whatsapp;Sin gestión
2620;1074924;2020-03-17 00:00:00;0;ATLANTHIC SOUTH;56;0;Pensionado;N;S;3000;400;2500;0;773;645;785;446;6403;3608;Ninguno;No aplica
2621;1029183;2015-05-12 00:00:00;0;NEW ENGALND;27;0;Empleado;S;S;2500;350;1400;2;735;626;604;771;14011;10001;Ninguno;No aplica
2622;1088047;2015-06-17 00:00:00;1;ATLANTHIC SOUTH;60;0;Pensionado;S;N;6050;250;1800;2;539;553;558;791;8292;4813;Whatsapp;Sin gestión
2623;1086876;2017-04-03 00:00:00;1;ATLANTHIC SOUTH;50;20;Empleado;S;S;18000;1050;3000;3;504;594;528;761;14011;11912;Call center;Promesa de pago
2624;1068304;2016-12-10 00:00:00;0;NEW YORK;21;0;Pensionado;S;S;12600;400;1500;4;771;716;725;370;5419;4766;Ninguno;No aplica
2625;1005513;2019-04-28 00:00:00;0;NEW YORK;45;30;independiente;N;N;5400;1422;1810;1;720;731;626;786;17411;9627;Ninguno;No aplica
2626;1041261;2019-01-11 00:00:00;0;NEW YORK;44;20;Pensionado;S;S;5400;1290;1450;0;657;650;632;578;9517;7167;Ninguno;No aplica
2627;1036089;2018-04-08 00:00:00;0;NEW YORK;55;20;independiente;S;S;5400;817;1624;3;770;697;639;624;24686;22398;Ninguno;No aplica
2628;1010022;2017-02-25 00:00:00;0;NEW YORK;34;15.83333333;Pensionado;S;S;6250;410;1200;1;735;738;721;655;29241;28308;Ninguno;No aplica
2629;1072262;2016-07-17 00:00:00;0;ATLANTHIC SOUTH;50;10;Pensionado;N;S;8500;400;1650;4;678;750;637;707;20422;15455;Ninguno;No aplica
2630;1054317;2019-06-19 00:00:00;1;NEW YORK;49;20;Empleado;S;S;6600;795;1465;0;476;576;814;778;14700;14335;Whatsapp;Sin gestión
2631;1039081;2020-11-09 00:00:00;0;ATLANTHIC SOUTH;61;10;Empleado;S;S;6250;669,5;1550;0;715;667;659;750;29254;22463;Ninguno;No aplica
2632;1031691;2016-02-05 00:00:00;0;NEW YORK;42;40;Pensionado;N;N;5400;800;1100;0;723;691;724;743;10693;7454;Ninguno;No aplica
2633;1088041;2018-08-19 00:00:00;1;NEW ENGALND;36;16.66666667;independiente;N;S;8000;400;700;0;510;511;706;743;5767;5329;SMS;Pago parcial
2634;1001528;2018-05-21 00:00:00;0;ATLANTHIC SOUTH;22;9;Pensionado;S;S;12600;500;2000;0;716;668;647;707;23428;17489;Ninguno;No aplica
2635;1042685;2020-01-26 00:00:00;1;NEW YORK;59;25;Empleado;N;S;2625;285;480;4;585;625;609;622;19818;14585;SMS;Pago parcial
2636;1068392;2018-05-20 00:00:00;0;NEW ENGALND;38;20;independiente;N;S;5000;653;1027;0;754;719;673;602;6549;4880;Ninguno;No aplica
2637;1054641;2021-01-27 00:00:00;0;ATLANTHIC SOUTH;58;20;Empleado;S;S;6375;445;1650;0;710;664;686;751;14956;13810;Ninguno;No aplica
2638;1058135;2018-05-14 00:00:00;0;NEW YORK;37;22;Pensionado;S;S;10000;1008;1349;1;747;693;610;745;11140;10204;Ninguno;No aplica
2639;1063221;2016-01-05 00:00:00;0;ATLANTHIC SOUTH;68;40;independiente;S;S;7500;650;1680;0;648;631;662;735;15837;11114;Ninguno;No aplica
2640;1063740;2019-02-24 00:00:00;0;NEW YORK;66;30;Pensionado;S;S;12500;350;1100;0;720;722;737;624;8716;5811;Ninguno;No aplica
2641;1035883;2019-07-07 00:00:00;0;NEW YORK;30;11.66666667;Pensionado;N;S;10000;410;1200;3;790;675;795;752;9481;7072;Ninguno;No aplica
2642;1022879;2018-08-08 00:00:00;0;NEW YORK;73;20;Pensionado;S;S;7500;270;950;4;689;663;710;565;29282;23027;Ninguno;No aplica
2643;1015020;2018-08-09 00:00:00;0;ATLANTHIC SOUTH;56;39;Pensionado;S;S;8750;675;2328;1;658;658;780;767;11548;7150;Ninguno;No aplica
2644;1061186;2019-10-09 00:00:00;1;ATLANTHIC SOUTH;40;20;Empleado;S;S;7600;650;1200;4;467;576;606;697;23677;21238;Correo;No contactado
2645;1029780;2020-04-27 00:00:00;0;545454;59;42;independiente;S;N;7500;780;1500;3;646;653;699;822;9837;7311;Ninguno;No aplica
2646;1061074;2020-07-18 00:00:00;0;NEW YORK;57;20;Pensionado;S;S;2750;380;1200;4;661;719;744;533;12758;8510;Ninguno;No aplica
2647;1024559;2021-03-24 00:00:00;0;NEW YORK;61;11.66666667;independiente;S;S;5100;719;920;0;681;656;587;829;15900;8799;Ninguno;No aplica
2648;1066326;2017-05-31 00:00:00;0;NEW YORK;36;10;independiente;S;S;7500;200;800;1;630;776;616;637;28177;17453;Ninguno;No aplica
2649;1085013;2016-12-14 00:00:00;1;NEW YORK;30;17;Empleado;N;S;5400;866,666;1300;3;501;668;772;686;29022;28286;SMS;Pago parcial
2650;1096041;2021-03-08 00:00:00;0;NEW YORK;27;10;independiente;N;S;4375;490;1100;2;745;627;582;688;12993;8479;Ninguno;No aplica
2651;1016102;2018-07-15 00:00:00;0;545454;45;37;Pensionado;S;N;5000;750;1400;1;655;684;556;607;27391;16008;Ninguno;No aplica
2652;1067872;2016-09-06 00:00:00;0;NEW YORK;34;15;Pensionado;S;N;7250;200;1000;0;776;641;757;663;10542;7699;Ninguno;No aplica
2653;1012486;2019-06-02 00:00:00;0;ATLANTHIC SOUTH;22;5;Empleado;N;S;9600;250;1335;3;726;660;734;604;27740;18129;Ninguno;No aplica
2654;1062792;2017-02-27 00:00:00;1;NEW ENGALND;43;25;Pensionado;S;S;8000;300;1500;0;552;700;680;657;29817;15433;Whatsapp;Sin gestión
2655;1040104;2018-06-10 00:00:00;1;ATLANTHIC SOUTH;53;20;independiente;S;S;1500;200;800;2;467;562;647;764;19828;13118;Whatsapp;Sin gestión
2656;1075470;2017-06-19 00:00:00;1;ATLANTHIC SOUTH;32;10;Pensionado;N;S;5500;930;1800;3;543;602;619;639;28764;22207;SMS;Pago parcial
2657;1076388;2018-03-21 00:00:00;1;NEW YORK;29;10;independiente;S;N;7500;248;1000;1;445;612;670;651;21052;16333;Correo;No contactado
2658;1055456;2020-12-02 00:00:00;1;ATLANTHIC SOUTH;48;20;Empleado;S;S;3200;750;1400;4;545;520;761;596;7385;5009;Correo;No contactado
2659;1040235;2021-03-21 00:00:00;1;NEW YORK;39;20;Empleado;S;N;6250;200;1200;3;509;529;667;675;19308;13972;SMS;Pago parcial
2660;1032665;2018-08-24 00:00:00;0;NEW YORK;33;12;Pensionado;S;S;6000;440;1000;3;728;608;802;788;25652;25210;Ninguno;No aplica
2661;1039053;2018-05-02 00:00:00;0;545454;29;10;Pensionado;S;N;10000;750;1400;3;641;627;587;594;5671;3905;Ninguno;No aplica
2662;1030699;2017-09-11 00:00:00;0;NEW YORK;66;48;Empleado;S;S;3750;210;1030;0;655;509;649;604;5163;3248;Ninguno;No aplica
2663;1088779;2020-03-12 00:00:00;0;545454;41;20;Empleado;S;S;9000;850;2600;0;730;713;624;687;13656;8490;Ninguno;No aplica
2664;1003816;2016-10-18 00:00:00;1;NEW YORK;54;20;independiente;S;S;6250;370;950;0;453;703;574;687;16234;11833;Call center;Promesa de pago
2665;1058860;2017-07-17 00:00:00;0;545454;53;30;Empleado;S;S;5000;580;1250;0;723;689;639;871;25976;22853;Ninguno;No aplica
2666;1095263;2019-04-04 00:00:00;0;NEW YORK;30;12;independiente;S;S;7500;400;1170;4;632;595;679;655;9795;5906;Ninguno;No aplica
2667;1025276;2018-05-16 00:00:00;1;ATLANTHIC SOUTH;63;20;Pensionado;S;S;6250;250;1200;3;542;541;687;750;15634;13362;Call center;Promesa de pago
2668;1027769;2018-07-09 00:00:00;0;NEW YORK;40;22.5;Empleado;S;S;11250;400;1200;2;638;652;802;755;9798;5003;Ninguno;No aplica
2669;1092165;2016-01-08 00:00:00;1;545454;50;11.66666667;Empleado;S;S;8000;400;1800;0;528;519;683;803;27420;19454;Call center;Promesa de pago
2670;1016198;2016-09-12 00:00:00;1;ATLANTHIC SOUTH;38;19;Empleado;S;S;19000;778;1400;0;531;632;731;741;23739;21079;Call center;Promesa de pago
2671;1028560;2020-05-22 00:00:00;0;NEW ENGALND;29;10;Pensionado;S;N;17600;360;1100;4;665;729;655;655;27271;18254;Ninguno;No aplica
2672;1098459;2016-05-08 00:00:00;0;545454;55;25;Pensionado;N;N;16500;350;1550;0;729;611;767;852;29345;22944;Ninguno;No aplica
2673;1032218;2018-06-06 00:00:00;1;545454;26;8;Empleado;S;N;8750;750;1400;2;513;624;818;711;15749;9489;SMS;Pago parcial
2674;1098649;2017-08-28 00:00:00;1;NEW ENGALND;59;25;Empleado;S;S;7200;870;2550;0;473;672;687;680;10827;9430;Correo;No contactado
2675;1005219;2021-01-19 00:00:00;1;NEW YORK;33;15;independiente;S;S;7500;350;1700;0;450;694;581;662;9719;5114;Whatsapp;Sin gestión
2676;1024576;2021-01-25 00:00:00;0;NEW ENGALND;69;60;Pensionado;S;S;7500;320;940;2;602;852;612;515;5593;5181;Ninguno;No aplica
2677;1008480;2019-10-29 00:00:00;0;NEW ENGALND;35;16.66666667;Empleado;N;S;5000;360;900;0;717;626;670;744;26223;15710;Ninguno;No aplica
2678;1098695;2021-04-18 00:00:00;0;ATLANTHIC SOUTH;38;20;independiente;S;S;8500;800;2000;3;622;849;682;459;12394;11616;Ninguno;No aplica
2679;1067893;2019-12-07 00:00:00;1;NEW YORK;35;15;Pensionado;S;N;5000;400;700;0;505;559;699;719;19056;12887;Whatsapp;Sin gestión
2680;1068675;2018-02-25 00:00:00;0;NEW YORK;47;20;Pensionado;S;N;7500;200;1200;2;687;644;682;652;24877;21428;Ninguno;No aplica
2681;1093439;2018-08-18 00:00:00;0;ATLANTHIC SOUTH;40;20;Pensionado;S;S;9600;400;1920;3;734;700;650;872;27548;18171;Ninguno;No aplica
2682;1009794;2016-07-19 00:00:00;1;NEW ENGALND;48;20;Empleado;N;S;18400;600;2600;0;485;545;605;555;15636;14900;SMS;Pago parcial
2683;1076471;2017-03-29 00:00:00;1;ATLANTHIC SOUTH;28;10;Pensionado;N;S;17500;670;1300;3;484;604;678;639;24056;13551;Whatsapp;Sin gestión
2684;1003077;2016-05-22 00:00:00;0;545454;61;40;independiente;S;S;3750;725;2400;0;737;601;780;658;25584;15076;Ninguno;No aplica
2685;1038178;2017-07-25 00:00:00;1;NEW YORK;48;10;Pensionado;S;N;3000;200;1000;2;517;566;721;702;5016;3745;Call center;Promesa de pago
2686;1060123;2019-01-03 00:00:00;0;NEW YORK;48;26.66666667;Pensionado;S;S;3800;290;800;0;716;757;687;621;8191;4431;Ninguno;No aplica
2687;1033588;2019-03-17 00:00:00;1;NEW ENGALND;44;15;Pensionado;S;S;7000;198;1490;0;523;577;722;713;5392;3224;Correo;No contactado
2688;1083995;2016-04-25 00:00:00;0;NEW YORK;41;20;independiente;S;N;13500;1191;1785;0;623;688;624;557;11272;10955;Ninguno;No aplica
2689;1002702;2017-08-13 00:00:00;0;NEW ENGALND;42;11.66666667;independiente;S;S;11000;600;1250;0;738;709;614;702;21955;21697;Ninguno;No aplica
2690;1006798;2020-12-31 00:00:00;1;NEW YORK;51;30;Empleado;S;S;4500;360;900;0;531;650;598;511;8631;5939;SMS;Pago parcial
2691;1013761;2020-07-07 00:00:00;1;NEW YORK;41;23.33333333;independiente;S;S;6250;300;800;1;449;481;641;718;11172;10743;Correo;No contactado
2692;1011265;2016-07-04 00:00:00;1;CHICAGO;40;20;Pensionado;S;S;6600;500;900;0;488;615;620;666;14312;11055;SMS;Pago parcial
2693;1002576;2021-03-19 00:00:00;0;ATLANTHIC SOUTH;53;21.66666667;Empleado;S;S;11200;400;1200;2;698;664;735;761;28561;18133;Ninguno;No aplica
2694;1006970;2021-01-06 00:00:00;1;545454;38;12;independiente;S;S;7500;240;2000;0;493;590;617;878;29817;25380;SMS;Pago parcial
2695;1037003;2016-08-08 00:00:00;0;545454;40;15;Empleado;S;S;7200;1000;2100;0;717;744;594;640;25281;20969;Ninguno;No aplica
2696;1070174;2017-09-16 00:00:00;1;NEW YORK;57;40;Pensionado;S;S;5625;500;1000;0;572;508;786;845;29507;29347;SMS;Pago parcial
2697;1073531;2018-08-02 00:00:00;1;NEW ENGALND;40;10;independiente;S;N;3600;400;2300;4;554;519;618;692;23663;14967;SMS;Pago parcial
2698;1034288;2016-07-17 00:00:00;0;545454;40;10;Empleado;S;S;16000;370;1860;4;634;564;661;583;28835;24107;Ninguno;No aplica
2699;1041385;2019-05-20 00:00:00;0;NEW YORK;42;29;Empleado;S;S;8100;1120;1500;0;731;647;682;827;13906;7315;Ninguno;No aplica
2700;1014190;2019-12-23 00:00:00;1;ATLANTHIC SOUTH;49;2.5;independiente;S;S;10000;500;1700;3;566;660;570;767;22159;12339;Correo;No contactado
2701;1051783;2016-02-14 00:00:00;1;ATLANTHIC SOUTH;52;35;independiente;N;S;13000;800;2300;3;519;573;736;720;28253;14182;Whatsapp;Sin gestión
2702;1055489;2019-06-05 00:00:00;1;NEW YORK;42;10;Empleado;N;S;12500;283;2011;0;555;500;695;782;23631;23625;SMS;Pago parcial
2703;1014548;2020-05-25 00:00:00;0;NEW YORK;39;13.33333333;Empleado;S;S;6500;565;1000;0;801;651;759;695;28472;25657;Ninguno;No aplica
2704;1099814;2019-10-27 00:00:00;1;ATLANTHIC SOUTH;28;7;independiente;N;S;2500;570;1333;4;551;491;602;714;21462;19173;Call center;Promesa de pago
2705;1095071;2017-06-04 00:00:00;1;NEW YORK;40;20;Empleado;S;S;6750;830;1086;0;512;512;657;601;13080;9874;SMS;Pago parcial
2706;1061318;2015-12-09 00:00:00;0;CHICAGO;39;19;independiente;S;S;5000;400;700;0;752;703;653;646;12099;7865;Ninguno;No aplica
2707;1088465;2021-04-10 00:00:00;0;ATLANTHIC SOUTH;41;15;Empleado;S;N;8750;2500;4000;3;707;610;668;726;25310;14569;Ninguno;No aplica
2708;1024857;2017-06-02 00:00:00;0;CHICAGO;64;33.33333333;Pensionado;S;S;3000;300;500;4;701;747;548;659;28724;18450;Ninguno;No aplica
2709;1072634;2020-12-28 00:00:00;0;NEW YORK;49;20;Empleado;S;S;12500;631;953;0;682;676;658;751;19916;13702;Ninguno;No aplica
2710;1010082;2018-12-09 00:00:00;1;NEW YORK;68;40;independiente;S;N;5000;200;1000;0;578;585;550;755;12083;10611;Correo;No contactado
2711;1054318;2020-07-13 00:00:00;0;ATLANTHIC SOUTH;47;30;Pensionado;S;N;12875;1500;3500;0;659;663;675;591;27614;21258;Ninguno;No aplica
2712;1002667;2017-11-30 00:00:00;1;NEW YORK;32;14;Empleado;N;S;3750;1520;1962;4;577;626;501;601;14223;7663;SMS;Pago parcial
2713;1020879;2019-01-04 00:00:00;0;NEW YORK;36;18.33333333;independiente;S;S;9500;250;1173;2;725;727;520;656;9940;5060;Ninguno;No aplica
2714;1045405;2016-01-30 00:00:00;0;ATLANTHIC SOUTH;28;20;independiente;S;S;10000;320;1200;3;630;700;707;623;24655;13589;Ninguno;No aplica
2715;1020729;2020-05-29 00:00:00;1;NEW YORK;32;20;Empleado;S;S;5400;800;1100;2;518;614;612;750;8456;5964;Call center;Promesa de pago
2716;1065943;2016-08-15 00:00:00;0;NEW YORK;47;20;Empleado;N;S;5100;1298;2000;4;595;667;581;605;12788;12361;Ninguno;No aplica
2717;1051497;2021-01-27 00:00:00;1;545454;47;20;Empleado;S;S;4000;1310;2400;3;531;613;739;665;29983;24547;Correo;No contactado
2718;1089509;2016-04-28 00:00:00;0;NEW YORK;32;20;independiente;S;S;5000;360;1200;3;744;660;673;765;29034;26157;Ninguno;No aplica
2719;1025657;2020-12-30 00:00:00;0;ATLANTHIC SOUTH;67;15;Empleado;S;S;6250;820;1500;0;670;680;711;683;7711;5654;Ninguno;No aplica
2720;1013703;2020-09-29 00:00:00;1;NEW YORK;59;42;Empleado;N;S;2500;300;900;4;506;564;638;657;16280;11084;SMS;Pago parcial
2721;1084170;2018-01-01 00:00:00;1;545454;27;7;Pensionado;S;S;12250;698;1323;2;598;553;838;722;23052;12775;Call center;Promesa de pago
2722;1081157;2017-07-17 00:00:00;1;NEW ENGALND;41;20;Pensionado;S;N;10500;400;1100;0;475;539;608;844;21531;20195;Correo;No contactado
2723;1025952;2019-08-02 00:00:00;1;NEW YORK;56;20;Empleado;S;S;18750;740;1900;0;447;608;772;746;27804;24789;SMS;Pago parcial
2724;1069261;2019-05-09 00:00:00;1;NEW YORK;44;22;independiente;N;N;5000;180;950;2;574;659;646;773;17089;9981;Call center;Promesa de pago
2725;1096071;2016-04-26 00:00:00;0;ATLANTHIC SOUTH;51;20;independiente;S;S;3125;651;1800;0;798;750;534;602;15142;11449;Ninguno;No aplica
2726;1087751;2019-02-16 00:00:00;0;545454;30;20;independiente;S;S;12500;503,832;1482;0;700;605;684;762;21749;16174;Ninguno;No aplica
2727;1096238;2016-07-21 00:00:00;0;545454;39;18;Empleado;S;S;19000;495;3000;3;751;757;672;879;20587;16728;Ninguno;No aplica
2728;1038414;2016-03-16 00:00:00;1;NEW YORK;66;20;Pensionado;S;S;5950;335;1200;3;567;561;576;649;14866;14466;Correo;No contactado
2729;1090692;2017-07-12 00:00:00;0;ATLANTHIC SOUTH;54;20;Pensionado;S;S;16000;1912;3270;1;663;716;585;564;9531;7528;Ninguno;No aplica
2730;1015174;2020-12-29 00:00:00;0;NEW ENGALND;52;30;Pensionado;N;S;4000;830;1700;0;676;626;648;686;17686;13620;Ninguno;No aplica
2731;1004514;2017-05-17 00:00:00;0;CHICAGO;41;15;independiente;S;S;7200;700;1200;4;762;689;674;749;10330;5425;Ninguno;No aplica
2732;1090072;2018-08-15 00:00:00;1;NEW YORK;45;28;Pensionado;S;S;7875;460;830;0;584;599;477;712;10510;5586;SMS;Pago parcial
2733;1034230;2016-01-16 00:00:00;1;NEW YORK;20;12.5;independiente;S;S;5000;700;1700;4;528;491;724;625;13964;8290;Correo;No contactado
2734;1087713;2019-06-24 00:00:00;1;NEW YORK;32;13;Pensionado;N;S;12500;710;1550;1;456;616;615;710;11493;5933;Call center;Promesa de pago
2735;1099906;2020-03-26 00:00:00;0;545454;27;10;Pensionado;S;S;19000;300;2000;0;799;761;557;724;15759;13737;Ninguno;No aplica
2736;1007309;2019-05-04 00:00:00;0;NEW YORK;62;40;Pensionado;S;S;13890;1280;2586;4;673;670;716;633;10439;8995;Ninguno;No aplica
2737;1011028;2017-07-28 00:00:00;0;NEW YORK;26;5;independiente;S;S;7500;420;700;0;683;762;648;725;19473;11061;Ninguno;No aplica
2738;1094174;2017-07-31 00:00:00;1;NEW ENGALND;52;20;independiente;S;S;2500;600;2500;3;517;569;735;825;14765;13555;SMS;Pago parcial
2739;1037540;2019-10-22 00:00:00;0;NEW ENGALND;20;2;Empleado;N;S;10000;300;1300;3;778;731;681;692;18279;10554;Ninguno;No aplica
2740;1080508;2019-10-11 00:00:00;1;CHICAGO;49;15;Empleado;N;N;11250;700;1800;3;543;447;650;717;11511;7489;SMS;Pago parcial
2741;1015340;2019-08-26 00:00:00;0;ATLANTHIC SOUTH;64;15;independiente;S;S;8750;900;2900;0;721;825;639;745;16483;10293;Ninguno;No aplica
2742;1004254;2017-08-04 00:00:00;1;ATLANTHIC SOUTH;35;21;Pensionado;S;S;2500;550;1250;0;523;670;684;643;28888;19822;SMS;Pago parcial
2743;1026710;2020-03-15 00:00:00;0;ATLANTHIC SOUTH;52;20;Empleado;N;N;12500;1008;2128,896;0;702;663;621;584;22630;14197;Ninguno;No aplica
2744;1085479;2021-05-06 00:00:00;0;NEW YORK;36;21;Empleado;S;S;10000;280;1500;2;728;562;590;646;25223;18778;Ninguno;No aplica
2745;1018574;2021-04-26 00:00:00;0;ATLANTHIC SOUTH;28;33.33333333;Empleado;S;S;4000;250;1800;0;574;697;693;626;29935;21065;Ninguno;No aplica
2746;1067700;2020-06-22 00:00:00;0;NEW YORK;29;5;independiente;N;S;7500;300;800;1;685;593;640;598;7376;7326;Ninguno;No aplica
2747;1024021;2019-05-04 00:00:00;0;NEW YORK;57;43.33333333;Pensionado;S;S;5000;320;900;2;712;707;652;835;24393;12879;Ninguno;No aplica
2748;1072732;2017-07-05 00:00:00;1;ATLANTHIC SOUTH;47;26;Empleado;S;S;6250;300;1200;0;442;605;726;915;16824;9608;Call center;Promesa de pago
2749;1005354;2016-11-02 00:00:00;0;CHICAGO;30;0.416666667;Empleado;S;S;5950;480;900;0;719;624;642;638;23211;12219;Ninguno;No aplica
2750;1006291;2020-07-10 00:00:00;0;CHICAGO;51;20;Pensionado;S;S;12500;550;1200;4;690;747;651;678;11979;9738;Ninguno;No aplica
2751;1075929;2017-02-24 00:00:00;0;ATLANTHIC SOUTH;25;68.33333333;Pensionado;S;S;4505;1100;1713,333;3;788;728;608;653;14832;7820;Ninguno;No aplica
2752;1066641;2021-04-09 00:00:00;0;545454;51;20.16666667;Pensionado;S;S;7500;300;940;3;779;739;680;770;17504;16073;Ninguno;No aplica
2753;1093626;2018-04-15 00:00:00;1;CHICAGO;48;10;independiente;S;N;2875;591,666;1328,333;3;477;581;674;838;29953;22644;Whatsapp;Sin gestión
2754;1055235;2021-02-12 00:00:00;0;545454;59;10;independiente;N;S;8750;400;1100;0;692;595;713;510;25669;19598;Ninguno;No aplica
2755;1066529;2018-01-18 00:00:00;0;NEW YORK;29;5;Pensionado;S;S;9625;420;2100;2;696;739;609;713;11910;9299;Ninguno;No aplica
2756;1067685;2020-03-02 00:00:00;1;545454;38;6;Empleado;S;S;18000;450;1400;0;477;564;618;602;29945;17530;SMS;Pago parcial
2757;1020805;2020-01-02 00:00:00;1;NEW YORK;30;10;independiente;N;N;10000;350;750;3;510;497;705;878;19089;11431;Call center;Promesa de pago
2758;1022783;2017-12-21 00:00:00;1;NEW YORK;43;23;Pensionado;S;S;6800;1068;1390;2;462;661;668;760;7196;4745;Correo;No contactado
2759;1016842;2016-04-12 00:00:00;1;ATLANTHIC SOUTH;66;25;Pensionado;N;N;3600;300;800;0;443;706;587;646;25131;20023;Correo;No contactado
2760;1058827;2018-01-06 00:00:00;1;ATLANTHIC SOUTH;35;10;Pensionado;S;S;3500;730;1625;0;531;578;741;698;10978;6642;Call center;Promesa de pago
2761;1086518;2016-11-09 00:00:00;0;NEW YORK;42;20;independiente;N;S;6250;300;900;0;731;810;531;644;26991;15065;Ninguno;No aplica
2762;1047413;2021-02-12 00:00:00;1;545454;25;5.25;Pensionado;S;S;18000;350;2500;0;460;585;705;767;22153;21822;Whatsapp;Sin gestión
2763;1020445;2017-02-22 00:00:00;1;NEW ENGALND;44;10;Pensionado;S;N;12650;320;940;1;545;557;561;814;5780;2954;Call center;Promesa de pago
2764;1021372;2018-06-27 00:00:00;1;CHICAGO;56;6.666666667;independiente;S;N;8750;549,999;1266,666;0;468;542;782;617;14908;13437;Correo;No contactado
2765;1033377;2017-11-14 00:00:00;0;CHICAGO;76;10;Empleado;S;S;6250;988;1200;3;713;778;542;835;11303;10105;Ninguno;No aplica
2766;1015207;2017-11-28 00:00:00;0;ATLANTHIC SOUTH;30;5;Empleado;S;N;7500;500;2000;0;741;633;731;815;19686;12768;Ninguno;No aplica
2767;1077981;2019-05-13 00:00:00;1;NEW YORK;48;10;Pensionado;N;N;5625;400;700;0;498;624;644;641;8983;5101;Correo;No contactado
2768;1088404;2018-04-23 00:00:00;1;CHICAGO;28;5;Pensionado;N;S;15380;2649,48;2882,18;0;523;546;624;727;14503;8308;SMS;Pago parcial
2769;1045117;2018-05-14 00:00:00;1;NEW YORK;29;12;Empleado;S;N;11875;350;900;0;474;552;663;874;21905;18591;Whatsapp;Sin gestión
2770;1076750;2020-12-24 00:00:00;1;545454;31;13;Pensionado;S;S;8875;430;957;3;490;642;694;831;18070;14843;Call center;Promesa de pago
2771;1095997;2018-10-25 00:00:00;0;ATLANTHIC SOUTH;37;10;Pensionado;N;S;9600;310;1150;0;690;657;587;640;28953;25808;Ninguno;No aplica
2772;1075453;2018-02-03 00:00:00;0;NEW YORK;43;15;Empleado;S;S;10000;550;2000;0;663;656;593;743;17232;16693;Ninguno;No aplica
2773;1020660;2019-12-29 00:00:00;1;545454;54;20;Empleado;S;S;18750;1112;4400;0;491;648;695;990;27168;22983;Correo;No contactado
2774;1027927;2021-03-24 00:00:00;1;ATLANTHIC SOUTH;59;35;Pensionado;S;S;18750;1071;1900;4;423;676;530;729;9583;5538;Correo;No contactado
2775;1058502;2020-08-18 00:00:00;0;NEW YORK;50;38;independiente;S;S;5400;950;1280;0;675;719;609;613;10946;6805;Ninguno;No aplica
2776;1000845;2018-06-11 00:00:00;1;NEW YORK;31;0;Empleado;S;N;3750;460;1100;0;486;541;863;736;26325;24248;Correo;No contactado
2777;1044891;2017-11-26 00:00:00;0;NEW YORK;40;0;Empleado;S;S;3750;500;1200;3;687;649;582;692;27651;16719;Ninguno;No aplica
2778;1014352;2017-07-29 00:00:00;1;NEW YORK;32;0;Pensionado;S;S;7000;700;1100;0;488;585;730;673;21377;11464;Call center;Promesa de pago
2779;1029764;2016-09-07 00:00:00;1;NEW ENGALND;61;0;independiente;S;N;6250;749;2033;2;497;599;609;760;12128;10329;Call center;Promesa de pago
2780;1041429;2017-06-28 00:00:00;0;545454;20;0;independiente;N;S;9375;180;1100;0;724;621;686;557;16889;11844;Ninguno;No aplica
2781;1068317;2018-04-22 00:00:00;0;NEW ENGALND;59;0;Empleado;S;N;9000;1667,45;1705,25;2;744;723;696;610;17275;16584;Ninguno;No aplica
2782;1067303;2018-03-13 00:00:00;1;ATLANTHIC SOUTH;52;0;independiente;S;S;7500;360;1600;4;468;585;729;788;7461;6156;Whatsapp;Sin gestión
2783;1098647;2019-02-22 00:00:00;1;NEW YORK;30;0;independiente;N;S;10800;220;800;1;440;477;636;562;19291;10518;SMS;Pago parcial
2784;1010996;2019-10-21 00:00:00;0;ATLANTHIC SOUTH;39;0;Pensionado;S;S;10500;1600;2200;4;648;624;789;751;19036;18540;Ninguno;No aplica
2785;1073780;2019-06-14 00:00:00;1;ATLANTHIC SOUTH;37;0;independiente;N;S;13500;385;1000;4;476;550;609;539;16435;10342;SMS;Pago parcial
2786;1085147;2018-11-04 00:00:00;0;NEW YORK;55;0;independiente;S;S;7500;180;600;0;682;676;666;514;5685;3801;Ninguno;No aplica
2787;1010406;2015-10-19 00:00:00;1;NEW ENGALND;45;0;Pensionado;S;N;6400;300;1000;0;462;693;667;675;23544;16507;SMS;Pago parcial
2788;1003663;2018-01-26 00:00:00;0;ATLANTHIC SOUTH;21;0;independiente;N;N;13500;200;1400;2;635;694;571;696;28415;14935;Ninguno;No aplica
2789;1060288;2017-02-01 00:00:00;0;ATLANTHIC SOUTH;52;0;Empleado;N;S;4500;255;1350;1;677;630;630;789;17258;12913;Ninguno;No aplica
2790;1035515;2018-08-31 00:00:00;0;NEW YORK;28;0;Pensionado;S;S;4000;156;340;2;709;693;661;675;26725;15010;Ninguno;No aplica
2791;1062432;2015-02-04 00:00:00;1;ATLANTHIC SOUTH;34;0;Pensionado;S;S;13500;560;1150;0;530;559;620;698;20990;14703;Correo;No contactado
2792;1086293;2017-07-31 00:00:00;1;CHICAGO;24;0;Empleado;N;N;9000;315;700;0;472;599;821;772;21422;14467;SMS;Pago parcial
2793;1099189;2020-04-16 00:00:00;0;ATLANTHIC SOUTH;64;0;Empleado;S;N;9000;550;1800;3;679;715;591;592;15736;13949;Ninguno;No aplica
2794;1006542;2016-10-19 00:00:00;1;545454;39;0;Pensionado;S;N;8750;775;1800;2;454;653;733;733;9875;8903;Correo;No contactado
2795;1080971;2019-12-24 00:00:00;1;NEW YORK;38;0;Empleado;S;N;6000;450;550;0;498;579;710;612;22640;13057;Whatsapp;Sin gestión
2796;1089874;2016-11-05 00:00:00;1;NEW ENGALND;57;0;independiente;N;S;3300;550;1300;1;458;678;649;727;16182;11057;Correo;No contactado
2797;1043193;2020-02-14 00:00:00;1;545454;41;0;Pensionado;N;S;5250;1633;2750;4;529;634;589;708;29081;19969;Whatsapp;Sin gestión
2798;1036835;2017-08-16 00:00:00;1;NEW YORK;36;0;independiente;N;S;10156;1248,792;2158,983;1;411;538;596;648;7196;4143;Whatsapp;Sin gestión
2799;1078127;2016-05-20 00:00:00;1;ATLANTHIC SOUTH;30;0;independiente;N;S;9600;350;1600;2;482;713;614;735;12165;10939;SMS;Pago parcial
2800;1090085;2018-06-07 00:00:00;0;NEW ENGALND;36;0;Empleado;N;N;12800;800;2300;3;715;700;525;684;20997;17923;Ninguno;No aplica
2801;1099486;2015-01-29 00:00:00;1;545454;50;0;Pensionado;S;S;1870;800;1100;0;509;530;580;826;19215;11437;SMS;Pago parcial
2802;1080844;2018-04-07 00:00:00;1;545454;43;0;Empleado;S;S;12000;500;1800;0;635;679;546;575;5301;3622;Correo;No contactado
2803;1000031;2018-09-17 00:00:00;0;NEW ENGALND;51;0;independiente;S;N;11900;400;1500;4;717;805;744;663;28911;15985;Ninguno;No aplica
2804;1005623;2019-03-16 00:00:00;0;ATLANTHIC SOUTH;42;0;Empleado;N;S;4800;650;2925;1;650;678;693;602;27765;22604;Ninguno;No aplica
2805;1054850;2017-08-31 00:00:00;1;NEW YORK;37;0;Pensionado;S;S;7500;270;1500;0;495;550;705;798;22030;12352;Call center;Promesa de pago
2806;1036011;2015-09-16 00:00:00;0;NEW YORK;70;0;Pensionado;S;N;6500;230;800;3;611;670;691;738;19571;19433;Ninguno;No aplica
2807;1018123;2019-09-24 00:00:00;1;NEW ENGALND;28;0;independiente;S;S;6000;761;1200;3;496;623;662;766;14951;13311;SMS;Pago parcial
2808;1025286;2019-05-12 00:00:00;1;545454;31;0;Pensionado;N;S;8750;1000;1500;2;458;657;752;657;25714;17874;SMS;Pago parcial
2809;1005689;2019-05-01 00:00:00;0;CHICAGO;23;0;independiente;N;S;7600;700;1300;1;746;714;607;750;15773;12449;Ninguno;No aplica
2810;1052141;2016-08-19 00:00:00;1;ATLANTHIC SOUTH;39;0;Pensionado;N;S;8750;500;1100;2;473;586;657;582;28387;27129;Call center;Promesa de pago
2811;1018990;2018-01-03 00:00:00;0;NEW YORK;20;0;Pensionado;S;S;5400;280;650;0;694;770;702;514;21140;16427;Ninguno;No aplica
2812;1099597;2019-11-14 00:00:00;0;ATLANTHIC SOUTH;29;0;Pensionado;S;S;4800;350;1350;3;668;661;558;555;24921;14635;Ninguno;No aplica
2813;1061066;2017-02-13 00:00:00;1;ATLANTHIC SOUTH;56;0;Empleado;S;S;2500;320;900;2;587;642;867;717;18057;12448;Call center;Promesa de pago
2814;1092001;2020-04-23 00:00:00;1;NEW YORK;51;0;independiente;S;S;3500;935;1617;0;484;563;652;781;17500;16128;SMS;Pago parcial
2815;1093456;2015-05-17 00:00:00;0;545454;22;0;Pensionado;S;S;10250;887;2726,888;0;792;706;660;402;25942;21327;Ninguno;No aplica
2816;1017328;2020-05-15 00:00:00;0;NEW YORK;46;0;Pensionado;S;N;2500;600;1450;0;741;673;738;789;27963;23080;Ninguno;No aplica
2817;1020738;2015-03-22 00:00:00;1;NEW ENGALND;57;0;Pensionado;S;S;8000;190;1300;0;524;577;714;732;29858;27870;Call center;Promesa de pago
2818;1057984;2015-07-26 00:00:00;1;NEW ENGALND;63;0;Pensionado;S;N;6600;400;1200;0;518;557;653;579;20921;19812;Correo;No contactado
2819;1027692;2015-04-04 00:00:00;1;NEW YORK;63;0;independiente;N;S;6800;600;800;0;520;661;659;729;16870;16193;Whatsapp;Sin gestión
2820;1004664;2017-10-14 00:00:00;0;CHICAGO;39;0;Empleado;S;S;5000;350;500;0;604;636;545;768;9082;4972;Ninguno;No aplica
2821;1005991;2015-10-08 00:00:00;0;NEW YORK;35;0;Empleado;S;S;2125;190;700;1;686;636;611;724;18718;14451;Ninguno;No aplica
2822;1023692;2019-02-26 00:00:00;0;ATLANTHIC SOUTH;41;0;Pensionado;N;S;11500;800;1500;0;742;807;686;769;25567;22250;Ninguno;No aplica
2823;1045522;2017-10-25 00:00:00;0;NEW ENGALND;56;0;Pensionado;S;S;9000;300;600;3;698;739;681;547;15517;13631;Ninguno;No aplica
2824;1053330;2017-11-10 00:00:00;0;NEW YORK;25;0;independiente;S;S;12600;500;1100;3;630;537;735;633;8754;7033;Ninguno;No aplica
2825;1059176;2016-07-01 00:00:00;1;ATLANTHIC SOUTH;54;0;independiente;N;N;12000;400;1300;1;497;546;642;637;6724;3923;Whatsapp;Sin gestión
2826;1097116;2015-01-25 00:00:00;1;NEW YORK;69;0;Empleado;N;S;5000;205,667;600;0;585;471;553;875;6376;5730;SMS;Pago parcial
2827;1073357;2016-01-10 00:00:00;1;NEW ENGALND;64;0;Pensionado;S;S;6400;250;900;0;562;523;724;778;13706;11788;SMS;Pago parcial
2828;1023073;2017-03-27 00:00:00;0;CHICAGO;53;0;Pensionado;S;S;4375;1000;1500;1;697;492;751;926;13894;7545;Ninguno;No aplica
2829;1099113;2018-06-23 00:00:00;0;NEW ENGALND;27;0;independiente;S;N;11900;400;1600;0;748;672;713;628;23037;16861;Ninguno;No aplica
2830;1087169;2015-02-25 00:00:00;1;NEW YORK;61;0;Empleado;S;S;6300;800;1183;2;482;511;639;655;23450;13765;Correo;No contactado
2831;1007755;2015-01-26 00:00:00;1;NEW YORK;69;0;independiente;S;N;3900;130;600;0;415;584;723;707;21406;14315;Call center;Promesa de pago
2832;1036854;2018-02-18 00:00:00;0;NEW YORK;54;0;Pensionado;S;N;3345;450;1000;0;654;582;890;794;23844;12138;Ninguno;No aplica
2833;1081410;2020-04-05 00:00:00;0;CHICAGO;39;0;Pensionado;S;S;1400;450;700;4;778;685;658;637;10926;7650;Ninguno;No aplica
2834;1077996;2015-03-12 00:00:00;1;NEW YORK;30;0;Pensionado;S;S;5600;1531;2000;0;486;555;558;731;11251;8719;SMS;Pago parcial
2835;1011239;2016-09-09 00:00:00;1;NEW YORK;74;0;Empleado;S;S;9000;450;950;2;488;670;609;729;14496;11739;Whatsapp;Sin gestión
2836;1046779;2020-04-01 00:00:00;0;545454;54;0;independiente;S;S;10000;665;1450;0;685;765;694;674;28679;23854;Ninguno;No aplica
2837;1085325;2017-05-17 00:00:00;1;NEW YORK;65;0;independiente;S;S;2125;200;500;0;595;627;538;661;8300;7621;Correo;No contactado
2838;1096124;2017-04-20 00:00:00;0;545454;56;0;Pensionado;S;S;5250;990;2100;4;781;660;662;658;27663;16812;Ninguno;No aplica
2839;1040547;2015-02-03 00:00:00;1;NEW YORK;63;0;Pensionado;S;S;8500;250;700;2;611;699;677;704;13553;7593;Correo;No contactado
2840;1032879;2016-04-11 00:00:00;1;NEW YORK;54;0;Pensionado;S;S;5000;269;600;2;492;487;757;719;28737;26604;Call center;Promesa de pago
2841;1093698;2019-02-10 00:00:00;1;CHICAGO;44;0;Pensionado;S;S;9125;550;1100;2;515;496;742;805;8727;5047;SMS;Pago parcial
2842;1014699;2017-09-28 00:00:00;0;NEW YORK;33;0;Empleado;S;S;7600;385,417;1118,667;4;624;675;711;828;27656;27307;Ninguno;No aplica
2843;1028469;2019-08-21 00:00:00;0;NEW YORK;36;0;independiente;S;S;3781;308,333;877,333;0;774;815;499;594;27379;25223;Ninguno;No aplica
2844;1094563;2017-10-02 00:00:00;0;NEW YORK;37;0;independiente;S;S;12250;250;1000;2;642;668;714;635;21898;16433;Ninguno;No aplica
2845;1045818;2017-06-21 00:00:00;1;NEW YORK;44;0;Empleado;S;N;7600;300;800;3;511;569;699;646;21832;21629;SMS;Pago parcial
2846;1061760;2019-12-06 00:00:00;1;NEW YORK;53;0;independiente;S;N;6250;460;800;0;445;493;668;737;11019;6046;Correo;No contactado
2847;1089701;2015-05-31 00:00:00;0;NEW ENGALND;62;0;independiente;S;S;7500;500;1500;4;671;737;529;622;20463;13332;Ninguno;No aplica
2848;1024534;2016-10-26 00:00:00;1;ATLANTHIC SOUTH;57;0;Pensionado;S;S;12375;837;1765;3;458;637;596;742;26727;21892;Whatsapp;Sin gestión
2849;1019497;2020-03-26 00:00:00;1;NEW ENGALND;43;0;Empleado;S;N;10000;220;1100;0;470;627;568;819;15047;10157;SMS;Pago parcial
2850;1095636;2015-11-22 00:00:00;1;NEW YORK;69;0;Pensionado;S;N;10800;390;950;2;473;542;509;493;29417;28363;Whatsapp;Sin gestión
2851;1026454;2015-07-17 00:00:00;1;NEW YORK;41;0;independiente;S;S;4000;400;870;0;473;538;650;764;16754;8927;Correo;No contactado
2852;1012168;2017-11-24 00:00:00;1;NEW ENGALND;26;0;Pensionado;S;S;9500;417;1100;1;542;502;594;679;7520;5826;SMS;Pago parcial
2853;1027477;2015-12-21 00:00:00;1;NEW YORK;33;0;Empleado;S;N;4000;445;917;0;445;585;834;761;8081;6428;Whatsapp;Sin gestión
2854;1061529;2019-05-30 00:00:00;1;NEW YORK;40;0;Pensionado;N;N;8000;350;870;3;511;515;638;639;6428;5312;Correo;No contactado
2855;1044554;2020-02-08 00:00:00;1;ATLANTHIC SOUTH;29;0;Pensionado;S;S;7500;1200;2000;3;561;509;741;828;8967;5630;Whatsapp;Sin gestión
2856;1065306;2016-12-30 00:00:00;0;545454;37;17;Pensionado;S;N;13500;3500;2400;2;674;655;540;752;11445;7809;Ninguno;No aplica
2857;1032223;2016-05-05 00:00:00;0;ATLANTHIC SOUTH;60;0;independiente;S;S;8000;475;1833,949;0;664;651;613;721;19566;18037;Ninguno;No aplica
2858;1026339;2019-07-12 00:00:00;1;NEW YORK;38;0;independiente;S;S;7500;250;900;0;488;548;657;791;19042;11377;SMS;Pago parcial
2859;1037556;2019-05-05 00:00:00;1;NEW YORK;57;0;independiente;S;N;10800;450;1000;3;559;608;586;653;16329;14915;Call center;Promesa de pago
2860;1021737;2017-10-18 00:00:00;1;NEW YORK;48;20;Empleado;S;S;12500;11800;22800;2;510;585;620;664;7159;5594;Whatsapp;Sin gestión
2861;1021716;2017-12-06 00:00:00;1;NEW YORK;65;0;independiente;S;S;7000;205;500;2;473;563;635;788;10132;8927;Call center;Promesa de pago
2862;1074043;2019-07-02 00:00:00;1;NEW YORK;37;0;independiente;N;S;7200;280;750;0;524;591;634;651;23931;20504;SMS;Pago parcial
2863;1058284;2018-02-18 00:00:00;1;CHICAGO;31;0;Empleado;N;N;12250;1300;2100;0;445;521;780;850;24363;14709;Call center;Promesa de pago
2864;1016536;2017-04-01 00:00:00;1;CHICAGO;43;0;Pensionado;N;N;11250;450;1200;1;534;586;676;691;19933;15636;Correo;No contactado
2865;1061749;2017-09-29 00:00:00;1;545454;21;10;independiente;N;N;12500;3500;19200;4;520;589;684;765;15473;14450;Call center;Promesa de pago
2866;1047747;2018-11-23 00:00:00;0;NEW ENGALND;69;20;Empleado;S;N;12500;9600;20200;2;685;590;688;859;24033;17209;Ninguno;No aplica
2867;1024909;2017-08-11 00:00:00;1;CHICAGO;52;0;independiente;N;S;1000;700;1400;3;458;640;693;656;29889;29390;Whatsapp;Sin gestión
2868;1053562;2015-08-23 00:00:00;0;CHICAGO;28;0;Empleado;S;N;15140;9030,167;9949,583;2;656;627;644;676;15805;11476;Ninguno;No aplica
2869;1033992;2019-09-23 00:00:00;1;545454;40;0;Empleado;S;N;11475;1200;2400;2;527;585;628;815;8083;4619;Whatsapp;Sin gestión
2870;1029968;2017-10-16 00:00:00;0;NEW YORK;26;0;independiente;N;S;12375;512;1384;0;761;750;662;756;22421;15576;Ninguno;No aplica
2871;1017554;2015-06-29 00:00:00;0;545454;61;0;Empleado;S;N;8000;500;1700;3;668;736;731;640;18944;18487;Ninguno;No aplica
2872;1076655;2016-06-16 00:00:00;0;ATLANTHIC SOUTH;35;0;Empleado;S;N;8250;1304,545;2250;0;723;682;729;623;24873;16413;Ninguno;No aplica
2873;1041848;2015-10-26 00:00:00;1;NEW YORK;37;0;Empleado;S;S;7600;230;690;0;396;558;633;699;12604;11773;Call center;Promesa de pago
2874;1031247;2017-07-29 00:00:00;1;ATLANTHIC SOUTH;30;9.166666667;Empleado;S;S;13800;4116;10800;0;471;637;704;850;28928;27210;Correo;No contactado
2875;1042113;2019-04-16 00:00:00;1;NEW YORK;29;0;Empleado;S;N;6400;460;950;0;498;620;636;695;20379;13758;SMS;Pago parcial
2876;1038256;2018-10-10 00:00:00;1;NEW ENGALND;24;0;Pensionado;N;S;8000;600;1800;4;455;543;652;727;24018;13009;Call center;Promesa de pago
2877;1041107;2016-01-08 00:00:00;0;NEW YORK;45;0;Empleado;S;S;8000;350;900;2;653;632;617;632;8983;7746;Ninguno;No aplica
2878;1020167;2015-02-04 00:00:00;0;545454;37;0;Empleado;S;S;5000;325;1100;4;667;556;637;733;6778;4445;Ninguno;No aplica
2879;1030274;2019-06-17 00:00:00;1;545454;43;0;Pensionado;S;S;10000;385;5300;4;515;589;744;734;29286;26107;Whatsapp;Sin gestión
2880;1092658;2016-01-16 00:00:00;1;NEW ENGALND;58;0;Pensionado;N;N;7000;170;1400;0;491;575;656;630;10110;7293;Whatsapp;Sin gestión
2881;1045456;2019-10-23 00:00:00;1;ATLANTHIC SOUTH;19;10;independiente;S;S;18000;1250;9000;1;388;648;659;633;26573;19734;Call center;Promesa de pago
2882;1055745;2017-08-03 00:00:00;0;ATLANTHIC SOUTH;48;23;independiente;S;S;12500;2100;6300;0;594;702;549;490;17087;15190;Ninguno;No aplica
2883;1018689;2019-06-26 00:00:00;0;CHICAGO;36;0;Empleado;N;N;11250;220;2000;2;670;760;628;595;28762;19880;Ninguno;No aplica
2884;1024836;2018-05-10 00:00:00;1;NEW YORK;54;0;Pensionado;N;S;6000;300;420;0;523;538;633;791;22508;16241;Call center;Promesa de pago
2885;1058673;2018-04-24 00:00:00;0;ATLANTHIC SOUTH;58;0;Pensionado;S;S;6000;550;1630;1;563;748;592;789;22081;15194;Ninguno;No aplica
2886;1090223;2015-03-11 00:00:00;0;ATLANTHIC SOUTH;35;0;Empleado;N;S;1500;300;600;4;675;648;652;732;7179;4908;Ninguno;No aplica
2887;1007649;2017-11-17 00:00:00;1;ATLANTHIC SOUTH;32;0;Pensionado;S;S;6875;420;900;4;474;627;620;770;14596;11136;Call center;Promesa de pago
2888;1059471;2017-10-23 00:00:00;1;NEW YORK;58;0;Empleado;S;S;11250;400;1500;0;569;492;656;709;10251;9271;SMS;Pago parcial
2889;1046604;2016-04-02 00:00:00;0;NEW YORK;25;0;Empleado;S;S;8000;650;1100;1;681;694;659;740;14235;9692;Ninguno;No aplica
2890;1085227;2016-01-08 00:00:00;0;NEW YORK;52;0;Empleado;S;S;5000;360;1100;0;719;561;583;696;23313;17767;Ninguno;No aplica
2891;1004647;2016-01-27 00:00:00;0;NEW YORK;61;0;independiente;N;S;8375;612;1380;4;707;664;622;832;19871;16600;Ninguno;No aplica
2892;1092106;2016-02-18 00:00:00;0;NEW ENGALND;39;19.16666667;Pensionado;N;S;10000;25488;42096;0;593;706;655;661;6013;3817;Ninguno;No aplica
2893;1041223;2016-04-22 00:00:00;1;545454;29;0;Empleado;N;N;12250;434;850;4;538;549;733;841;21610;13804;Whatsapp;Sin gestión
2894;1057246;2020-06-18 00:00:00;1;ATLANTHIC SOUTH;46;0;Empleado;S;S;8000;525;1100;0;511;517;668;799;28705;27749;Whatsapp;Sin gestión
2895;1073108;2018-06-07 00:00:00;1;NEW ENGALND;64;16.66666667;independiente;S;S;11000;13720;34680;0;525;631;604;786;6828;5884;Whatsapp;Sin gestión
2896;1000029;2019-08-14 00:00:00;0;545454;51;20;Pensionado;N;N;12800;3500;26760;4;896;674;678;489;12909;10180;Ninguno;No aplica
2897;1088441;2018-03-14 00:00:00;0;ATLANTHIC SOUTH;42;33.83333333;independiente;S;S;15626;2880;5200;1;596;651;770;754;10588;8723;Ninguno;No aplica
2898;1064460;2018-12-18 00:00:00;0;ATLANTHIC SOUTH;43;0;Empleado;N;N;12500;26979;37680;0;786;683;714;659;18109;9320;Ninguno;No aplica
2899;1056895;2020-06-11 00:00:00;0;ATLANTHIC SOUTH;54;0;independiente;N;N;12000;1300;2450;0;686;838;688;630;7023;5682;Ninguno;No aplica
2900;1047707;2018-01-09 00:00:00;0;CHICAGO;31;18;Empleado;N;S;21750;15710;37740;0;714;749;701;537;26350;19888;Ninguno;No aplica
2901;1078441;2017-04-19 00:00:00;0;ATLANTHIC SOUTH;40;20;Pensionado;N;N;15600;28700;41920;0;698;750;751;669;19537;15100;Ninguno;No aplica
2902;1080767;2019-04-05 00:00:00;1;NEW YORK;28;16.66666667;Empleado;S;S;7500;39413;46860;4;479;606;725;723;10891;7403;SMS;Pago parcial
2903;1094803;2018-11-17 00:00:00;0;NEW YORK;26;7;Pensionado;N;S;4000;300;1300;3;672;690;690;553;6080;3288;Ninguno;No aplica
2904;1043181;2020-10-24 00:00:00;0;545454;40;20;Pensionado;S;S;3200;440;950;0;716;536;725;537;10036;5988;Ninguno;No aplica
2905;1036480;2016-10-09 00:00:00;1;NEW YORK;36;11.16666667;Empleado;S;N;5000;270;1150;4;424;539;574;764;20379;19877;Correo;No contactado
2906;1014179;2020-12-10 00:00:00;0;NEW ENGALND;70;16.66666667;Pensionado;S;S;15000;700;900;1;738;651;545;748;15822;11144;Ninguno;No aplica
2907;1027462;2016-11-17 00:00:00;1;ATLANTHIC SOUTH;38;20;Empleado;N;S;10000;840;1550;4;479;468;661;737;7563;5546;Whatsapp;Sin gestión
2908;1098036;2019-12-10 00:00:00;1;NEW YORK;67;33.33333333;Empleado;S;S;10000;880;1550;1;443;511;655;824;8292;4365;Whatsapp;Sin gestión
2909;1005939;2016-01-26 00:00:00;0;NEW YORK;36;20;Empleado;N;S;8750;500;800;4;677;561;612;662;8586;4454;Ninguno;No aplica
2910;1013923;2019-02-15 00:00:00;1;ATLANTHIC SOUTH;42;5;independiente;N;S;12500;600;3000;0;563;578;708;715;21087;18105;Correo;No contactado
2911;1016972;2019-05-02 00:00:00;1;NEW YORK;55;20;Empleado;S;S;8750;310,833;1100;0;473;629;520;637;21100;16227;SMS;Pago parcial
2912;1083618;2019-06-16 00:00:00;1;NEW ENGALND;49;25;Empleado;S;S;12500;300;1300;2;518;646;613;580;25815;19474;Correo;No contactado
2913;1032790;2016-04-27 00:00:00;0;NEW ENGALND;47;25;independiente;S;S;5000;280;900;1;663;705;616;837;28225;17544;Ninguno;No aplica
2914;1050078;2019-10-30 00:00:00;1;NEW YORK;57;29.16666667;Pensionado;N;N;6250;1060;1800;0;538;522;535;822;11643;10157;Correo;No contactado
2915;1033780;2018-07-06 00:00:00;1;NEW YORK;57;38.33333333;independiente;N;S;3750;400;1000;0;534;464;755;595;8959;5233;Correo;No contactado
2916;1010065;2019-07-05 00:00:00;1;ATLANTHIC SOUTH;23;6;Empleado;N;S;9600;250;800;0;592;475;555;734;16005;9522;Correo;No contactado
2917;1073816;2017-11-25 00:00:00;0;ATLANTHIC SOUTH;36;11.66666667;independiente;S;S;9000;500;1000;1;691;604;609;661;15775;11521;Ninguno;No aplica
2918;1043481;2020-01-12 00:00:00;1;NEW YORK;47;11.66666667;Empleado;S;S;4500;360;1000;0;533;527;714;695;5161;3319;SMS;Pago parcial
2919;1016978;2018-09-23 00:00:00;0;NEW YORK;63;30;independiente;S;S;2500;230;850;4;705;670;695;633;21029;13116;Ninguno;No aplica
2920;1010673;2018-02-05 00:00:00;1;NEW YORK;33;10;Pensionado;N;N;6250;310;680;0;565;519;572;754;21977;18079;SMS;Pago parcial
2921;1021403;2017-06-01 00:00:00;0;NEW YORK;35;20;Pensionado;S;N;12600;943;2200;2;664;700;698;744;19226;15871;Ninguno;No aplica
2922;1095440;2016-05-06 00:00:00;1;NEW YORK;36;15;independiente;S;S;6250;200;1223;2;537;566;670;756;16154;14737;Correo;No contactado
2923;1066982;2020-03-26 00:00:00;0;545454;26;10;Pensionado;S;S;6000;300;1600;3;690;681;813;659;17080;12107;Ninguno;No aplica
2924;1058057;2016-09-17 00:00:00;0;NEW YORK;32;10;Empleado;S;N;8750;300;680;1;697;748;678;656;8390;4502;Ninguno;No aplica
2925;1056564;2016-03-03 00:00:00;0;545454;42;8;independiente;N;S;6250;350;1500;0;705;609;640;754;10997;7003;Ninguno;No aplica
2926;1035682;2017-12-27 00:00:00;1;NEW YORK;26;13;Pensionado;N;S;8100;887;1380;0;513;605;590;762;27738;27461;Call center;Promesa de pago
2927;1026122;2018-10-01 00:00:00;1;NEW YORK;37;10;independiente;N;S;11250;450;1300;3;494;579;598;727;17693;14121;Call center;Promesa de pago
2928;1017667;2017-02-13 00:00:00;1;NEW YORK;41;20.83333333;independiente;S;N;7500;700;1500;2;511;560;592;717;22047;18847;Call center;Promesa de pago
2929;1087077;2017-06-19 00:00:00;1;NEW ENGALND;31;5;Pensionado;N;N;15000;310;750;1;579;633;746;751;14324;7215;Call center;Promesa de pago
2930;1069729;2020-09-17 00:00:00;0;ATLANTHIC SOUTH;23;5;independiente;S;S;13588;1816,461;2649,5;2;749;733;651;628;5541;4206;Ninguno;No aplica
2931;1033837;2019-07-10 00:00:00;1;ATLANTHIC SOUTH;36;20;Empleado;N;S;4375;200;850;0;543;523;690;794;26817;13912;Whatsapp;Sin gestión
2932;1026060;2017-07-09 00:00:00;1;NEW YORK;58;11.66666667;independiente;S;S;6250;450;1350;0;477;569;756;623;10093;7919;SMS;Pago parcial
2933;1010872;2020-01-29 00:00:00;0;NEW YORK;37;14;Pensionado;N;S;8250;600;900;3;656;697;485;633;18428;17698;Ninguno;No aplica
2934;1043048;2016-03-11 00:00:00;0;ATLANTHIC SOUTH;44;20;independiente;S;S;15750;950;2200;0;748;664;740;725;16166;15911;Ninguno;No aplica
2935;1093706;2016-10-12 00:00:00;1;545454;25;6;Pensionado;S;S;10000;550;1100;3;544;615;654;618;22251;17139;SMS;Pago parcial
2936;1096100;2019-01-02 00:00:00;1;NEW YORK;63;40;independiente;S;S;6250;450;1875;1;574;597;680;578;21063;15357;Correo;No contactado
2937;1060624;2016-09-19 00:00:00;0;NEW YORK;30;16.66666667;independiente;N;S;3000;400;800;0;670;790;592;676;15258;14839;Ninguno;No aplica
2938;1078005;2019-11-28 00:00:00;1;ATLANTHIC SOUTH;36;20;independiente;S;S;12500;845;1700;3;489;488;597;567;21044;17610;Whatsapp;Sin gestión
2939;1093502;2016-12-02 00:00:00;0;545454;50;30;Empleado;S;N;10000;800;1550;4;618;673;684;553;10469;5574;Ninguno;No aplica
2940;1053670;2021-02-24 00:00:00;1;NEW YORK;60;41.66666667;Pensionado;N;S;10500;650;1300;0;480;525;817;788;11256;8249;Correo;No contactado
2941;1022093;2018-05-21 00:00:00;1;NEW ENGALND;52;25;Empleado;S;S;12500;360;1300;4;550;616;720;702;15720;9748;Correo;No contactado
2942;1089150;2020-05-11 00:00:00;0;NEW YORK;32;14;Empleado;S;S;7500;400;930;1;677;583;739;786;6169;4534;Ninguno;No aplica
2943;1081766;2017-05-26 00:00:00;1;ATLANTHIC SOUTH;39;19;Empleado;S;S;6250;878;1530;0;532;601;637;612;5830;4243;SMS;Pago parcial
2944;1005403;2016-10-11 00:00:00;0;NEW YORK;44;20;Empleado;S;S;5000;422,5;813;0;690;642;608;662;6651;5261;Ninguno;No aplica
2945;1031972;2020-02-06 00:00:00;1;545454;43;20;Pensionado;S;S;3600;1200;2400;3;516;536;595;756;22520;15277;Whatsapp;Sin gestión
2946;1020779;2016-01-14 00:00:00;0;ATLANTHIC SOUTH;32;19;Pensionado;S;S;13000;1945;3300;0;643;593;616;565;24194;14084;Ninguno;No aplica
2947;1092873;2019-01-15 00:00:00;0;ATLANTHIC SOUTH;47;15;independiente;S;S;13350;780;3170;1;704;652;506;763;14518;10915;Ninguno;No aplica
2948;1055809;2018-08-24 00:00:00;0;ATLANTHIC SOUTH;60;40;Pensionado;S;S;7500;1921,425;2813,5;0;550;745;599;716;18258;16708;Ninguno;No aplica
2949;1054491;2021-06-05 00:00:00;1;NEW YORK;62;40;Pensionado;N;S;8570;500;1300;1;491;578;611;575;21184;17625;Call center;Promesa de pago
2950;1044216;2017-08-30 00:00:00;0;NEW YORK;61;4;Empleado;S;S;4250;170;800;4;618;718;638;667;6019;4028;Ninguno;No aplica
2951;1094896;2016-07-24 00:00:00;0;CHICAGO;27;11.66666667;Pensionado;S;S;5600;650;1200;3;760;780;659;705;26621;25763;Ninguno;No aplica
2952;1027794;2019-11-07 00:00:00;0;NEW YORK;33;20;Empleado;N;S;8100;960;1250;4;739;696;675;617;15028;14368;Ninguno;No aplica
2953;1034753;2016-02-10 00:00:00;1;ATLANTHIC SOUTH;47;26.66666667;independiente;S;N;8375;700;1200;1;523;546;649;587;17448;10550;SMS;Pago parcial
2954;1042565;2016-07-08 00:00:00;0;ATLANTHIC SOUTH;57;26.66666667;Pensionado;S;N;15000;700;1500;0;776;708;609;695;17485;9087;Ninguno;No aplica
2955;1047145;2020-09-22 00:00:00;1;ATLANTHIC SOUTH;60;40;Empleado;S;N;4375;460;1100;3;453;547;513;919;6283;5470;Whatsapp;Sin gestión
2956;1096062;2020-08-28 00:00:00;0;545454;61;30;independiente;S;S;3125;890;2125;4;787;650;610;635;22043;20143;Ninguno;No aplica
2957;1065945;2016-11-09 00:00:00;1;NEW ENGALND;57;30;Empleado;S;S;15000;900;1500;0;547;489;582;861;23394;23018;Whatsapp;Sin gestión
2958;1041100;2020-03-15 00:00:00;1;545454;50;35;Pensionado;S;S;10000;790;1966,667;1;488;636;683;652;29974;28323;SMS;Pago parcial
2959;1095501;2019-08-29 00:00:00;1;NEW YORK;71;40;Pensionado;S;N;14400;300;1000;0;557;557;714;739;6733;5388;SMS;Pago parcial
2960;1026266;2016-08-05 00:00:00;1;NEW ENGALND;56;30;independiente;S;S;10000;420;1100;0;445;591;716;789;23509;17985;Correo;No contactado
2961;1002334;2019-12-18 00:00:00;0;CHICAGO;61;10;Pensionado;N;S;13767;1192,667;1224,167;2;659;618;703;669;23555;12105;Ninguno;No aplica
2962;1039735;2018-05-30 00:00:00;0;545454;44;26;independiente;N;S;2500;750;1400;0;670;706;641;643;29650;18482;Ninguno;No aplica
2963;1020453;2018-02-20 00:00:00;1;NEW ENGALND;36;11.66666667;Pensionado;S;S;15000;500;1000;4;474;534;613;785;21230;15494;Correo;No contactado
2964;1079696;2020-11-11 00:00:00;0;CHICAGO;67;11.66666667;Empleado;S;S;6750;1667;2271,25;3;647;671;598;840;19472;15855;Ninguno;No aplica
2965;1069575;2021-04-03 00:00:00;0;545454;40;30;Empleado;N;S;1250;250;1100;0;761;733;544;697;17889;13929;Ninguno;No aplica
2966;1072826;2020-09-14 00:00:00;0;CHICAGO;32;12;Pensionado;S;N;12600;600;2500;0;687;727;719;624;8471;7381;Ninguno;No aplica
2967;1026644;2017-02-08 00:00:00;1;NEW YORK;50;33.33333333;Pensionado;S;S;12500;400;1500;0;518;579;638;703;14028;8976;Correo;No contactado
2968;1017363;2017-06-23 00:00:00;1;545454;26;20;Pensionado;S;S;10000;0;200;3;471;474;563;947;27008;21133;Call center;Promesa de pago
2969;1060756;2017-01-10 00:00:00;0;NEW ENGALND;39;20;Empleado;N;S;7200;639;2130;3;609;860;592;682;13329;7252;Ninguno;No aplica
2970;1069631;2020-12-20 00:00:00;1;NEW YORK;47;20;Empleado;S;N;3750;311;800;0;514;685;589;667;7097;5016;SMS;Pago parcial
2971;1077744;2017-02-18 00:00:00;1;NEW ENGALND;41;15;independiente;S;S;3950;306;1900;2;404;623;653;617;19082;16698;Whatsapp;Sin gestión
2972;1008659;2017-11-05 00:00:00;0;NEW YORK;42;3;Pensionado;S;S;2500;176;795;2;697;635;725;506;26452;22397;Ninguno;No aplica
2973;1088162;2019-06-22 00:00:00;0;545454;26;7;Pensionado;S;S;3125;1037;1500;3;632;673;626;703;18930;18841;Ninguno;No aplica
2974;1018500;2020-10-07 00:00:00;1;NEW YORK;52;25;Empleado;N;S;12500;835;1780;3;599;547;492;779;15077;9633;SMS;Pago parcial
2975;1061321;2016-03-21 00:00:00;0;NEW YORK;54;33;Pensionado;S;S;5000;867;1203;0;746;756;637;634;11397;8537;Ninguno;No aplica
2976;1063651;2019-04-20 00:00:00;0;NEW YORK;32;15;Pensionado;S;S;5625;850;1800;0;705;696;639;669;7757;5157;Ninguno;No aplica
2977;1086567;2018-04-27 00:00:00;0;NEW YORK;29;10;independiente;N;S;6400;673,231;1057,166;1;763;633;634;565;25304;18227;Ninguno;No aplica
2978;1065791;2016-10-26 00:00:00;1;NEW YORK;30;10;Empleado;S;S;14000;590;1350;4;458;552;606;732;29570;27455;Whatsapp;Sin gestión
2979;1042436;2021-06-09 00:00:00;1;NEW YORK;36;16;Pensionado;S;S;11500;500;1000;3;527;647;665;763;23284;19608;Call center;Promesa de pago
2980;1012147;2018-08-30 00:00:00;0;NEW YORK;57;20;Empleado;S;S;2500;487,333;590;2;710;776;655;622;23994;22584;Ninguno;No aplica
2981;1043134;2016-11-12 00:00:00;1;NEW YORK;42;30;Pensionado;S;S;8750;550;1875;0;513;672;648;872;28284;17020;SMS;Pago parcial
2982;1005997;2016-06-21 00:00:00;1;NEW ENGALND;39;4;independiente;S;N;14250;310;750;0;564;625;679;645;22833;21387;Whatsapp;Sin gestión
2983;1057249;2016-05-31 00:00:00;0;NEW YORK;30;20;Empleado;S;S;8125;710;1280;0;737;665;620;696;10017;5308;Ninguno;No aplica
2984;1043550;2018-09-21 00:00:00;1;ATLANTHIC SOUTH;56;30;independiente;S;S;3750;490;1400;1;514;386;616;796;21370;20180;Whatsapp;Sin gestión
2985;1057311;2018-09-05 00:00:00;0;NEW YORK;39;10;Pensionado;S;N;10000;363,333;1400;0;617;698;747;663;12999;8638;Ninguno;No aplica
2986;1045652;2019-05-11 00:00:00;0;NEW YORK;67;4;independiente;S;S;5000;250;1100;0;652;680;689;653;27436;18034;Ninguno;No aplica
2987;1049040;2019-11-26 00:00:00;0;ATLANTHIC SOUTH;49;35;Pensionado;N;S;9375;400;1200;3;694;688;708;541;15195;11488;Ninguno;No aplica
2988;1078703;2017-08-17 00:00:00;1;NEW YORK;57;30;Empleado;S;S;12500;350;1300;3;505;583;736;842;7096;6886;Correo;No contactado
2989;1091922;2021-01-10 00:00:00;0;NEW YORK;40;7.833333333;Pensionado;S;S;5400;500;4880;0;643;600;687;655;20433;10705;Ninguno;No aplica
2990;1051537;2019-07-28 00:00:00;0;NEW YORK;31;10;Pensionado;S;S;9375;1589;2846;0;821;713;715;718;27788;18788;Ninguno;No aplica
2991;1071937;2020-01-04 00:00:00;1;NEW ENGALND;62;40;Empleado;S;S;6250;720;1818;1;576;618;539;781;15595;14477;Call center;Promesa de pago
2992;1068984;2020-03-26 00:00:00;0;NEW YORK;32;14;independiente;S;S;10000;540;1920;2;730;721;664;613;20941;14617;Ninguno;No aplica
2993;1043396;2019-07-05 00:00:00;1;NEW YORK;43;23;Pensionado;S;S;5000;330;980;4;504;637;637;702;24715;14819;SMS;Pago parcial
2994;1018062;2019-10-18 00:00:00;1;ATLANTHIC SOUTH;46;10;Pensionado;N;S;6250;500;1500;0;489;616;767;840;20078;14304;Correo;No contactado
2995;1015599;2019-11-19 00:00:00;0;NEW ENGALND;60;33.33333333;independiente;N;S;11000;696;2300;4;652;655;715;569;28846;19984;Ninguno;No aplica
2996;1068291;2019-12-03 00:00:00;1;NEW YORK;41;10;Empleado;N;S;12500;300;1200;4;504;576;606;912;10105;9678;Call center;Promesa de pago
2997;1044966;2019-02-20 00:00:00;0;ATLANTHIC SOUTH;62;42;Pensionado;S;S;5000;1503,845;2309,5;3;713;685;676;603;24362;21462;Ninguno;No aplica
2998;1047870;2020-11-20 00:00:00;0;NEW YORK;51;20;independiente;S;S;6900;502,083;760;0;638;686;662;564;7839;5899;Ninguno;No aplica
2999;1007959;2020-11-01 00:00:00;0;NEW YORK;61;33.33333333;Pensionado;S;S;6250;250;700;3;717;740;682;682;8384;8335;Ninguno;No aplica
3000;1059527;2018-07-07 00:00:00;0;NEW YORK;64;20;Empleado;S;N;12500;1250;2400;4;692;719;579;869;15851;11613;Ninguno;No aplica
3001;1058073;2020-02-19 00:00:00;0;NEW YORK;39;20;independiente;S;S;16500;320;1200;1;605;805;675;498;15053;7965;Ninguno;No aplica
3002;1023598;2017-06-21 00:00:00;1;ATLANTHIC SOUTH;37;10;Empleado;S;S;12500;990;2073;0;457;712;634;707;18493;11672;Correo;No contactado
3003;1073918;2017-12-10 00:00:00;1;ATLANTHIC SOUTH;27;9;Empleado;S;S;8750;755;1850;0;479;585;670;763;22069;15846;SMS;Pago parcial
3004;1007357;2020-06-19 00:00:00;1;NEW YORK;52;37;independiente;S;S;7000;910;1400;0;594;350;599;723;19139;11071;Whatsapp;Sin gestión
3005;1042670;2020-04-10 00:00:00;0;NEW YORK;55;30;independiente;N;S;6250;180;550;4;728;754;609;704;12531;12202;Ninguno;No aplica
3006;1062583;2016-01-11 00:00:00;1;545454;27;10;Empleado;S;S;19000;325;2400;3;433;548;732;655;9283;8201;SMS;Pago parcial
3007;1017264;2018-10-28 00:00:00;0;NEW YORK;48;25;Pensionado;S;S;5000;250;600;3;724;632;576;616;12736;8076;Ninguno;No aplica
3008;1088936;2019-04-19 00:00:00;1;545454;36;4;Empleado;S;N;6000;200;1500;0;423;556;582;707;12710;10110;Call center;Promesa de pago
3009;1011728;2016-07-22 00:00:00;1;NEW YORK;24;7;independiente;S;N;6750;512;890;3;554;553;646;618;6619;5697;SMS;Pago parcial
3010;1043169;2016-02-01 00:00:00;0;ATLANTHIC SOUTH;23;10;independiente;S;S;9375;674;1400;1;676;717;596;666;18975;18418;Ninguno;No aplica
3011;1018230;2018-11-04 00:00:00;1;NEW YORK;25;6;Pensionado;N;N;5113;295;800;0;495;486;588;685;17835;16779;Call center;Promesa de pago
3012;1087965;2019-09-11 00:00:00;1;ATLANTHIC SOUTH;72;33.33333333;independiente;S;S;3800;586;1060;1;566;515;657;678;28252;21404;Correo;No contactado
3013;1064187;2017-12-28 00:00:00;0;NEW YORK;46;3;Empleado;S;S;2500;200;700;1;636;701;545;699;20261;17978;Ninguno;No aplica
3014;1020840;2017-05-17 00:00:00;1;NEW YORK;65;40;Empleado;S;N;12500;400;1000;0;430;617;579;556;6431;5023;Call center;Promesa de pago
3015;1027163;2017-10-02 00:00:00;0;NEW YORK;40;7;Pensionado;S;S;6250;400;900;4;671;718;794;649;14067;10921;Ninguno;No aplica
3016;1060073;2017-12-16 00:00:00;1;CHICAGO;55;21.66666667;Empleado;S;S;6250;300;600;0;552;533;682;929;9713;5414;Whatsapp;Sin gestión
3017;1038896;2019-10-06 00:00:00;1;NEW YORK;53;38;Pensionado;S;S;3750;580;1200;4;424;521;598;622;14557;8197;Whatsapp;Sin gestión
3018;1055905;2021-05-26 00:00:00;0;NEW ENGALND;42;1.666666667;independiente;S;S;7000;690;1600;3;558;650;679;786;14435;11039;Ninguno;No aplica
3019;1056937;2017-04-22 00:00:00;0;CHICAGO;44;10.41666667;independiente;N;N;11900;530;600;0;677;694;690;675;9998;6343;Ninguno;No aplica
3020;1077204;2017-03-10 00:00:00;1;545454;62;20;Pensionado;S;S;8000;418;2200;0;528;669;720;666;5162;2635;Whatsapp;Sin gestión
3021;1004217;2016-05-06 00:00:00;1;ATLANTHIC SOUTH;32;3.5;Empleado;S;S;6000;500;1379;0;560;457;641;601;6974;6008;Correo;No contactado
3022;1085804;2019-06-09 00:00:00;0;545454;31;14;Pensionado;S;S;19000;330;1600;0;677;667;718;683;24675;12738;Ninguno;No aplica
3023;1004752;2017-04-10 00:00:00;0;CHICAGO;30;10;Pensionado;S;S;21600;1000;6500;4;679;600;507;801;13461;10737;Ninguno;No aplica
3024;1081975;2019-12-15 00:00:00;1;NEW YORK;52;20;Empleado;S;N;15000;300;600;2;558;481;576;685;22015;16943;Call center;Promesa de pago
3025;1087901;2019-11-30 00:00:00;0;NEW YORK;38;12;Empleado;S;S;12000;436,46;1584;3;607;738;661;663;22289;21941;Ninguno;No aplica
3026;1023743;2020-04-16 00:00:00;0;ATLANTHIC SOUTH;68;20.83333333;Empleado;S;S;2500;310;600;3;681;713;673;761;7014;5205;Ninguno;No aplica
3027;1093179;2019-08-04 00:00:00;1;NEW YORK;46;31;Empleado;S;S;3750;640;1350;0;510;607;586;751;14833;7888;Correo;No contactado
3028;1044107;2019-03-31 00:00:00;0;CHICAGO;55;20;Pensionado;S;S;6250;584;825;2;722;735;668;528;12896;10005;Ninguno;No aplica
3029;1057433;2021-06-10 00:00:00;0;NEW ENGALND;30;25;Empleado;N;N;1800;629;1700;3;675;651;606;679;5204;4791;Ninguno;No aplica
3030;1018413;2017-11-29 00:00:00;0;NEW YORK;38;23;Empleado;S;S;6372;250;600;0;702;654;631;806;21965;21930;Ninguno;No aplica
3031;1007633;2018-09-18 00:00:00;1;CHICAGO;56;40;independiente;N;S;5100;1050;1800;0;376;711;722;717;27059;19352;SMS;Pago parcial
3032;1034019;2016-06-15 00:00:00;0;NEW YORK;67;54;Pensionado;S;S;8100;750;1150;1;667;665;714;423;14032;9263;Ninguno;No aplica
3033;1060893;2016-03-29 00:00:00;0;NEW ENGALND;69;51;Pensionado;S;S;14000;600;1200;2;723;724;580;705;10347;9864;Ninguno;No aplica
3034;1071270;2018-02-24 00:00:00;1;ATLANTHIC SOUTH;42;6;Empleado;S;S;3125;500;1400;0;451;580;576;702;7643;4552;SMS;Pago parcial
3035;1070506;2017-09-30 00:00:00;1;CHICAGO;45;11.66666667;Empleado;S;S;6000;800;1500;1;503;469;621;555;13017;10514;SMS;Pago parcial
3036;1011964;2018-06-05 00:00:00;1;NEW YORK;34;15;Empleado;S;S;5400;925;1280;1;522;457;648;569;23681;16644;SMS;Pago parcial
3037;1075613;2021-06-16 00:00:00;0;ATLANTHIC SOUTH;59;15;Empleado;S;S;10000;550;2500;2;683;645;604;758;22258;11586;Ninguno;No aplica
3038;1040983;2017-03-09 00:00:00;1;ATLANTHIC SOUTH;36;20;independiente;S;S;9000;495;1500;3;509;643;723;654;10560;7114;Whatsapp;Sin gestión
3039;1062774;2017-02-05 00:00:00;0;NEW YORK;39;6;Empleado;S;S;5000;470;900;0;652;727;674;588;20892;13217;Ninguno;No aplica
3040;1004539;2020-03-16 00:00:00;1;ATLANTHIC SOUTH;25;10;independiente;S;S;3750;540;1400;3;490;635;678;717;19531;16466;Call center;Promesa de pago
3041;1099263;2018-03-10 00:00:00;1;ATLANTHIC SOUTH;48;15;Pensionado;S;S;6040;1967,5;2854,167;1;531;521;561;662;22073;21508;Whatsapp;Sin gestión
3042;1018937;2019-10-08 00:00:00;1;NEW YORK;55;11.66666667;Empleado;S;S;7200;200;650;2;508;677;732;729;9000;5706;Call center;Promesa de pago
3043;1095797;2016-04-23 00:00:00;1;CHICAGO;39;20;independiente;S;S;6000;700;1600;1;471;522;453;702;19289;17471;Call center;Promesa de pago
3044;1030940;2017-02-17 00:00:00;1;545454;62;8.333333333;independiente;S;S;6400;425;1300;1;511;593;708;612;22055;11638;Correo;No contactado
3045;1081528;2017-06-06 00:00:00;0;ATLANTHIC SOUTH;53;20;independiente;S;S;9375;900;1900;4;736;679;715;624;12927;9942;Ninguno;No aplica
3046;1008822;2018-07-27 00:00:00;1;ATLANTHIC SOUTH;70;6;Empleado;S;N;6250;900;1800;4;398;570;620;760;20562;11006;SMS;Pago parcial
3047;1093371;2017-10-24 00:00:00;0;ATLANTHIC SOUTH;33;8;independiente;S;S;6250;545;1542;0;758;760;739;674;6171;5967;Ninguno;No aplica
3048;1002430;2016-06-27 00:00:00;1;ATLANTHIC SOUTH;28;20;independiente;S;S;5000;996;1650;2;483;538;646;713;26975;23824;Call center;Promesa de pago
3049;1044529;2017-05-10 00:00:00;0;NEW YORK;40;20;independiente;S;N;6563;275;780;0;721;599;654;844;16918;14025;Ninguno;No aplica
3050;1063820;2018-01-16 00:00:00;1;ATLANTHIC SOUTH;48;15;Pensionado;S;S;5150;250;1200;0;560;581;674;786;14135;12890;SMS;Pago parcial
3051;1085202;2020-02-21 00:00:00;1;NEW YORK;33;10;independiente;S;N;4800;304;900;3;431;556;873;797;11342;9343;SMS;Pago parcial
3052;1041256;2017-07-16 00:00:00;1;NEW YORK;25;8;Pensionado;S;S;7500;400;1200;0;465;783;744;705;22833;22478;SMS;Pago parcial
3053;1054377;2018-11-13 00:00:00;0;NEW ENGALND;48;25;Pensionado;S;S;5250;700;850;0;686;721;699;690;16929;14508;Ninguno;No aplica
3054;1047422;2020-03-20 00:00:00;0;545454;27;7;Pensionado;S;S;9000;400;1300;3;661;655;586;631;7539;7255;Ninguno;No aplica
3055;1006908;2016-10-19 00:00:00;0;NEW YORK;49;31;independiente;S;S;12500;1140;2000;0;787;617;660;740;8959;6796;Ninguno;No aplica
3056;1020986;2020-10-25 00:00:00;0;ATLANTHIC SOUTH;29;11.66666667;Pensionado;S;S;9000;420;1250;0;657;567;593;660;18183;10156;Ninguno;No aplica
3057;1029215;2017-05-06 00:00:00;1;545454;33;10;Pensionado;N;S;5000;310;1000;0;472;518;708;740;27669;21142;Whatsapp;Sin gestión
3058;1018183;2018-08-15 00:00:00;0;ATLANTHIC SOUTH;44;15;Empleado;S;S;6300;800;2320;4;710;687;660;684;10432;5878;Ninguno;No aplica
3059;1072294;2017-03-01 00:00:00;0;CHICAGO;37;25;independiente;S;S;5000;1000;1566;0;640;766;571;668;25644;20419;Ninguno;No aplica
3060;1026395;2020-09-11 00:00:00;0;NEW YORK;58;43;independiente;S;S;5000;130;1000;0;680;747;656;934;23745;17601;Ninguno;No aplica
3061;1081476;2017-09-16 00:00:00;1;NEW ENGALND;55;30;Empleado;N;S;6000;300;1000;1;516;594;591;660;27548;22349;SMS;Pago parcial
3062;1061250;2016-09-16 00:00:00;0;NEW ENGALND;30;5;Pensionado;S;S;10500;883,72;1738;1;683;661;661;609;25054;12653;Ninguno;No aplica
3063;1093076;2016-04-02 00:00:00;1;NEW YORK;34;16;Empleado;S;S;3750;410;680;0;495;596;590;782;6753;4034;Call center;Promesa de pago
3064;1096322;2019-10-22 00:00:00;1;545454;59;3.333333333;independiente;S;S;6400;2150;3500;1;474;549;652;666;29484;21985;Whatsapp;Sin gestión
3065;1039721;2016-02-26 00:00:00;0;ATLANTHIC SOUTH;42;25;independiente;S;S;5000;522;1550;3;624;783;703;644;23322;22745;Ninguno;No aplica
3066;1068176;2020-02-28 00:00:00;1;NEW YORK;34;10;Pensionado;S;S;10725;474;1500;0;516;569;646;622;29946;20717;SMS;Pago parcial
3067;1068919;2019-12-18 00:00:00;1;NEW ENGALND;50;40;Empleado;S;S;5000;195;1516;1;588;575;623;764;27360;19485;Correo;No contactado
3068;1015043;2017-09-20 00:00:00;1;NEW YORK;38;20;Empleado;N;S;1300;340;820;0;501;447;664;765;15123;12966;SMS;Pago parcial
3069;1069475;2020-10-14 00:00:00;1;ATLANTHIC SOUTH;41;20;Pensionado;S;S;12500;700;1900;0;511;568;699;692;21376;17141;SMS;Pago parcial
3070;1025301;2019-03-13 00:00:00;1;ATLANTHIC SOUTH;35;12;independiente;S;N;10000;820;3000;0;535;630;572;784;11588;7526;Whatsapp;Sin gestión
3071;1077291;2019-05-07 00:00:00;1;NEW ENGALND;56;39;independiente;S;S;4000;600;1000;2;437;516;668;553;11304;7974;Call center;Promesa de pago
3072;1060287;2019-02-27 00:00:00;0;ATLANTHIC SOUTH;34;14;independiente;S;S;15000;500;1500;3;785;635;742;606;12345;7516;Ninguno;No aplica
3073;1096176;2019-11-22 00:00:00;0;NEW YORK;50;30;Empleado;S;N;2500;380;850;3;710;728;690;655;29259;28762;Ninguno;No aplica
3074;1018775;2016-11-18 00:00:00;1;NEW YORK;32;15;independiente;N;S;3750;350;1000;1;582;491;654;614;28017;15838;SMS;Pago parcial
3075;1038841;2021-02-13 00:00:00;0;NEW YORK;56;11.66666667;Empleado;S;S;6400;410;730;1;663;743;695;513;20352;13960;Ninguno;No aplica
3076;1096191;2021-07-13 00:00:00;1;NEW YORK;34;22;Pensionado;N;N;3750;400;1200;2;591;548;682;692;5597;2871;Whatsapp;Sin gestión
3077;1070267;2019-03-31 00:00:00;0;NEW YORK;47;20;Pensionado;S;S;7500;500;1200;4;739;657;703;732;24446;14934;Ninguno;No aplica
3078;1066528;2019-12-17 00:00:00;0;NEW YORK;52;31.91666667;Empleado;S;S;5400;400;1300;4;728;613;508;785;7336;6531;Ninguno;No aplica
3079;1019853;2017-05-26 00:00:00;1;545454;58;40;independiente;S;S;1250;615;1050;2;512;603;541;671;14879;8936;Whatsapp;Sin gestión
3080;1006137;2019-12-02 00:00:00;0;ATLANTHIC SOUTH;34;6;independiente;S;N;7500;400;900;0;688;828;720;736;5572;3009;Ninguno;No aplica
3081;1038430;2018-01-22 00:00:00;0;545454;31;11.66666667;Empleado;S;S;2600;400;600;3;760;727;545;727;12521;9231;Ninguno;No aplica
3082;1005731;2019-06-28 00:00:00;0;NEW YORK;32;5;independiente;S;S;9600;500;1300;0;707;628;678;780;11171;5641;Ninguno;No aplica
3083;1091245;2018-05-15 00:00:00;1;NEW YORK;52;30;Empleado;S;S;5400;414,583;990,667;0;402;648;625;688;28481;15448;Call center;Promesa de pago
3084;1057044;2020-02-18 00:00:00;1;ATLANTHIC SOUTH;39;19;Pensionado;S;S;7500;970;1750;3;444;561;580;558;23474;21216;Whatsapp;Sin gestión
3085;1090438;2018-01-13 00:00:00;1;NEW YORK;52;25;Pensionado;N;S;12000;270;1300;4;491;662;674;726;18992;16822;Call center;Promesa de pago
3086;1021003;2019-12-06 00:00:00;1;NEW YORK;33;10;Pensionado;S;S;15000;764,1;1170;0;515;628;664;629;27950;26764;Correo;No contactado
3087;1069068;2017-06-26 00:00:00;0;ATLANTHIC SOUTH;65;20;Pensionado;S;S;12500;630;2100;1;697;503;798;605;16861;15634;Ninguno;No aplica
3088;1043317;2019-02-19 00:00:00;1;ATLANTHIC SOUTH;39;19;Pensionado;S;S;7250;855;2300;0;561;520;606;693;17464;14697;SMS;Pago parcial
3089;1077698;2020-02-05 00:00:00;1;ATLANTHIC SOUTH;21;20;Pensionado;N;S;5000;300;1000;1;402;637;751;689;26008;13685;Whatsapp;Sin gestión
3090;1064123;2017-07-12 00:00:00;1;NEW YORK;30;10;Empleado;S;S;12500;690;1150;0;507;589;675;733;6633;5913;Correo;No contactado
3091;1017954;2017-08-18 00:00:00;0;NEW YORK;52;15;Pensionado;S;S;3750;360;800;3;609;619;604;733;22901;21132;Ninguno;No aplica
3092;1007245;2019-05-24 00:00:00;0;NEW ENGALND;67;45;Empleado;S;N;8750;1650;2500;2;738;642;706;637;17485;15728;Ninguno;No aplica
3093;1027067;2017-08-31 00:00:00;0;ATLANTHIC SOUTH;42;15;Empleado;S;S;12500;1800;3500;3;695;566;690;706;15849;11954;Ninguno;No aplica
3094;1000906;2017-04-14 00:00:00;0;NEW YORK;23;15;Empleado;S;S;15040;250;920;2;721;675;653;671;8648;5331;Ninguno;No aplica
3095;1037662;2016-06-07 00:00:00;0;545454;29;4;Pensionado;S;S;7500;630;1300;4;657;813;669;754;20177;18617;Ninguno;No aplica
3096;1043000;2018-07-06 00:00:00;1;NEW YORK;34;27.5;Empleado;S;S;3800;340;600;1;564;628;608;703;18140;15665;Whatsapp;Sin gestión
3097;1051838;2016-05-31 00:00:00;0;CHICAGO;47;10;Pensionado;S;N;2400;340;500;3;752;811;592;663;22921;22701;Ninguno;No aplica
3098;1025836;2021-07-13 00:00:00;0;NEW YORK;61;40;independiente;S;N;6000;500;1000;2;729;733;703;636;19357;11185;Ninguno;No aplica
3099;1013080;2018-08-06 00:00:00;0;NEW YORK;48;10;Empleado;N;S;10000;300;500;2;694;742;634;655;18368;11257;Ninguno;No aplica
3100;1007211;2020-06-27 00:00:00;0;NEW YORK;60;5;Pensionado;S;S;12500;250;800;1;729;798;644;599;8137;4930;Ninguno;No aplica
3101;1028998;2016-08-13 00:00:00;1;545454;48;10;Pensionado;N;S;15000;400;1000;0;465;603;670;641;28369;25426;Whatsapp;Sin gestión
3102;1037807;2019-08-12 00:00:00;1;545454;37;20;Empleado;S;S;7500;512;2100;0;543;569;669;790;5097;3025;Correo;No contactado
3103;1038100;2016-09-16 00:00:00;1;NEW YORK;46;5.833333333;Empleado;N;S;11250;400;802;2;582;642;550;623;16407;8750;Whatsapp;Sin gestión
3104;1033265;2018-03-21 00:00:00;0;NEW YORK;48;30;Empleado;S;S;10625;430;1720;0;754;767;740;641;17722;17709;Ninguno;No aplica
3105;1001752;2016-12-26 00:00:00;0;ATLANTHIC SOUTH;62;33.33333333;Empleado;N;S;6600;200;1750;1;664;651;658;761;17924;9184;Ninguno;No aplica
3106;1004419;2017-09-23 00:00:00;0;NEW ENGALND;36;8;independiente;S;S;6000;400;1000;0;718;637;636;638;8750;8029;Ninguno;No aplica
3107;1054062;2021-04-10 00:00:00;0;ATLANTHIC SOUTH;20;15;Empleado;N;S;6000;534;1500;0;635;688;680;745;13535;9240;Ninguno;No aplica
3108;1063760;2020-03-06 00:00:00;1;NEW YORK;40;11.66666667;independiente;S;S;12800;550;1200;0;529;630;667;667;29558;27217;Whatsapp;Sin gestión
3109;1034429;2020-08-21 00:00:00;0;NEW YORK;44;28;Empleado;S;S;7520;350;750;0;723;728;704;575;29487;22921;Ninguno;No aplica
3110;1036373;2020-10-31 00:00:00;1;NEW YORK;41;20;independiente;S;S;6250;991;1484;0;407;495;688;576;26797;25479;Correo;No contactado
3111;1061037;2020-09-29 00:00:00;0;ATLANTHIC SOUTH;40;20;Pensionado;S;S;17500;550;2500;0;642;795;700;788;9666;9309;Ninguno;No aplica
3112;1040285;2017-07-04 00:00:00;1;545454;67;26;Pensionado;S;S;8750;795;1840;0;486;542;745;618;21009;10600;Whatsapp;Sin gestión
3113;1060770;2016-10-03 00:00:00;1;NEW YORK;56;4;Pensionado;S;S;2000;212,5;700;0;485;564;712;787;21994;11826;Call center;Promesa de pago
3114;1006844;2020-01-06 00:00:00;1;ATLANTHIC SOUTH;67;35;Empleado;S;N;7500;888;1448;0;440;526;639;630;6727;4206;Whatsapp;Sin gestión
3115;1014475;2019-09-24 00:00:00;0;NEW YORK;44;15;Empleado;S;S;7500;300;980;0;719;842;571;789;6854;5721;Ninguno;No aplica
3116;1045920;2016-02-25 00:00:00;0;ATLANTHIC SOUTH;65;20;Pensionado;N;S;10000;1200;2380;0;713;695;767;869;15800;14917;Ninguno;No aplica
3117;1036604;2020-05-02 00:00:00;0;NEW ENGALND;45;22;Pensionado;S;S;10000;475;1750;1;690;629;633;518;10055;7340;Ninguno;No aplica
3118;1003405;2017-12-17 00:00:00;1;NEW YORK;48;33.33333333;independiente;S;S;12500;400;1500;0;462;632;617;622;15271;12270;SMS;Pago parcial
3119;1049702;2017-09-29 00:00:00;0;NEW YORK;34;14;independiente;N;S;3750;200;510;2;752;726;528;740;23708;14088;Ninguno;No aplica
3120;1034400;2019-11-09 00:00:00;1;NEW YORK;34;10;Pensionado;S;S;6250;370;1800;1;583;569;674;766;17819;16081;Whatsapp;Sin gestión
3121;1023841;2019-01-30 00:00:00;1;NEW YORK;49;30;independiente;N;N;3750;250;600;3;476;630;660;790;14369;14134;SMS;Pago parcial
3122;1036910;2019-03-15 00:00:00;0;NEW YORK;42;24;independiente;S;S;8750;460;1650;0;669;630;544;618;14283;9060;Ninguno;No aplica
3123;1012293;2019-07-24 00:00:00;0;NEW ENGALND;47;25;Pensionado;S;N;6250;300;1050;1;725;650;682;849;18171;13581;Ninguno;No aplica
3124;1009464;2018-01-29 00:00:00;1;NEW YORK;28;10;Pensionado;S;N;6750;335,333;1000;0;482;459;615;731;10774;5851;SMS;Pago parcial
3125;1094284;2021-06-14 00:00:00;1;NEW YORK;43;15;Empleado;S;S;9600;600;1100;3;493;501;838;610;11519;8980;Whatsapp;Sin gestión
3126;1031292;2018-07-21 00:00:00;0;ATLANTHIC SOUTH;44;11.66666667;Empleado;S;S;8750;230;1200;2;737;788;610;647;15983;12009;Ninguno;No aplica
3127;1011462;2019-08-19 00:00:00;1;NEW YORK;32;15;Pensionado;S;S;12000;733;2000;0;405;678;620;612;23133;13237;Correo;No contactado
3128;1063927;2020-04-24 00:00:00;1;NEW YORK;58;20;independiente;S;S;8750;360;800;1;566;584;589;863;19939;14377;Call center;Promesa de pago
3129;1077738;2018-01-09 00:00:00;1;ATLANTHIC SOUTH;20;0.083333333;Empleado;N;S;6250;250;800;2;504;680;739;661;5781;3856;Call center;Promesa de pago
3130;1086924;2017-11-14 00:00:00;1;CHICAGO;38;12;independiente;N;S;3000;800;1500;0;479;570;624;764;21282;16194;Whatsapp;Sin gestión
3131;1051555;2020-06-28 00:00:00;1;NEW YORK;34;8;Pensionado;S;S;10000;500;1520,833;1;496;565;599;678;28932;22938;Correo;No contactado
3132;1036353;2018-03-26 00:00:00;0;CHICAGO;42;12;Pensionado;S;S;12600;670;1200;0;698;683;699;615;11823;5962;Ninguno;No aplica
3133;1022294;2018-07-21 00:00:00;0;545454;38;38;Pensionado;S;N;11000;800;2700;4;613;673;553;498;23489;20682;Ninguno;No aplica
3134;1068020;2019-01-14 00:00:00;1;545454;32;15;Empleado;S;N;2500;300;2000;2;575;567;694;774;25251;21628;Correo;No contactado
3135;1013511;2018-06-07 00:00:00;0;NEW YORK;38;10;Pensionado;S;N;4000;1350;1916;2;702;749;775;787;12193;8330;Ninguno;No aplica
3136;1030293;2020-05-14 00:00:00;1;NEW YORK;32;5;independiente;S;S;3750;120;950;3;522;589;690;638;26360;13878;Call center;Promesa de pago
3137;1005710;2020-12-27 00:00:00;1;545454;31;6;Empleado;S;S;9000;700;1200;0;548;623;695;581;7113;6241;Correo;No contactado
3138;1096178;2016-03-05 00:00:00;0;ATLANTHIC SOUTH;24;5;Pensionado;S;N;5000;1850;2315;0;649;742;711;742;21280;20803;Ninguno;No aplica
3139;1041956;2019-07-07 00:00:00;0;CHICAGO;46;10;Empleado;S;S;8250;765;1500;2;724;703;770;522;27263;16905;Ninguno;No aplica
3140;1015710;2018-06-07 00:00:00;0;ATLANTHIC SOUTH;58;33.33333333;Empleado;S;N;10000;225;600;0;687;622;735;780;18565;12286;Ninguno;No aplica
3141;1060597;2021-03-20 00:00:00;1;NEW YORK;44;20;Pensionado;S;S;6250;490;780;0;542;499;681;639;25354;15007;Whatsapp;Sin gestión
3142;1002161;2017-03-13 00:00:00;0;ATLANTHIC SOUTH;53;10;Empleado;S;S;10000;213;1700;3;594;689;713;571;15183;11971;Ninguno;No aplica
3143;1014701;2021-03-22 00:00:00;0;NEW YORK;56;15;independiente;S;S;12800;300;1055;0;695;670;588;692;28648;16542;Ninguno;No aplica
3144;1068760;2020-11-05 00:00:00;0;NEW YORK;45;4;Pensionado;S;S;3188;240;400;2;670;685;704;577;22961;15570;Ninguno;No aplica
3145;1015721;2020-02-01 00:00:00;1;NEW YORK;35;15;Pensionado;S;N;5000;300;1380;4;522;579;580;656;14203;12051;Whatsapp;Sin gestión
3146;1081423;2019-07-28 00:00:00;1;NEW YORK;38;23;Empleado;S;S;10625;317;1600;1;524;735;624;752;23658;18455;Correo;No contactado
3147;1057334;2021-03-18 00:00:00;0;ATLANTHIC SOUTH;25;5;Pensionado;N;S;5200;270;1200;3;665;600;434;451;26253;18199;Ninguno;No aplica
3148;1081338;2018-01-02 00:00:00;0;NEW YORK;39;11.66666667;Empleado;S;S;6250;278;1100;4;664;561;678;818;20795;14767;Ninguno;No aplica
3149;1092466;2019-06-04 00:00:00;0;ATLANTHIC SOUTH;20;2;Empleado;N;N;6250;310;1000;1;694;700;605;674;28128;21970;Ninguno;No aplica
3150;1036382;2016-07-15 00:00:00;1;NEW YORK;31;15;independiente;S;S;12875;320;950;4;455;557;728;604;23810;11975;Whatsapp;Sin gestión
3151;1064494;2017-03-22 00:00:00;1;NEW YORK;50;15;Empleado;S;S;5300;550;1000;2;542;599;677;628;18489;9970;SMS;Pago parcial
3152;1015488;2018-06-13 00:00:00;1;NEW YORK;50;20;independiente;S;N;13125;648;2000;0;482;615;729;809;10546;9920;Call center;Promesa de pago
3153;1083745;2016-12-20 00:00:00;0;ATLANTHIC SOUTH;24;6;Pensionado;S;S;10000;1100;2600;2;555;757;574;724;11852;6388;Ninguno;No aplica
3154;1094238;2020-01-06 00:00:00;1;NEW YORK;23;15.83333333;independiente;S;S;20300;400;1600;1;481;490;723;845;7551;6444;Whatsapp;Sin gestión
3155;1067758;2019-01-19 00:00:00;0;ATLANTHIC SOUTH;29;20;Empleado;S;S;6750;490;1100;4;648;647;797;609;11411;10955;Ninguno;No aplica
3156;1071128;2017-10-23 00:00:00;1;ATLANTHIC SOUTH;52;30;independiente;S;S;8800;570;1000;2;418;606;703;747;21391;13591;Correo;No contactado
3157;1085545;2017-09-27 00:00:00;1;NEW YORK;61;10;independiente;N;N;6250;300;1100;4;438;626;705;758;29471;20195;Call center;Promesa de pago
3158;1022213;2017-08-30 00:00:00;1;CHICAGO;60;40;Empleado;S;N;5800;700;1200;0;505;712;662;783;23939;18779;Whatsapp;Sin gestión
3159;1073391;2020-07-06 00:00:00;0;ATLANTHIC SOUTH;30;16.66666667;Pensionado;S;S;8000;680;1800;0;766;737;613;771;5475;5151;Ninguno;No aplica
3160;1081729;2020-01-27 00:00:00;0;NEW ENGALND;49;15;independiente;S;S;6600;1150;2200;2;716;677;703;605;26800;26022;Ninguno;No aplica
3161;1023817;2020-10-14 00:00:00;0;NEW YORK;50;15;Empleado;S;S;3000;260;900;0;670;627;545;660;15403;13397;Ninguno;No aplica
3162;1081322;2018-09-11 00:00:00;0;NEW ENGALND;62;33;independiente;N;S;5000;330;500;1;723;646;621;615;12239;6650;Ninguno;No aplica
3163;1026180;2020-05-07 00:00:00;1;NEW YORK;65;40;independiente;S;S;8750;700;1500;0;477;544;526;715;11710;9773;Call center;Promesa de pago
3164;1024660;2017-10-19 00:00:00;0;ATLANTHIC SOUTH;28;7;Pensionado;N;S;7200;325;750;4;665;719;601;733;26384;18605;Ninguno;No aplica
3165;1023236;2021-06-25 00:00:00;1;ATLANTHIC SOUTH;52;10;Pensionado;S;N;8125;668,5;1500;2;442;595;695;571;26038;19147;Correo;No contactado
3166;1040324;2019-10-26 00:00:00;0;CHICAGO;47;30;Empleado;S;N;1750;610;1350;4;612;601;685;770;13078;6860;Ninguno;No aplica
3167;1094631;2020-01-04 00:00:00;1;NEW YORK;69;33.33333333;Pensionado;S;S;17500;1800;9000;0;481;554;654;617;27447;16346;SMS;Pago parcial
3168;1051282;2016-11-25 00:00:00;1;NEW ENGALND;28;10;Pensionado;S;S;12600;738;1200;2;508;633;662;692;7285;6522;SMS;Pago parcial
3169;1093332;2017-12-15 00:00:00;1;NEW ENGALND;51;33.33333333;Empleado;S;N;5400;500;1200;0;495;601;518;832;10223;7432;Whatsapp;Sin gestión
3170;1032085;2020-04-12 00:00:00;1;ATLANTHIC SOUTH;35;20;Pensionado;S;S;9375;800;2000;0;479;614;624;750;18521;12054;SMS;Pago parcial
3171;1041046;2020-07-24 00:00:00;0;545454;43;5;independiente;S;S;16000;781,3;1474;4;653;703;602;701;19889;13763;Ninguno;No aplica
3172;1095632;2019-05-16 00:00:00;1;NEW YORK;43;20;independiente;N;S;5500;500;1000;3;530;678;604;614;11971;11100;Whatsapp;Sin gestión
3173;1013402;2017-09-26 00:00:00;0;NEW YORK;22;4;Pensionado;S;S;10000;490;1650;0;634;694;692;576;24909;21783;Ninguno;No aplica
3174;1024291;2019-10-13 00:00:00;0;NEW YORK;68;40;independiente;S;S;4000;474,933;1368;2;739;657;590;755;16531;10516;Ninguno;No aplica
3175;1042075;2019-03-03 00:00:00;1;CHICAGO;49;25;Pensionado;S;N;3006;1259,877;1494,447;0;450;525;608;667;19721;11019;Call center;Promesa de pago
3176;1064506;2016-04-04 00:00:00;1;ATLANTHIC SOUTH;35;15;Pensionado;S;S;6250;810;2000;0;462;595;504;675;24206;15153;Whatsapp;Sin gestión
3177;1030437;2021-01-27 00:00:00;1;CHICAGO;44;20;independiente;S;S;2405;1489,357;1724,447;2;427;434;629;807;9943;9549;Whatsapp;Sin gestión
3178;1040900;2019-08-08 00:00:00;1;ATLANTHIC SOUTH;59;40;independiente;S;S;9375;350;1500;0;475;569;574;626;11530;9118;Whatsapp;Sin gestión
3179;1089049;2017-07-25 00:00:00;1;NEW ENGALND;67;40;Pensionado;S;N;9600;400;1100;2;549;568;656;744;16116;12357;SMS;Pago parcial
3180;1043266;2020-04-23 00:00:00;0;NEW YORK;46;25;independiente;S;S;20300;650;1850;0;726;598;583;674;5258;4197;Ninguno;No aplica
3181;1074392;2017-09-08 00:00:00;0;ATLANTHIC SOUTH;40;12;Empleado;S;S;9000;400;1000;4;749;624;657;670;5282;3608;Ninguno;No aplica
3182;1010192;2017-02-17 00:00:00;0;NEW YORK;34;20;Pensionado;S;S;9000;440;1100;4;726;729;640;623;18937;17111;Ninguno;No aplica
3183;1008517;2020-09-18 00:00:00;1;NEW YORK;35;15;Pensionado;S;S;18750;824,96;2616,633;4;445;594;767;668;6898;5254;Whatsapp;Sin gestión
3184;1036515;2019-02-23 00:00:00;0;545454;39;10;independiente;S;S;8300;350;1950;0;683;686;685;573;9135;5101;Ninguno;No aplica
3185;1040020;2020-01-24 00:00:00;1;ATLANTHIC SOUTH;43;10;independiente;S;S;14400;550;1000;0;461;598;521;763;11629;6565;Correo;No contactado
3186;1044999;2017-12-08 00:00:00;0;CHICAGO;44;0.833333333;Pensionado;S;S;11250;1240;2600;1;767;686;561;610;16168;12424;Ninguno;No aplica
3187;1006875;2016-11-04 00:00:00;0;NEW ENGALND;37;15;Pensionado;N;S;6900;23140;55000;2;640;755;654;757;24584;23804;Ninguno;No aplica
3188;1025163;2017-01-11 00:00:00;1;CHICAGO;24;8.333333333;Empleado;N;N;2800;6240;24000;0;545;587;585;700;26494;17332;Whatsapp;Sin gestión
3189;1083386;2016-06-10 00:00:00;0;NEW YORK;61;0;Empleado;S;S;5000;500;1500;1;745;593;442;575;28551;26689;Ninguno;No aplica
3190;1091112;2015-12-20 00:00:00;0;NEW YORK;24;2;independiente;N;S;8000;552;1040;3;791;778;744;649;5612;4950;Ninguno;No aplica
3191;1032504;2015-07-18 00:00:00;1;ATLANTHIC SOUTH;42;3.5;Empleado;S;S;6250;450;1250;0;480;602;700;683;19203;11981;Call center;Promesa de pago
3192;1085292;2016-02-29 00:00:00;1;NEW YORK;49;0;Pensionado;S;N;6000;424,5;870;4;536;545;686;811;22071;11437;Correo;No contactado
3193;1064302;2017-11-14 00:00:00;0;NEW YORK;46;3.833333333;Pensionado;S;N;7500;1028,875;2140,3;4;814;605;607;637;25074;13814;Ninguno;No aplica
3194;1044872;2018-09-27 00:00:00;0;545454;43;3.583333333;independiente;S;N;6250;533;1417;0;669;704;680;645;7307;6315;Ninguno;No aplica
3195;1011382;2014-10-19 00:00:00;1;NEW ENGALND;54;0;independiente;S;S;3200;3881;4133,5;2;423;573;601;847;12133;7278;Call center;Promesa de pago
3196;1027409;2019-02-26 00:00:00;1;NEW YORK;25;0;Empleado;S;S;12000;500;1500;0;406;674;664;766;16205;11111;Call center;Promesa de pago
3197;1031053;2015-02-15 00:00:00;1;NEW YORK;20;0;independiente;N;S;3750;280;667;1;536;559;586;870;27893;20943;Call center;Promesa de pago
3198;1081692;2018-08-19 00:00:00;0;ATLANTHIC SOUTH;36;3;Pensionado;S;S;9000;250;850;1;606;630;756;783;10906;9409;Ninguno;No aplica
3199;1053001;2018-08-01 00:00:00;1;NEW YORK;36;3;independiente;S;S;10625;650;1700;4;481;634;540;640;7591;4225;Correo;No contactado
3200;1074007;2014-03-12 00:00:00;1;ATLANTHIC SOUTH;52;3;Empleado;S;S;10200;16950;27400;0;522;636;736;809;20149;14168;Correo;No contactado
3201;1041634;2019-06-21 00:00:00;1;ATLANTHIC SOUTH;46;0;Empleado;S;S;6000;11620;13440;0;509;590;653;857;17150;12735;SMS;Pago parcial
3202;1033060;2016-07-24 00:00:00;0;ATLANTHIC SOUTH;47;3.916666667;independiente;N;S;1250;640;1130;0;721;721;616;808;12183;9386;Ninguno;No aplica
3203;1056248;2014-08-29 00:00:00;0;ATLANTHIC SOUTH;47;3.916666667;Empleado;N;S;5000;640;1130;4;711;678;662;759;26632;24213;Ninguno;No aplica
3204;1078265;2014-09-15 00:00:00;0;ATLANTHIC SOUTH;54;4.5;Pensionado;S;N;6250;200;1000;2;764;694;701;757;15102;8847;Ninguno;No aplica
3205;1084158;2017-06-30 00:00:00;1;CHICAGO;61;5.083333333;Empleado;S;S;5000;490;980;2;452;650;746;693;26492;23947;Correo;No contactado
3206;1077221;2016-05-07 00:00:00;0;NEW YORK;48;4;Pensionado;S;S;9600;310;1020;0;666;718;672;595;24988;21151;Ninguno;No aplica
3207;1082393;2016-11-17 00:00:00;0;NEW YORK;58;4.833333333;independiente;S;S;8000;440;1800;0;661;670;588;638;22053;17156;Ninguno;No aplica
3208;1092960;2016-03-17 00:00:00;0;NEW YORK;27;2.25;Pensionado;S;N;3800;5000;11640;1;742;761;654;520;25748;21880;Ninguno;No aplica
3209;1053430;2014-11-19 00:00:00;1;545454;36;3;Pensionado;S;S;12000;350;2000;2;545;438;777;841;28713;20272;Whatsapp;Sin gestión
3210;1081834;2014-10-27 00:00:00;1;NEW ENGALND;63;20;Empleado;S;S;7500;12499;17756;2;523;703;744;695;6283;3576;Call center;Promesa de pago
3211;1098157;2017-11-22 00:00:00;0;NEW YORK;64;5.333333333;Empleado;S;S;7500;340;1700;2;759;578;714;786;5923;4933;Ninguno;No aplica
3212;1086336;2014-11-07 00:00:00;0;ATLANTHIC SOUTH;49;0;independiente;N;S;5423;773;1300;0;641;642;706;559;6125;4669;Ninguno;No aplica
3213;1034575;2015-04-26 00:00:00;0;NEW YORK;21;1.75;independiente;S;S;3750;220;800;3;783;678;699;767;6529;5352;Ninguno;No aplica
3214;1028123;2015-04-19 00:00:00;1;NEW YORK;56;0;Pensionado;S;S;8750;468,5;1519;0;576;571;731;675;13438;8990;SMS;Pago parcial
3215;1069795;2014-12-21 00:00:00;1;CHICAGO;49;0;Empleado;S;S;1800;540;1100;0;537;640;618;604;25095;23926;Correo;No contactado
3216;1094932;2017-03-22 00:00:00;1;ATLANTHIC SOUTH;24;2;Empleado;S;S;10000;1700;3450;0;589;517;555;866;21154;16790;Call center;Promesa de pago
3217;1041280;2017-04-02 00:00:00;0;NEW YORK;30;30;Pensionado;S;N;9600;18210;33174;3;617;696;655;770;13004;7057;Ninguno;No aplica
3218;1058408;2014-10-09 00:00:00;1;NEW YORK;24;20;Empleado;N;N;6500;4140;9840;2;474;545;593;739;14752;10694;Correo;No contactado
3219;1029111;2018-02-08 00:00:00;0;NEW YORK;53;0;Pensionado;N;N;2135;355;750;2;663;698;576;673;27658;24289;Ninguno;No aplica
3220;1056480;2014-07-09 00:00:00;0;NEW YORK;35;2.916666667;independiente;S;N;9375;500;1200;0;736;676;600;710;15592;13987;Ninguno;No aplica
3221;1036823;2014-11-27 00:00:00;1;ATLANTHIC SOUTH;33;10;Pensionado;S;S;16768;8365;14203;2;447;586;824;738;8864;6624;SMS;Pago parcial
3222;1054806;2016-01-14 00:00:00;0;NEW YORK;46;0;Pensionado;S;S;3015;458;650;1;738;647;660;599;29217;27679;Ninguno;No aplica
3223;1099403;2017-06-06 00:00:00;1;NEW YORK;30;10;Empleado;N;N;6400;6580;8133;0;569;549;675;683;28172;17856;Correo;No contactado
3224;1099463;2016-10-31 00:00:00;0;NEW YORK;39;3.25;independiente;S;S;5375;240;930;0;735;697;564;846;5226;3686;Ninguno;No aplica
3225;1086564;2015-07-23 00:00:00;0;NEW YORK;22;0;Pensionado;S;S;3800;180;520;2;714;737;521;910;20036;19020;Ninguno;No aplica
3226;1034749;2017-10-07 00:00:00;1;NEW YORK;49;5;independiente;S;N;5000;1736;5250;0;451;544;593;861;16739;15871;Correo;No contactado
3227;1043567;2015-08-18 00:00:00;1;NEW YORK;54;0;Empleado;S;S;8125;370;600;0;458;528;751;763;21648;18246;Call center;Promesa de pago
3228;1055127;2016-04-09 00:00:00;0;NEW ENGALND;39;3.25;Pensionado;S;S;2000;600;1200;0;762;717;673;640;14587;13558;Ninguno;No aplica
3229;1057120;2018-11-13 00:00:00;1;ATLANTHIC SOUTH;28;0.75;independiente;S;S;14000;9068;14080;0;539;578;692;648;16749;9118;Whatsapp;Sin gestión
3230;1011602;2019-01-09 00:00:00;0;ATLANTHIC SOUTH;51;0;independiente;N;N;5600;11180;30030;0;698;730;702;604;5645;5264;Ninguno;No aplica
3231;1085671;2014-05-17 00:00:00;1;NEW YORK;32;5;independiente;N;N;10000;11540;17100;3;479;526;609;670;21299;14064;Correo;No contactado
3232;1021667;2017-01-07 00:00:00;0;ATLANTHIC SOUTH;65;5.416666667;Empleado;S;S;5000;420;950;3;599;573;747;864;28928;17043;Ninguno;No aplica
3233;1094933;2017-05-11 00:00:00;1;NEW YORK;21;1.75;Empleado;N;S;6800;823;1290;3;446;548;606;883;26953;16702;SMS;Pago parcial
3234;1079163;2018-07-21 00:00:00;1;545454;62;5.166666667;independiente;S;S;4000;270;1000;0;596;534;748;787;24374;17281;Correo;No contactado
3235;1055864;2016-04-03 00:00:00;1;NEW YORK;33;2.75;Pensionado;N;S;4815;300;500;0;436;575;681;634;18675;11683;Correo;No contactado
3236;1096392;2016-06-22 00:00:00;1;ATLANTHIC SOUTH;46;0;Pensionado;S;S;7500;3190;7340;1;509;542;525;800;23888;15773;Whatsapp;Sin gestión
3237;1017666;2018-03-08 00:00:00;0;ATLANTHIC SOUTH;50;4.166666667;independiente;S;S;6250;300;2650;0;750;724;598;649;15964;9059;Ninguno;No aplica
3238;1068097;2016-07-18 00:00:00;0;NEW YORK;32;2.666666667;Pensionado;S;S;2100;450;600;0;637;663;525;476;21087;13666;Ninguno;No aplica
3239;1018315;2018-09-18 00:00:00;0;NEW ENGALND;44;0;independiente;S;S;9600;200;950;3;709;689;731;696;18537;14573;Ninguno;No aplica
3240;1035772;2014-04-28 00:00:00;0;NEW YORK;48;0;independiente;N;S;4000;400;800;2;747;689;648;594;18269;13171;Ninguno;No aplica
3241;1090891;2017-07-23 00:00:00;0;NEW YORK;32;2.666666667;independiente;N;S;4400;805;1125;0;701;692;494;597;14346;9660;Ninguno;No aplica
3242;1052614;2016-07-20 00:00:00;1;NEW YORK;30;10;Pensionado;N;N;8768;11600;25900;0;643;579;676;697;5587;4879;Call center;Promesa de pago
3243;1027628;2016-09-28 00:00:00;0;NEW YORK;30;10;independiente;N;N;7000;11600;25900;4;617;711;612;625;17763;16817;Ninguno;No aplica
3244;1034859;2019-07-22 00:00:00;0;ATLANTHIC SOUTH;39;3.25;Pensionado;S;S;7500;493;1102;2;753;632;546;667;14177;12453;Ninguno;No aplica
3245;1025164;2018-10-06 00:00:00;0;545454;27;2.25;independiente;N;N;6500;180;2500;0;691;764;767;663;9079;6047;Ninguno;No aplica
3246;1006490;2015-09-07 00:00:00;0;NEW YORK;55;0;Pensionado;N;S;7015;420;1300;1;739;666;658;501;8348;7281;Ninguno;No aplica
3247;1094209;2019-04-25 00:00:00;1;545454;33;0;Pensionado;S;N;4000;370;1000;2;522;501;629;857;27683;15945;SMS;Pago parcial
3248;1065161;2018-11-01 00:00:00;1;NEW YORK;35;2.916666667;independiente;N;S;6000;500;1500;3;463;591;622;631;25215;14250;Call center;Promesa de pago
3249;1048284;2018-06-30 00:00:00;1;CHICAGO;53;4.416666667;independiente;N;S;6400;500;1500;2;511;529;544;634;29765;20026;Call center;Promesa de pago
3250;1034280;2018-02-16 00:00:00;0;NEW YORK;54;0;Empleado;N;S;2876;250;560;3;607;720;559;640;23099;20878;Ninguno;No aplica
3251;1029134;2016-10-16 00:00:00;0;NEW YORK;48;4;independiente;N;S;10625;950;1800;0;730;813;740;660;15785;9837;Ninguno;No aplica
3252;1003286;2019-01-19 00:00:00;0;NEW YORK;33;0;Empleado;S;S;10200;200;1090;0;715;633;617;801;17328;9212;Ninguno;No aplica
3253;1010287;2016-06-11 00:00:00;1;NEW YORK;53;0;independiente;N;S;5000;87;600;4;532;600;652;744;11450;6479;Call center;Promesa de pago
3254;1051301;2015-08-09 00:00:00;0;NEW YORK;60;5;Pensionado;N;S;5000;890;1150;3;753;575;507;721;18230;16942;Ninguno;No aplica
3255;1027824;2017-04-30 00:00:00;0;CHICAGO;42;0;Pensionado;S;N;3750;484,2;658,1;4;718;707;558;695;10433;8523;Ninguno;No aplica
3256;1045569;2016-05-12 00:00:00;1;NEW YORK;31;2.583333333;Empleado;S;S;10000;806;1266;0;507;527;693;741;6098;3821;Correo;No contactado
3257;1040182;2019-06-19 00:00:00;1;NEW YORK;30;2.5;Pensionado;S;S;11500;348;1130;0;456;543;676;748;12096;9406;Whatsapp;Sin gestión
3258;1066259;2015-06-02 00:00:00;0;NEW YORK;36;3;independiente;N;S;6875;470;1000;0;664;614;773;496;23710;18109;Ninguno;No aplica
3259;1080127;2017-05-30 00:00:00;0;ATLANTHIC SOUTH;30;0;Empleado;S;S;3125;450;800;1;759;724;744;648;16439;13607;Ninguno;No aplica
3260;1021818;2015-10-15 00:00:00;1;NEW YORK;39;0;Empleado;S;S;5400;220;750;2;572;640;634;825;14087;8686;Correo;No contactado
3261;1034541;2019-02-24 00:00:00;0;545454;60;0;independiente;S;S;10000;394;896;0;688;681;683;1025;21021;19596;Ninguno;No aplica
3262;1054183;2015-12-08 00:00:00;0;CHICAGO;63;0;independiente;S;N;6000;400;725;0;702;628;628;562;11416;7474;Ninguno;No aplica
3263;1093208;2020-02-20 00:00:00;1;NEW YORK;27;0;independiente;N;S;9500;400;700;0;455;675;794;758;11980;10148;SMS;Pago parcial
3264;1069244;2016-01-10 00:00:00;0;ATLANTHIC SOUTH;45;0;Empleado;N;S;6500;700;2500;3;759;635;730;619;28147;14300;Ninguno;No aplica
3265;1094314;2015-03-02 00:00:00;0;NEW YORK;38;0;independiente;S;S;5000;220;700;0;733;550;662;854;23058;15825;Ninguno;No aplica
3266;1038350;2016-04-19 00:00:00;0;NEW YORK;45;0;independiente;S;S;2500;260;790;0;797;708;664;548;16101;10882;Ninguno;No aplica
3267;1038368;2016-12-17 00:00:00;1;545454;43;0;Pensionado;N;S;8000;290;900;2;456;514;751;776;12950;9994;Whatsapp;Sin gestión
3268;1092004;2017-11-22 00:00:00;1;NEW YORK;31;0;Empleado;S;S;5640;180;600;2;481;639;691;593;14122;7575;Call center;Promesa de pago
3269;1047969;2018-09-09 00:00:00;1;CHICAGO;39;0;Empleado;S;N;9000;380;900;2;512;557;759;691;17576;15732;Whatsapp;Sin gestión
3270;1094181;2020-08-16 00:00:00;0;NEW YORK;41;0;independiente;N;S;5000;520;650;1;732;716;496;667;27433;16704;Ninguno;No aplica
3271;1099001;2019-11-23 00:00:00;1;NEW YORK;38;0;independiente;S;S;7500;432;1100;4;489;664;682;816;6089;5106;SMS;Pago parcial
3272;1035737;2019-04-03 00:00:00;0;545454;44;0;Empleado;S;S;3750;300;2000;2;656;607;614;573;9578;8636;Ninguno;No aplica
3273;1065571;2018-06-08 00:00:00;0;NEW YORK;21;0;Empleado;S;S;6400;829,291;1551,83;4;744;646;773;730;14127;11032;Ninguno;No aplica
3274;1017741;2018-05-22 00:00:00;0;NEW YORK;64;0;independiente;S;S;5625;490;1076,7;2;736;675;758;672;15487;13481;Ninguno;No aplica
3275;1019499;2019-12-25 00:00:00;1;NEW YORK;66;0;Empleado;N;S;5400;460;750;0;454;672;652;745;5155;4283;Correo;No contactado
3276;1054954;2015-05-26 00:00:00;1;NEW YORK;38;0;Pensionado;S;S;6250;283;890;2;568;540;757;806;6958;4716;Correo;No contactado
3277;1049105;2018-02-01 00:00:00;0;NEW YORK;31;0;Empleado;N;S;11900;450;1100;1;759;644;775;555;15693;14193;Ninguno;No aplica
3278;1082125;2020-03-07 00:00:00;0;NEW YORK;57;0;Pensionado;S;S;6250;660;1370;0;707;709;655;743;11344;7344;Ninguno;No aplica
3279;1063574;2019-10-14 00:00:00;0;545454;31;0;Empleado;S;S;6000;1440;1856;2;704;645;823;619;10779;8468;Ninguno;No aplica
3280;1076835;2019-10-14 00:00:00;1;NEW YORK;45;0;Empleado;S;S;7500;280;565;0;528;589;648;819;27528;24024;Call center;Promesa de pago
3281;1029323;2017-03-19 00:00:00;1;NEW YORK;61;0;Empleado;S;S;5000;803;1700;0;457;487;635;750;26447;18235;Correo;No contactado
3282;1022764;2018-05-02 00:00:00;0;CHICAGO;30;0;Empleado;S;S;5400;757;1700;0;702;813;711;651;8830;5752;Ninguno;No aplica
3283;1009359;2015-08-04 00:00:00;0;NEW YORK;26;0;Pensionado;N;S;5400;210;750;0;592;599;625;617;14046;10249;Ninguno;No aplica
3284;1006837;2020-01-18 00:00:00;1;ATLANTHIC SOUTH;32;0;Empleado;S;S;5600;550;1238,5;2;544;561;656;794;14794;13447;Correo;No contactado
3285;1015554;2016-04-18 00:00:00;0;NEW YORK;60;0;Pensionado;S;S;6250;510;2100;3;622;678;749;783;28043;27060;Ninguno;No aplica
3286;1064616;2019-09-21 00:00:00;1;NEW YORK;35;0;Empleado;S;S;6250;486;1075;3;575;695;651;672;5441;4203;SMS;Pago parcial
3287;1097130;2018-09-09 00:00:00;0;NEW YORK;36;0;Empleado;S;S;8800;394;1041;0;683;601;531;568;27424;22782;Ninguno;No aplica
3288;1006052;2017-12-27 00:00:00;0;CHICAGO;58;0;Pensionado;S;S;11000;600;1300;4;689;799;676;732;27309;25988;Ninguno;No aplica
3289;1070238;2018-01-02 00:00:00;0;CHICAGO;36;0;Pensionado;S;S;8800;340;760;0;669;725;601;540;19478;10699;Ninguno;No aplica
3290;1095461;2019-04-20 00:00:00;0;CHICAGO;68;0;Empleado;N;S;8900;650;1200;3;686;705;711;553;28742;17706;Ninguno;No aplica
3291;1064880;2017-09-19 00:00:00;1;NEW YORK;21;0;independiente;N;S;9000;380;1200;0;571;521;699;624;9628;8227;Whatsapp;Sin gestión
3292;1075781;2016-06-13 00:00:00;1;NEW YORK;66;0;Empleado;S;S;5700;480;1500;2;376;614;753;683;11370;10368;Correo;No contactado
3293;1079064;2017-01-26 00:00:00;0;NEW YORK;56;0;Pensionado;S;S;5000;190;600;1;764;637;714;550;14528;13489;Ninguno;No aplica
3294;1086813;2017-02-17 00:00:00;1;NEW YORK;45;0;independiente;S;S;6000;220;700;2;517;656;726;546;22332;15801;SMS;Pago parcial
3295;1042843;2017-08-11 00:00:00;0;NEW YORK;35;0;Pensionado;S;S;8000;360;1640;0;640;622;603;568;16565;9022;Ninguno;No aplica
3296;1085955;2016-06-20 00:00:00;0;ATLANTHIC SOUTH;42;0;independiente;S;N;8000;742;1300;0;646;673;706;728;13179;9474;Ninguno;No aplica
3297;1010375;2016-05-03 00:00:00;0;ATLANTHIC SOUTH;25;0;independiente;S;S;3750;1155;1850;4;784;647;788;556;21013;12931;Ninguno;No aplica
3298;1042803;2018-12-10 00:00:00;1;ATLANTHIC SOUTH;47;0;Empleado;S;S;7500;700;1500;1;453;521;602;689;27499;17753;SMS;Pago parcial
3299;1020094;2016-10-05 00:00:00;0;NEW YORK;31;0;Pensionado;S;S;6600;400;1120;0;642;724;776;845;21843;19356;Ninguno;No aplica
3300;1007427;2019-08-27 00:00:00;1;NEW YORK;32;0;Empleado;S;S;4500;540;1170;3;557;612;612;716;28952;15569;Call center;Promesa de pago
3301;1099249;2020-08-03 00:00:00;0;NEW YORK;49;0;Empleado;S;S;4250;346;1200;0;717;753;590;701;26030;23786;Ninguno;No aplica
3302;1072520;2015-10-19 00:00:00;0;NEW YORK;;0;Pensionado;S;S;8125;500;1050;0;653;573;671;585;5392;3849;Ninguno;No aplica
3303;1070673;2020-07-08 00:00:00;1;545454;28;0;independiente;S;S;10000;205;1500;4;511;644;700;915;17130;13670;SMS;Pago parcial
3304;1027116;2015-11-28 00:00:00;0;NEW YORK;28;0;independiente;S;S;11250;480;1100;2;649;830;714;621;23171;12624;Ninguno;No aplica
3305;1054660;2020-02-11 00:00:00;0;NEW YORK;42;0;independiente;S;S;7500;530;1320;2;755;653;583;649;28758;19230;Ninguno;No aplica
3306;1088123;2015-06-28 00:00:00;0;NEW YORK;59;0;independiente;S;S;7500;550;1070;0;753;794;680;789;15449;8417;Ninguno;No aplica
3307;1061482;2015-09-23 00:00:00;0;NEW YORK;32;0;Empleado;N;S;8100;450;700;4;727;664;602;654;22522;22089;Ninguno;No aplica
3308;1059649;2017-07-22 00:00:00;0;545454;44;0;independiente;S;N;10000;350;900;1;718;598;546;674;26125;23607;Ninguno;No aplica
3309;1059804;2016-06-30 00:00:00;0;545454;54;0;independiente;S;S;11565;300;1500;4;788;662;585;645;12418;9063;Ninguno;No aplica
3310;1029595;2015-08-25 00:00:00;1;ATLANTHIC SOUTH;30;0;Pensionado;N;S;13500;290;990;3;500;643;597;695;27746;16975;Call center;Promesa de pago
3311;1045672;2016-11-03 00:00:00;1;545454;32;0;Pensionado;S;S;9375;310;1350;0;441;530;687;753;7454;7206;Correo;No contactado
3312;1030958;2018-01-11 00:00:00;0;NEW YORK;51;0;independiente;S;S;3750;300;866,666;0;722;644;731;720;25058;16846;Ninguno;No aplica
3313;1017913;2020-02-04 00:00:00;0;NEW ENGALND;65;0;independiente;N;S;9000;383;1455;0;804;716;547;612;22761;13213;Ninguno;No aplica
3314;1000756;2020-02-15 00:00:00;1;ATLANTHIC SOUTH;45;0;Empleado;S;S;7500;300;1000;1;449;580;675;651;20223;15806;Call center;Promesa de pago
3315;1093481;2020-03-06 00:00:00;1;CHICAGO;28;0;Pensionado;N;S;10800;1899,083;2471;4;482;615;568;665;11701;11372;SMS;Pago parcial
3316;1091239;2015-09-03 00:00:00;0;ATLANTHIC SOUTH;59;0;independiente;S;S;5000;390;1200;0;721;694;694;544;7597;3813;Ninguno;No aplica
3317;1030111;2016-09-30 00:00:00;0;545454;38;0;Pensionado;S;S;5000;210;1800;4;697;709;606;527;5141;3183;Ninguno;No aplica
3318;1041959;2016-07-03 00:00:00;0;NEW YORK;53;0;Pensionado;S;S;9800;630;1300;0;651;654;576;697;7659;7423;Ninguno;No aplica
3319;1070956;2017-09-25 00:00:00;0;NEW YORK;48;0;Empleado;N;S;8000;580;1350;4;756;694;706;754;25980;15212;Ninguno;No aplica
3320;1022023;2018-11-26 00:00:00;0;545454;60;0;Pensionado;S;S;6300;800;1800;0;816;624;609;748;14031;7810;Ninguno;No aplica
3321;1059858;2015-10-18 00:00:00;1;ATLANTHIC SOUTH;49;0;Pensionado;S;S;3750;350;1500;3;510;657;628;506;20037;15731;Whatsapp;Sin gestión
3322;1049940;2019-03-16 00:00:00;1;NEW YORK;54;0;independiente;S;S;10500;350;1450;4;455;542;495;698;18970;17660;Whatsapp;Sin gestión
3323;1020309;2015-04-28 00:00:00;0;NEW YORK;27;0;Empleado;S;N;6400;600;1200;3;623;748;716;571;10661;7874;Ninguno;No aplica
3324;1097244;2020-07-28 00:00:00;0;NEW YORK;28;0;independiente;N;S;12000;440;1000;0;713;666;707;683;11142;11112;Ninguno;No aplica
3325;1060206;2017-06-22 00:00:00;1;ATLANTHIC SOUTH;47;0;Empleado;S;S;9250;580;1400;0;555;592;650;682;17109;14364;Correo;No contactado
3326;1036461;2020-02-11 00:00:00;0;NEW YORK;32;0;Pensionado;S;N;9000;300;800;1;724;650;543;723;27010;14505;Ninguno;No aplica
3327;1003800;2016-10-28 00:00:00;0;NEW YORK;37;0;independiente;S;S;10625;250;700;0;700;619;735;668;13787;13738;Ninguno;No aplica
3328;1063434;2015-04-29 00:00:00;1;NEW YORK;37;0;Pensionado;S;S;6250;312;700;0;471;475;603;549;15096;10627;Correo;No contactado
3329;1080041;2018-04-25 00:00:00;1;NEW YORK;48;0;Empleado;S;S;3750;200;700;4;445;517;618;633;13472;8672;Whatsapp;Sin gestión
3330;1033914;2015-12-05 00:00:00;1;NEW YORK;66;0;Pensionado;S;S;10000;1064;1253;4;542;561;812;721;21807;16986;Call center;Promesa de pago
3331;1077341;2016-09-27 00:00:00;1;NEW YORK;47;0;independiente;S;S;6250;400;950;3;546;593;601;728;28383;18510;Correo;No contactado
3332;1033771;2017-05-22 00:00:00;0;ATLANTHIC SOUTH;39;0;independiente;S;S;3800;570;1200;0;623;741;702;543;9249;5024;Ninguno;No aplica
3333;1074312;2017-05-12 00:00:00;0;NEW YORK;25;0;independiente;S;N;8500;270;850;0;779;653;689;532;19949;9989;Ninguno;No aplica
3334;1075684;2019-02-17 00:00:00;1;NEW YORK;65;0;Pensionado;S;S;5625;250;800;2;529;527;677;725;6750;4892;SMS;Pago parcial
3335;1098518;2020-05-10 00:00:00;0;ATLANTHIC SOUTH;37;0;independiente;S;N;12250;530;1400;1;770;593;670;544;26141;24009;Ninguno;No aplica
3336;1003169;2018-07-03 00:00:00;0;NEW ENGALND;72;0;Empleado;S;S;8000;414;1024;0;633;709;676;520;23351;18358;Ninguno;No aplica
3337;1083965;2016-12-18 00:00:00;1;NEW YORK;41;0;Empleado;S;S;11250;630;1170;2;432;663;669;680;9088;9084;Correo;No contactado
3338;1038041;2015-04-04 00:00:00;0;NEW YORK;32;0;independiente;N;S;12375;820;1369;1;693;756;646;626;25562;16447;Ninguno;No aplica
3339;1085725;2016-09-27 00:00:00;0;NEW YORK;66;0;independiente;S;S;12500;700;1500;0;725;723;756;591;29173;18677;Ninguno;No aplica
3340;1081953;2018-07-12 00:00:00;1;ATLANTHIC SOUTH;44;0;independiente;N;S;7500;400;1430;3;590;618;558;657;20282;11761;Call center;Promesa de pago
3341;1007399;2018-08-02 00:00:00;1;CHICAGO;59;0;Empleado;S;N;1000;420,833;533,17;0;535;682;722;721;24330;14161;Correo;No contactado
3342;1079562;2016-06-29 00:00:00;0;545454;45;0;Empleado;S;N;5000;700;1500;0;688;700;708;605;14641;9408;Ninguno;No aplica
3343;1065455;2016-12-11 00:00:00;0;NEW YORK;46;0;Pensionado;S;S;8750;365;1400;1;649;719;699;676;26778;24004;Ninguno;No aplica
3344;1080239;2016-04-26 00:00:00;1;545454;30;0;Empleado;S;S;7500;270;1250;4;562;561;728;686;29264;27885;SMS;Pago parcial
3345;1075042;2015-06-01 00:00:00;0;ATLANTHIC SOUTH;53;0;Pensionado;N;S;16000;370;1500;4;652;598;644;685;10075;9950;Ninguno;No aplica
3346;1083576;2015-12-30 00:00:00;1;545454;53;0;Pensionado;S;S;10000;572;1700;0;581;539;519;799;15412;9496;SMS;Pago parcial
3347;1056938;2018-01-04 00:00:00;1;NEW YORK;49;0;Pensionado;S;S;7500;530;1200;0;486;579;645;796;20686;19458;SMS;Pago parcial
3348;1006644;2015-06-22 00:00:00;1;545454;41;0;independiente;S;S;12000;300;1200;0;580;584;581;836;12230;8122;Call center;Promesa de pago
3349;1041082;2020-08-17 00:00:00;1;NEW YORK;36;0;independiente;S;N;10800;370;720;3;534;696;599;795;20432;11369;Call center;Promesa de pago
3350;1075800;2015-05-29 00:00:00;0;CHICAGO;50;0;Empleado;S;S;7200;566,6;808;0;693;685;563;691;16002;14962;Ninguno;No aplica
3351;1050014;2017-02-04 00:00:00;1;ATLANTHIC SOUTH;45;0;independiente;S;S;2500;395;950;0;474;651;617;681;18947;15500;SMS;Pago parcial
3352;1006339;2016-03-23 00:00:00;0;ATLANTHIC SOUTH;38;0;independiente;S;S;12000;450;1350;2;683;654;608;635;18686;10882;Ninguno;No aplica
3353;1009201;2020-07-15 00:00:00;0;ATLANTHIC SOUTH;64;0;Pensionado;S;N;7200;100;1032;2;721;661;484;591;22915;16382;Ninguno;No aplica
3354;1018491;2020-08-07 00:00:00;1;NEW YORK;45;0;Pensionado;S;N;12600;400;800;0;504;500;699;720;18074;11633;SMS;Pago parcial
3355;1070082;2017-10-29 00:00:00;1;ATLANTHIC SOUTH;53;0;Empleado;N;S;6500;200;1000;0;470;535;805;783;24374;21166;Call center;Promesa de pago
3356;1065953;2019-06-30 00:00:00;1;NEW YORK;46;0;independiente;N;N;8500;370;700;2;492;612;692;655;28539;20740;Call center;Promesa de pago
3357;1006532;2016-01-08 00:00:00;1;NEW ENGALND;27;0;independiente;S;S;10800;450;1760;3;504;580;636;717;9493;9442;Call center;Promesa de pago
3358;1017664;2016-11-23 00:00:00;1;545454;63;0;independiente;S;S;3200;680;2300;3;394;637;646;659;22317;11769;Whatsapp;Sin gestión
3359;1022048;2019-10-24 00:00:00;0;NEW YORK;30;0;independiente;S;S;5000;440;1000;0;723;691;621;689;6460;4377;Ninguno;No aplica
3360;1050146;2019-03-22 00:00:00;0;NEW YORK;46;0;Empleado;S;N;8750;200;600;0;651;659;656;621;19140;14182;Ninguno;No aplica
3361;1065658;2020-06-24 00:00:00;1;NEW YORK;44;0;Pensionado;S;S;6375;198;600;0;442;709;647;653;24107;18118;Call center;Promesa de pago
3362;1079702;2019-03-08 00:00:00;0;545454;37;0;Pensionado;S;S;6750;330;400;0;616;674;591;609;15704;10333;Ninguno;No aplica
3363;1029856;2016-05-02 00:00:00;1;NEW YORK;44;0;Pensionado;N;N;6250;450;1000;4;410;650;768;765;21669;18735;SMS;Pago parcial
3364;1018868;2019-05-02 00:00:00;0;NEW YORK;67;0;independiente;S;S;5000;515;1300;0;632;656;546;661;21648;20292;Ninguno;No aplica
3365;1028821;2019-10-10 00:00:00;0;NEW YORK;60;0;independiente;S;S;4800;1004;1385;4;665;723;700;631;11816;11454;Ninguno;No aplica
3366;1063193;2018-01-17 00:00:00;0;CHICAGO;57;0;Empleado;S;S;6250;850;1300;0;798;736;643;694;16639;15017;Ninguno;No aplica
3367;1080240;2016-05-18 00:00:00;0;CHICAGO;31;0;independiente;S;S;7500;1000;2000;0;674;693;783;633;19424;17973;Ninguno;No aplica
3368;1031586;2019-06-12 00:00:00;0;ATLANTHIC SOUTH;51;0;independiente;N;S;5000;450;900;1;709;539;674;771;18965;14703;Ninguno;No aplica
3369;1012208;2017-06-09 00:00:00;1;ATLANTHIC SOUTH;68;0;Empleado;S;S;8750;364;1800;4;520;581;625;632;23146;21131;Whatsapp;Sin gestión
3370;1074192;2019-01-06 00:00:00;1;NEW YORK;48;0;Empleado;S;S;12500;500;1500;2;507;654;633;703;16240;10584;Call center;Promesa de pago
3371;1064802;2016-03-04 00:00:00;1;NEW YORK;22;0;independiente;S;S;8500;200;900;0;496;612;653;594;5040;3524;SMS;Pago parcial
3372;1099167;2018-07-25 00:00:00;0;NEW YORK;53;0;Empleado;S;S;5000;300;600;4;640;707;570;639;10827;7129;Ninguno;No aplica
3373;1096865;2020-08-20 00:00:00;0;NEW ENGALND;58;15;independiente;S;S;14000;18320;42800;1;773;577;596;519;13259;9728;Ninguno;No aplica
3374;1099457;2017-02-04 00:00:00;0;CHICAGO;49;0;independiente;S;S;7500;610;1200;3;790;637;525;737;22371;14380;Ninguno;No aplica
3375;1062129;2019-03-07 00:00:00;0;NEW ENGALND;41;0;independiente;S;S;6300;490;1800;0;616;705;585;739;19849;19468;Ninguno;No aplica
3376;1045421;2017-11-04 00:00:00;1;CHICAGO;27;0;Pensionado;N;S;6750;370;2200;1;449;605;657;791;21232;13937;Correo;No contactado
3377;1044316;2015-10-30 00:00:00;1;CHICAGO;67;0;independiente;S;S;10000;500;1090;4;486;653;671;723;12804;7030;Whatsapp;Sin gestión
3378;1068585;2017-11-25 00:00:00;0;545454;23;0;independiente;S;S;10000;691,4;1667;0;652;671;511;591;29173;22271;Ninguno;No aplica
3379;1041543;2016-02-27 00:00:00;0;NEW YORK;42;0;Pensionado;N;S;3750;350;900;0;725;704;640;598;27101;14324;Ninguno;No aplica
3380;1068908;2018-07-25 00:00:00;1;CHICAGO;40;0;independiente;N;S;11250;300;800;0;464;581;689;858;24582;13650;SMS;Pago parcial
3381;1063826;2015-06-02 00:00:00;0;CHICAGO;44;0;independiente;S;S;9625;500;1000;3;808;621;639;799;10374;6325;Ninguno;No aplica
3382;1050270;2017-09-11 00:00:00;0;NEW YORK;65;0;independiente;S;N;5400;300;900;0;760;545;606;681;26174;19164;Ninguno;No aplica
3383;1018804;2019-05-28 00:00:00;1;NEW YORK;66;0;independiente;N;N;8750;400;1000;3;511;606;621;674;28567;20472;Correo;No contactado
3384;1051933;2020-08-27 00:00:00;1;CHICAGO;27;0;Empleado;N;N;11250;250;1200;3;551;590;612;843;7524;6770;SMS;Pago parcial
3385;1006895;2018-03-03 00:00:00;1;NEW ENGALND;43;30;Pensionado;S;S;12500;34637;62239;4;555;543;605;657;14277;12417;Call center;Promesa de pago
3386;1067996;2015-10-18 00:00:00;1;NEW ENGALND;38;23;Empleado;S;N;14400;26213;56400;1;472;483;662;741;23863;17018;Call center;Promesa de pago
3387;1065176;2015-03-29 00:00:00;1;545454;31;0;Empleado;S;S;12000;290;950;0;459;618;812;842;14885;9926;Correo;No contactado
3388;1099809;2015-08-02 00:00:00;1;545454;43;0;independiente;S;S;6250;330;350;0;504;564;598;645;26538;17468;Call center;Promesa de pago
3389;1023560;2019-02-09 00:00:00;1;CHICAGO;21;0;Pensionado;S;N;5000;500;1000;3;543;613;628;795;5778;5125;SMS;Pago parcial
3390;1092362;2020-07-25 00:00:00;0;ATLANTHIC SOUTH;50;0;Pensionado;S;S;6500;250;1200;1;707;792;646;717;6492;3415;Ninguno;No aplica
3391;1043716;2015-09-03 00:00:00;1;CHICAGO;46;0;independiente;N;S;7000;780;1300;1;421;452;602;716;22044;11163;Correo;No contactado
3392;1006355;2017-10-09 00:00:00;0;CHICAGO;66;0;independiente;N;N;10000;525;1000;3;660;638;727;581;22732;20408;Ninguno;No aplica
3393;1058634;2020-08-18 00:00:00;0;NEW YORK;53;0;independiente;S;S;2500;300;600;0;696;667;484;605;18615;13749;Ninguno;No aplica
3394;1072769;2015-11-09 00:00:00;0;ATLANTHIC SOUTH;42;10;Pensionado;N;S;12500;13200;21600;0;696;767;613;696;17132;9687;Ninguno;No aplica
3395;1047813;2018-07-16 00:00:00;1;NEW YORK;41;0;independiente;S;S;13500;600;2000;0;599;482;707;592;15178;9377;SMS;Pago parcial
3396;1022085;2018-05-13 00:00:00;0;545454;41;0;Pensionado;S;S;5625;510;1600;1;631;796;629;682;12851;12417;Ninguno;No aplica
3397;1013637;2020-02-29 00:00:00;1;NEW YORK;62;0;Empleado;S;S;5000;375;1200;1;525;588;593;769;21288;19793;SMS;Pago parcial
3398;1025450;2017-05-16 00:00:00;0;ATLANTHIC SOUTH;29;0;independiente;S;S;7500;500;1000;4;774;674;681;759;12156;10392;Ninguno;No aplica
3399;1039662;2017-07-17 00:00:00;1;CHICAGO;58;30;independiente;S;S;12800;2670;7800;1;614;568;713;594;7044;5220;SMS;Pago parcial
3400;1085125;2020-05-18 00:00:00;0;545454;23;5;independiente;S;S;10000;1400;4500;2;680;654;665;788;12368;9402;Ninguno;No aplica
3401;1020654;2018-08-15 00:00:00;1;ATLANTHIC SOUTH;60;47;independiente;S;S;6250;7644;18280;1;525;643;594;873;24900;24592;Call center;Promesa de pago
3402;1075063;2016-04-01 00:00:00;0;545454;44;8;independiente;S;N;22000;3500;16800;3;728;616;682;707;18635;18316;Ninguno;No aplica
3403;1093010;2017-02-18 00:00:00;0;ATLANTHIC SOUTH;32;0;independiente;S;N;10000;7074;9261;4;710;701;622;577;14168;8609;Ninguno;No aplica
3404;1093750;2016-11-21 00:00:00;1;ATLANTHIC SOUTH;37;0;Empleado;S;N;6000;4640;8800;0;495;557;702;690;25961;23509;Call center;Promesa de pago
3405;1037204;2014-10-19 00:00:00;1;ATLANTHIC SOUTH;38;0;independiente;S;N;7778;7830;16650;1;522;534;754;716;22111;13236;SMS;Pago parcial
3406;1076818;2018-06-20 00:00:00;0;ATLANTHIC SOUTH;31;0;independiente;S;N;9000;3856;9280;0;573;835;468;694;16328;9907;Ninguno;No aplica
3407;1006045;2018-05-24 00:00:00;1;ATLANTHIC SOUTH;23;0;Pensionado;N;N;10000;1800;2880;0;534;605;658;722;18319;15352;Whatsapp;Sin gestión
3408;1030459;2018-05-16 00:00:00;1;ATLANTHIC SOUTH;30;0;Pensionado;N;N;11000;4500;9216;3;506;617;528;745;28852;20269;SMS;Pago parcial
3409;1079901;2014-04-19 00:00:00;1;NEW YORK;57;37;Pensionado;S;S;3900;7332;13980;0;489;648;821;712;5342;5159;SMS;Pago parcial
3410;1011348;2016-09-17 00:00:00;1;NEW YORK;48;20;independiente;S;N;4050;6500;11380;4;602;495;617;744;6447;3510;Correo;No contactado
3411;1049712;2015-07-23 00:00:00;1;NEW YORK;37;0;Pensionado;S;S;4800;300;600;1;466;685;702;679;11581;8752;SMS;Pago parcial
3412;1012968;2015-08-16 00:00:00;1;NEW YORK;39;20;Pensionado;S;N;7500;7100;13500;0;480;429;648;690;16851;16165;Call center;Promesa de pago
3413;1094780;2015-11-18 00:00:00;0;NEW YORK;56;0;independiente;S;S;8125;582;700;2;800;634;594;618;11317;10774;Ninguno;No aplica
3414;1037615;2018-09-03 00:00:00;0;NEW YORK;56;25;Empleado;S;S;7000;11760;30340;0;658;652;585;843;21910;12670;Ninguno;No aplica
3415;1079829;2018-07-28 00:00:00;1;NEW YORK;41;0;Pensionado;S;N;3200;458;680;0;472;615;761;852;15088;10310;Correo;No contactado
3416;1059135;2018-11-11 00:00:00;1;NEW YORK;33;0;Pensionado;N;S;6810;350;1050;0;493;593;717;770;17946;14528;Whatsapp;Sin gestión
3417;1011867;2019-05-11 00:00:00;0;545454;30;0;independiente;S;S;7500;1070;1800;3;742;670;786;789;28132;16308;Ninguno;No aplica
3418;1097727;2019-07-31 00:00:00;1;NEW YORK;50;35;Pensionado;S;N;5000;6600;13800;2;510;579;654;792;21789;21441;Correo;No contactado
3419;1095539;2018-06-15 00:00:00;1;NEW ENGALND;56;0;Empleado;N;S;8000;19984;71644;1;435;521;670;736;19567;18733;Whatsapp;Sin gestión
3420;1018876;2018-05-23 00:00:00;1;545454;42;0;Empleado;S;S;11500;250;1213;0;473;490;631;584;19868;11592;Correo;No contactado
3421;1095750;2019-08-09 00:00:00;0;NEW YORK;58;0;Empleado;S;S;8750;300;800;0;670;724;630;646;29370;16464;Ninguno;No aplica
3422;1065400;2018-10-14 00:00:00;0;NEW ENGALND;49;0;independiente;S;S;10000;684,853;1868;1;696;722;577;640;14765;8013;Ninguno;No aplica
3423;1049316;2015-06-08 00:00:00;1;NEW ENGALND;61;0;independiente;S;N;3750;500;1000;0;521;675;656;618;25124;23986;Correo;No contactado
3424;1084794;2014-06-16 00:00:00;1;NEW YORK;35;2.916666667;independiente;S;N;8500;380;800;1;521;533;595;586;17466;10424;Whatsapp;Sin gestión
3425;1023203;2017-08-15 00:00:00;0;545454;38;3.166666667;Pensionado;N;N;6000;310;500;0;611;722;681;714;23230;16450;Ninguno;No aplica
3426;1052091;2019-02-18 00:00:00;1;545454;60;5;Pensionado;N;S;8000;400;1000;0;553;563;662;749;22862;16562;Call center;Promesa de pago
3427;1000806;2014-06-17 00:00:00;0;NEW YORK;59;0;Pensionado;N;N;6000;330;900;2;713;751;670;565;15587;12462;Ninguno;No aplica
3428;1075775;2015-01-04 00:00:00;1;545454;52;0;Pensionado;S;S;5400;1571;2008;0;569;641;767;653;5771;3092;Call center;Promesa de pago
3429;1087680;2019-03-24 00:00:00;1;NEW YORK;52;0;Pensionado;S;S;2500;252,5;650;0;522;593;647;825;26909;16505;Call center;Promesa de pago
3430;1087305;2016-12-15 00:00:00;0;545454;55;4.583333333;Empleado;S;N;7000;200;1200;3;755;660;703;591;21300;20570;Ninguno;No aplica
3431;1072068;2019-08-31 00:00:00;1;NEW YORK;59;0;independiente;S;N;6250;260;800;2;523;638;794;735;13770;13139;Correo;No contactado
3432;1074808;2018-07-30 00:00:00;0;ATLANTHIC SOUTH;54;0;independiente;S;S;3200;566;1211;0;767;719;741;653;16093;14333;Ninguno;No aplica
3433;1048518;2018-03-02 00:00:00;0;NEW YORK;61;0;independiente;S;S;8750;284,833;750;1;726;639;731;716;18803;9584;Ninguno;No aplica
3434;1085698;2019-01-19 00:00:00;1;545454;45;3.75;Empleado;N;N;4000;213;600;0;495;500;629;643;5193;3446;SMS;Pago parcial
3435;1008525;2017-04-20 00:00:00;0;545454;28;2.333333333;independiente;N;N;6000;720;1600;0;814;663;666;678;7007;5704;Ninguno;No aplica
3436;1017441;2016-05-01 00:00:00;1;NEW YORK;40;0;Empleado;S;S;11500;465;1520;4;544;671;558;735;22569;14390;Correo;No contactado
3437;1040414;2014-09-05 00:00:00;0;ATLANTHIC SOUTH;45;0;independiente;S;S;3250;783,333;1246,667;3;729;749;685;691;23778;22703;Ninguno;No aplica
3438;1041041;2015-04-04 00:00:00;0;NEW YORK;45;0;Empleado;S;S;3600;200;708;3;636;613;669;677;16190;13226;Ninguno;No aplica
3439;1096045;2018-01-07 00:00:00;0;NEW YORK;54;0;independiente;S;S;6637;500;1200;0;636;610;652;701;14984;8031;Ninguno;No aplica
3440;1020217;2015-02-18 00:00:00;0;NEW ENGALND;41;0;independiente;N;N;7500;1850;2600;2;715;756;722;867;14302;13651;Ninguno;No aplica
3441;1098579;2018-02-07 00:00:00;0;NEW YORK;74;0;independiente;S;S;8750;256,25;750;4;707;612;565;901;25389;24853;Ninguno;No aplica
3442;1012084;2019-05-30 00:00:00;0;545454;34;0;independiente;S;S;7000;410;1400;4;669;711;764;612;12429;6697;Ninguno;No aplica
3443;1053411;2018-03-26 00:00:00;0;NEW YORK;28;2.333333333;Pensionado;N;S;10625;450;1750;0;707;643;713;461;7261;5563;Ninguno;No aplica
3444;1058318;2014-05-04 00:00:00;1;NEW YORK;51;0;Pensionado;S;N;7000;780;1500;2;579;677;645;774;25120;16370;SMS;Pago parcial
3445;1052334;2017-08-11 00:00:00;0;NEW ENGALND;64;0;independiente;S;S;3000;270;950;1;735;634;640;687;11716;8159;Ninguno;No aplica
3446;1095886;2014-08-01 00:00:00;0;NEW YORK;24;0;Empleado;N;S;2400;500;1000;0;643;749;684;765;26259;15488;Ninguno;No aplica
3447;1069724;2017-11-13 00:00:00;0;NEW YORK;35;0;Empleado;S;S;4500;170;420;0;694;691;756;696;13921;10984;Ninguno;No aplica
3448;1009493;2014-06-20 00:00:00;0;ATLANTHIC SOUTH;62;50;Empleado;N;S;13125;3248;9100;3;660;695;657;675;9378;9181;Ninguno;No aplica
3449;1066737;2015-03-27 00:00:00;0;NEW YORK;51;0;Pensionado;S;S;4400;655;880;2;681;562;660;772;12815;9631;Ninguno;No aplica
3450;1014525;2018-07-08 00:00:00;0;NEW ENGALND;48;30;Pensionado;S;S;1800;10673;12464;2;679;548;651;784;18778;10167;Ninguno;No aplica
3451;1078625;2016-02-02 00:00:00;1;NEW YORK;56;0;independiente;S;S;5625;710;1000;0;476;567;775;595;24835;20116;SMS;Pago parcial
3452;1070154;2015-03-10 00:00:00;0;NEW YORK;40;0;Pensionado;S;S;3125;370;700;0;637;695;624;597;29000;19433;Ninguno;No aplica
3453;1029187;2015-12-06 00:00:00;0;NEW YORK;68;0;independiente;S;N;10400;550;1200;2;694;612;648;660;17728;16451;Ninguno;No aplica
3454;1000865;2016-03-18 00:00:00;1;NEW YORK;29;2.416666667;Pensionado;N;N;3000;120;400;4;472;515;752;729;15332;10998;Call center;Promesa de pago
3455;1041591;2014-04-14 00:00:00;0;545454;46;0;Empleado;S;S;1800;250;779,166;1;554;714;660;650;14836;8848;Ninguno;No aplica
3456;1013460;2019-10-03 00:00:00;1;NEW YORK;27;0;Pensionado;S;S;10000;300;600;1;603;614;730;759;7800;4645;SMS;Pago parcial
3457;1047551;2016-08-14 00:00:00;1;CHICAGO;60;5;Empleado;S;N;9600;450;1200;1;554;572;586;810;13333;11791;Correo;No contactado
3458;1002382;2019-06-04 00:00:00;1;NEW YORK;44;0;independiente;S;S;8750;420;1200;1;481;627;636;875;10410;6587;Correo;No contactado
3459;1003690;2016-04-11 00:00:00;0;ATLANTHIC SOUTH;28;0;independiente;N;S;12800;220;2300;1;701;610;754;722;22839;20181;Ninguno;No aplica
3460;1027863;2015-05-17 00:00:00;0;NEW YORK;56;0;independiente;S;N;6615;397;600;4;641;659;603;593;28276;17049;Ninguno;No aplica
3461;1097950;2015-05-06 00:00:00;0;545454;44;0;Empleado;N;S;12000;600;1475;4;785;779;639;657;10808;7142;Ninguno;No aplica
3462;1039433;2016-08-29 00:00:00;1;NEW YORK;47;0;Pensionado;S;S;7500;947;1690;0;595;584;668;713;11796;8643;Call center;Promesa de pago
3463;1034231;2017-11-26 00:00:00;0;545454;40;0;independiente;N;N;4325;166,666;950;3;708;688;581;716;26180;25436;Ninguno;No aplica
3464;1054795;2017-03-23 00:00:00;0;ATLANTHIC SOUTH;58;4.833333333;Empleado;S;S;6250;670;1600;0;751;818;621;705;26477;25573;Ninguno;No aplica
3465;1009587;2014-09-18 00:00:00;0;NEW YORK;44;0;Empleado;S;S;2250;519;800;3;709;596;658;855;15288;9225;Ninguno;No aplica
3466;1047639;2018-02-16 00:00:00;0;CHICAGO;49;0;Pensionado;S;S;6250;1293,685;1500;3;633;728;653;628;22709;15422;Ninguno;No aplica
3467;1071333;2015-06-14 00:00:00;0;CHICAGO;34;0;Pensionado;S;S;11250;700;1500;0;679;780;740;705;26360;15149;Ninguno;No aplica
3468;1008238;2014-05-24 00:00:00;0;NEW YORK;31;0;Empleado;S;S;6000;130;600;0;707;661;758;882;22543;17020;Ninguno;No aplica
3469;1024845;2016-02-17 00:00:00;1;NEW YORK;21;0;Empleado;N;N;7519;310;550;0;477;632;590;667;9650;7047;Whatsapp;Sin gestión
3470;1083110;2014-09-07 00:00:00;0;545454;27;0;Pensionado;S;N;7200;1150;2000;3;689;621;658;683;9987;9491;Ninguno;No aplica
3471;1008964;2018-12-24 00:00:00;1;ATLANTHIC SOUTH;53;0;Pensionado;S;S;11200;816;2000;2;495;539;697;635;20200;19493;Correo;No contactado
3472;1024993;2019-07-07 00:00:00;1;NEW YORK;59;0;independiente;S;S;6400;150;700;0;496;603;756;727;9697;6708;SMS;Pago parcial
3473;1053285;2017-02-28 00:00:00;1;NEW YORK;61;0;independiente;S;S;1600;703;1022;1;503;628;700;650;21724;16203;Correo;No contactado
3474;1060776;2019-09-09 00:00:00;0;CHICAGO;50;0;independiente;S;S;5000;480;900;3;647;747;670;764;8828;8370;Ninguno;No aplica
3475;1081372;2019-09-02 00:00:00;0;NEW YORK;48;0;independiente;N;S;5700;200;930;0;664;774;697;683;23352;21095;Ninguno;No aplica
3476;1083144;2014-05-26 00:00:00;1;NEW YORK;40;0;Empleado;S;S;11250;600;1478,4;2;436;576;697;636;22087;11084;Correo;No contactado
3477;1055029;2016-07-28 00:00:00;1;NEW YORK;53;0;Pensionado;S;S;3200;380;1400;0;549;652;585;796;17605;11620;Correo;No contactado
3478;1036628;2016-09-28 00:00:00;1;NEW YORK;26;0;independiente;S;S;4375;486;700;2;395;559;663;736;10482;7452;Whatsapp;Sin gestión
3479;1077997;2014-05-08 00:00:00;0;NEW YORK;45;0;independiente;S;S;3150;342,978;850;2;758;734;752;756;27760;17068;Ninguno;No aplica
3480;1016032;2014-07-07 00:00:00;1;545454;52;0;independiente;S;N;7600;700;1550;1;569;592;635;617;23184;13905;SMS;Pago parcial
3481;1087910;2015-07-20 00:00:00;1;NEW YORK;61;0;Pensionado;S;S;5000;400;1000;0;485;607;659;753;10463;5429;Call center;Promesa de pago
3482;1015156;2016-12-03 00:00:00;1;NEW YORK;31;0;independiente;S;S;5100;686;1400;3;370;605;633;790;18860;15497;Correo;No contactado
3483;1052491;2016-11-27 00:00:00;1;545454;57;0;Pensionado;S;S;3750;532;1400;0;482;484;488;682;9912;6257;SMS;Pago parcial
3484;1055753;2018-01-30 00:00:00;1;ATLANTHIC SOUTH;60;5;Pensionado;S;S;6400;400;1950;2;497;513;651;607;9648;5077;SMS;Pago parcial
3485;1091691;2018-12-02 00:00:00;0;CHICAGO;24;0;Empleado;S;N;6750;140;724;4;649;686;671;666;5855;3604;Ninguno;No aplica
3486;1072486;2018-08-28 00:00:00;1;NEW YORK;61;0;Empleado;S;S;6400;210;750;0;474;479;614;831;7866;7087;Call center;Promesa de pago
3487;1036058;2019-06-18 00:00:00;0;545454;43;0;Pensionado;S;S;6650;250;1500;3;777;730;569;771;16834;15584;Ninguno;No aplica
3488;1045377;2019-06-30 00:00:00;0;ATLANTHIC SOUTH;58;0;Empleado;S;S;3750;350;1000;0;733;732;588;631;21294;15790;Ninguno;No aplica
3489;1006863;2017-11-29 00:00:00;1;545454;44;0;Pensionado;S;S;3750;100;1100;1;454;600;703;605;21566;15269;Correo;No contactado
3490;1071852;2016-07-06 00:00:00;0;NEW YORK;67;0;Pensionado;S;S;10000;810;1000;0;620;613;788;631;8112;8022;Ninguno;No aplica
3491;1000531;2016-04-23 00:00:00;1;NEW YORK;61;0;Empleado;S;S;6250;1460;2500;0;484;663;747;678;27054;16240;Whatsapp;Sin gestión
3492;1098668;2016-03-02 00:00:00;0;CHICAGO;41;0;independiente;S;N;7500;1612,5;2254,2;0;689;802;556;710;9492;5768;Ninguno;No aplica
3493;1036939;2016-06-11 00:00:00;0;545454;48;0;Pensionado;S;N;9000;700;1500;4;725;689;710;661;27207;17574;Ninguno;No aplica
3494;1099681;2017-07-25 00:00:00;0;ATLANTHIC SOUTH;54;0;independiente;S;S;3750;1560;2425;4;673;711;604;602;20114;11794;Ninguno;No aplica
3495;1090079;2015-12-04 00:00:00;1;NEW YORK;32;2.666666667;independiente;N;S;3200;320;550;0;526;592;609;819;6517;4495;SMS;Pago parcial
3496;1024292;2019-06-13 00:00:00;1;NEW YORK;63;0;Pensionado;N;S;11500;750;2280;2;597;612;618;733;21018;20081;Call center;Promesa de pago
3497;1049703;2015-02-01 00:00:00;1;NEW YORK;32;0;independiente;S;S;6250;500;1000;0;541;573;699;759;26386;21311;Whatsapp;Sin gestión
3498;1066560;2014-10-07 00:00:00;1;ATLANTHIC SOUTH;26;10;Empleado;N;N;15842;2400;14400;0;498;578;717;565;22740;16054;SMS;Pago parcial
3499;1026121;2018-07-15 00:00:00;1;ATLANTHIC SOUTH;28;0;Empleado;S;S;6000;360;800;3;491;634;643;502;25013;24193;Correo;No contactado
3500;1094860;2018-03-15 00:00:00;1;ATLANTHIC SOUTH;40;0;Pensionado;S;S;6000;1000;1500;4;482;721;644;591;25012;13112;SMS;Pago parcial
3501;1007882;2016-09-01 00:00:00;0;NEW YORK;41;0;Pensionado;S;N;9600;1211;1626;3;759;596;682;627;16431;9943;Ninguno;No aplica
3502;1058938;2016-09-20 00:00:00;1;545454;28;0;Empleado;S;S;2500;250;1600;2;469;574;690;772;13210;10343;Whatsapp;Sin gestión
3503;1073340;2015-09-23 00:00:00;0;NEW YORK;55;0;Pensionado;S;S;1250;704;1246;0;702;609;732;459;16595;13405;Ninguno;No aplica
3504;1050840;2014-09-27 00:00:00;1;NEW YORK;52;0;Empleado;S;N;4800;300;800;1;503;676;560;863;17871;9289;Whatsapp;Sin gestión
3505;1015438;2016-03-01 00:00:00;0;NEW ENGALND;61;0;Empleado;S;S;10000;130;1000;0;675;645;651;685;17743;12447;Ninguno;No aplica
3506;1074954;2015-03-03 00:00:00;0;NEW YORK;62;0;Empleado;N;S;7500;690;1800;0;631;593;575;792;27516;22689;Ninguno;No aplica
3507;1003767;2015-05-19 00:00:00;0;ATLANTHIC SOUTH;38;0;Empleado;S;N;9000;400;1000;0;716;718;646;590;14324;12162;Ninguno;No aplica
3508;1013826;2017-06-20 00:00:00;1;NEW YORK;77;0;Pensionado;S;S;8125;250;800;0;497;685;634;765;16531;13540;Correo;No contactado
3509;1084185;2016-09-21 00:00:00;0;NEW YORK;54;0;independiente;S;S;6375;290;810;0;725;720;647;678;11588;7651;Ninguno;No aplica
3510;1093432;2016-05-28 00:00:00;1;ATLANTHIC SOUTH;65;45;independiente;N;S;14562;3040;10400;0;473;592;594;794;8311;4544;Correo;No contactado
3511;1079222;2014-10-08 00:00:00;1;545454;58;0;Pensionado;S;N;6400;1180;2400;3;561;605;546;699;27432;19574;Call center;Promesa de pago
3512;1019375;2019-06-03 00:00:00;1;ATLANTHIC SOUTH;29;0;Empleado;S;S;6000;600;1280;1;456;665;503;763;27630;15594;Correo;No contactado
3513;1095251;2018-07-29 00:00:00;1;NEW YORK;38;0;Pensionado;S;N;5020;410;850;0;586;528;641;819;5987;5830;Call center;Promesa de pago
3514;1035712;2017-05-21 00:00:00;1;ATLANTHIC SOUTH;34;0;Pensionado;N;S;5000;270;800;1;413;573;620;661;8321;6137;Whatsapp;Sin gestión
3515;1070515;2015-09-24 00:00:00;0;NEW YORK;47;3.916666667;Pensionado;S;N;4000;574;800;3;722;653;603;692;20812;13707;Ninguno;No aplica
3516;1069983;2018-03-18 00:00:00;0;NEW YORK;47;0;Pensionado;S;S;1400;240;780;2;724;610;743;500;9615;8492;Ninguno;No aplica
3517;1031261;2016-05-18 00:00:00;0;NEW YORK;36;0;Pensionado;S;N;5260;350;800;0;660;660;590;733;20512;15363;Ninguno;No aplica
3518;1092124;2018-05-26 00:00:00;1;NEW YORK;28;20;Empleado;N;S;5000;640;900;2;521;646;749;896;18146;11886;Whatsapp;Sin gestión
3519;1030456;2016-10-18 00:00:00;0;NEW YORK;49;0;Pensionado;S;S;5000;400;680;0;764;714;764;558;29749;26952;Ninguno;No aplica
3520;1045977;2020-02-02 00:00:00;0;NEW YORK;49;0;Pensionado;S;S;5000;220;800;4;589;719;513;662;18654;17415;Ninguno;No aplica
3521;1029454;2017-10-02 00:00:00;1;NEW ENGALND;65;0;independiente;S;S;2700;463;716;1;525;589;656;799;25125;21017;SMS;Pago parcial
3522;1009360;2016-05-05 00:00:00;1;NEW ENGALND;39;0;independiente;N;S;9800;200;1000;3;375;611;622;723;8052;4215;SMS;Pago parcial
3523;1084676;2016-08-08 00:00:00;0;NEW YORK;55;0;independiente;S;S;5000;400;1100;0;652;632;446;685;27958;21896;Ninguno;No aplica
3524;1071887;2019-07-02 00:00:00;1;NEW YORK;30;0;independiente;N;S;8824;700;1300;0;581;561;549;685;5726;5048;Call center;Promesa de pago
3525;1032708;2017-01-08 00:00:00;0;545454;31;0;Pensionado;S;N;10000;280;1280;0;671;692;704;631;8760;4978;Ninguno;No aplica
3526;1005531;2017-02-21 00:00:00;1;NEW YORK;56;0;Pensionado;N;S;8000;310;1100;4;441;597;791;712;27190;16704;Correo;No contactado
3527;1092469;2016-06-12 00:00:00;1;ATLANTHIC SOUTH;46;0;Pensionado;S;S;10000;281,6;850;2;490;599;713;724;6875;6471;Correo;No contactado
3528;1034357;2020-03-20 00:00:00;0;ATLANTHIC SOUTH;46;0;independiente;S;S;2500;435;950;3;803;672;673;564;28377;14474;Ninguno;No aplica
3529;1066191;2018-04-07 00:00:00;1;NEW ENGALND;41;0;independiente;S;S;10200;330;900;4;408;557;649;714;18969;16624;SMS;Pago parcial
3530;1045669;2020-08-03 00:00:00;0;NEW YORK;39;0;Empleado;N;N;6000;260;900;2;647;869;768;811;9033;6656;Ninguno;No aplica
3531;1048787;2020-05-27 00:00:00;0;NEW YORK;47;0;Pensionado;N;S;3750;400;750;0;775;734;800;632;10443;7554;Ninguno;No aplica
3532;1045423;2015-07-31 00:00:00;0;NEW YORK;35;0;Pensionado;S;S;8125;160;600;4;793;705;609;559;22373;11266;Ninguno;No aplica
3533;1088585;2015-09-11 00:00:00;0;NEW YORK;46;0;Empleado;S;S;7500;400;850;4;695;666;510;656;8744;7954;Ninguno;No aplica
3534;1000584;2017-01-12 00:00:00;1;545454;44;0;Empleado;S;S;5400;925;2167;0;438;553;503;656;29995;20394;Whatsapp;Sin gestión
3535;1052278;2017-04-09 00:00:00;1;545454;46;0;Pensionado;S;S;9000;225;1450;0;605;572;743;600;21977;16931;Call center;Promesa de pago
3536;1073711;2018-03-26 00:00:00;1;NEW ENGALND;59;0;independiente;S;S;2700;400;1600;0;580;598;647;733;6774;5681;Whatsapp;Sin gestión
3537;1014684;2017-01-04 00:00:00;1;NEW YORK;48;0;Empleado;S;S;5000;263;2100;3;534;467;663;656;15651;13324;Whatsapp;Sin gestión
3538;1028044;2015-06-02 00:00:00;1;545454;42;0;independiente;N;S;5000;200;900;3;459;486;525;664;5935;5804;Correo;No contactado
3539;1087147;2019-01-24 00:00:00;0;ATLANTHIC SOUTH;43;0;Pensionado;S;S;6000;410;950;3;698;642;597;684;18395;14084;Ninguno;No aplica
3540;1046301;2016-09-20 00:00:00;1;NEW YORK;43;0;Empleado;N;N;6400;140;600;0;492;592;629;582;8808;6164;Call center;Promesa de pago
3541;1009551;2015-07-24 00:00:00;0;NEW YORK;32;0;Pensionado;S;S;7000;845;1850;0;717;666;665;513;21715;21212;Ninguno;No aplica
3542;1067654;2018-06-05 00:00:00;1;ATLANTHIC SOUTH;43;0;Pensionado;S;S;5400;573;1800;0;573;669;622;780;16641;13663;Whatsapp;Sin gestión
3543;1003785;2016-02-20 00:00:00;0;ATLANTHIC SOUTH;41;0;Empleado;N;S;10000;400;1800;1;744;591;577;496;29306;19022;Ninguno;No aplica
3544;1093861;2016-04-04 00:00:00;1;545454;38;0;Empleado;N;S;3750;662;1520;3;446;535;595;632;24086;13566;SMS;Pago parcial
3545;1072563;2018-04-19 00:00:00;1;ATLANTHIC SOUTH;32;0;independiente;S;S;7500;300;1200;0;569;671;735;558;19376;17851;SMS;Pago parcial
3546;1062532;2015-11-30 00:00:00;1;NEW YORK;60;0;Pensionado;S;S;6000;260;920;4;516;588;667;676;10889;7416;Correo;No contactado
3547;1074831;2020-07-16 00:00:00;1;ATLANTHIC SOUTH;21;0;Empleado;N;S;7200;425;1480;0;534;633;693;759;10054;8347;SMS;Pago parcial
3548;1027756;2020-04-27 00:00:00;1;NEW YORK;59;0;Pensionado;N;S;3125;360;580;2;573;703;587;730;8868;6522;SMS;Pago parcial
3549;1036355;2016-04-21 00:00:00;1;NEW YORK;56;0;independiente;N;S;3400;100;650;4;444;538;443;935;25584;15337;Whatsapp;Sin gestión
3550;1082126;2019-12-10 00:00:00;1;NEW YORK;28;0;Pensionado;S;S;7500;420;650;3;498;574;613;818;21585;17286;SMS;Pago parcial
3551;1062527;2015-05-17 00:00:00;1;NEW YORK;31;0;independiente;S;S;8000;670;2200;0;473;564;589;636;23881;12665;SMS;Pago parcial
3552;1037487;2017-02-15 00:00:00;0;545454;41;0;independiente;S;N;7375;600;1200;2;622;563;674;562;6842;4835;Ninguno;No aplica
3553;1088821;2020-07-26 00:00:00;0;NEW YORK;38;0;independiente;S;S;2700;660;900;1;717;661;880;914;15058;11644;Ninguno;No aplica
3554;1037657;2019-09-27 00:00:00;1;NEW YORK;23;0;Empleado;N;N;10000;600;1250;0;626;633;699;816;14101;10125;Whatsapp;Sin gestión
3555;1013302;2018-09-05 00:00:00;0;NEW YORK;43;0;Pensionado;N;S;6250;480;1100;0;608;712;842;723;17497;15298;Ninguno;No aplica
3556;1010398;2015-12-19 00:00:00;0;NEW YORK;69;0;Empleado;N;S;11500;360;1000;4;698;717;690;677;9658;8827;Ninguno;No aplica
3557;1002363;2018-11-09 00:00:00;1;ATLANTHIC SOUTH;59;0;Empleado;N;S;2500;550;1350;1;532;557;606;745;16381;14507;Correo;No contactado
3558;1066653;2016-08-16 00:00:00;0;CHICAGO;50;0;Empleado;N;S;3000;380;700;0;706;641;674;537;12544;6515;Ninguno;No aplica
3559;1051531;2016-02-23 00:00:00;1;NEW YORK;33;0;independiente;N;S;8875;200;600;0;494;656;775;734;12718;7593;Correo;No contactado
3560;1094698;2016-01-06 00:00:00;1;ATLANTHIC SOUTH;27;0;independiente;S;S;7500;750;2000;3;435;550;778;726;18851;14483;Call center;Promesa de pago
3561;1005677;2016-07-09 00:00:00;1;CHICAGO;49;0;independiente;S;N;7000;720;1200;0;512;598;610;639;22154;21432;SMS;Pago parcial
3562;1064081;2019-12-14 00:00:00;0;NEW YORK;37;0;independiente;S;S;7500;500;700;1;662;690;668;622;24539;22514;Ninguno;No aplica
3563;1035593;2015-09-01 00:00:00;0;NEW YORK;39;0;Pensionado;S;S;6250;450;1035;3;591;768;550;806;16777;15456;Ninguno;No aplica
3564;1070719;2018-01-21 00:00:00;1;ATLANTHIC SOUTH;34;0;independiente;S;S;8100;530;1450;1;560;638;708;709;6628;4319;Whatsapp;Sin gestión
3565;1024796;2015-06-04 00:00:00;1;ATLANTHIC SOUTH;63;0;independiente;S;S;5500;300;2200;3;548;502;759;906;5386;3850;Call center;Promesa de pago
3566;1097664;2015-11-15 00:00:00;0;NEW YORK;43;0;Pensionado;N;N;3200;1400;2325;0;703;609;653;513;11031;8112;Ninguno;No aplica
3567;1064299;2016-05-31 00:00:00;0;545454;50;0;Pensionado;S;S;1800;344;1512;0;711;715;603;623;11439;6620;Ninguno;No aplica
3568;1000776;2016-08-28 00:00:00;1;NEW YORK;44;0;Pensionado;S;S;6250;800;1500;0;554;576;675;581;27785;14324;Correo;No contactado
3569;1092662;2020-03-04 00:00:00;0;ATLANTHIC SOUTH;40;0;Pensionado;S;S;6250;658;1300;0;711;653;679;561;18392;17904;Ninguno;No aplica
3570;1041907;2018-03-28 00:00:00;1;CHICAGO;24;0;Pensionado;S;S;11900;700;1200;0;545;641;656;645;25392;15752;Correo;No contactado
3571;1024052;2016-03-07 00:00:00;0;ATLANTHIC SOUTH;44;0;independiente;S;S;10800;692,667;1850;0;685;691;663;698;23850;14786;Ninguno;No aplica
3572;1089890;2018-02-10 00:00:00;1;ATLANTHIC SOUTH;47;0;independiente;N;S;3000;400;1300;0;566;583;638;744;7282;3945;Whatsapp;Sin gestión
3573;1066023;2020-05-17 00:00:00;1;NEW YORK;24;0;independiente;S;S;7500;610,589;994,66;0;516;627;720;659;6856;6611;Call center;Promesa de pago
3574;1015304;2019-03-17 00:00:00;1;NEW ENGALND;47;0;Empleado;N;N;7000;255;1000;3;510;557;702;519;20670;16327;Call center;Promesa de pago
3575;1083123;2019-01-20 00:00:00;1;NEW YORK;34;0;Empleado;S;S;14500;400;1300;2;436;674;581;853;29364;24475;Whatsapp;Sin gestión
3576;1083231;2019-02-26 00:00:00;1;ATLANTHIC SOUTH;39;0;Empleado;S;S;6250;700;1400;0;514;533;579;694;6998;6689;Whatsapp;Sin gestión
3577;1070529;2015-09-27 00:00:00;1;ATLANTHIC SOUTH;38;0;independiente;S;S;7500;674;1791;3;458;619;632;620;10476;7048;Call center;Promesa de pago
3578;1080592;2020-08-03 00:00:00;1;NEW YORK;40;0;Pensionado;S;N;8750;120;1000;0;468;666;702;745;14428;11698;Correo;No contactado
3579;1048853;2015-04-11 00:00:00;0;NEW YORK;66;0;Empleado;S;S;5625;190;750;2;659;597;660;688;9669;5022;Ninguno;No aplica
3580;1068055;2020-08-06 00:00:00;1;NEW YORK;64;0;independiente;S;S;2625;150;400;0;447;559;605;691;17336;10287;SMS;Pago parcial
3581;1094436;2017-09-01 00:00:00;0;NEW YORK;71;0;Pensionado;S;S;6250;360;1200;3;806;749;668;683;14342;13132;Ninguno;No aplica
3582;1041741;2018-07-09 00:00:00;0;NEW YORK;24;0;Pensionado;S;S;6375;420;1200;4;767;749;627;566;25702;22705;Ninguno;No aplica
3583;1074459;2018-09-16 00:00:00;0;NEW YORK;55;0;Empleado;S;N;10500;420;1590;4;796;670;712;738;12064;8147;Ninguno;No aplica
3584;1074198;2016-07-04 00:00:00;1;NEW ENGALND;32;0;Pensionado;S;S;12500;830;1800;0;439;536;673;630;12446;8568;Correo;No contactado
3585;1021398;2018-03-20 00:00:00;0;NEW YORK;30;0;independiente;S;S;6250;522;780;2;704;737;628;615;22815;17494;Ninguno;No aplica
3586;1082166;2018-03-21 00:00:00;0;545454;60;0;independiente;S;S;7387;300;3350;3;635;751;666;728;10624;5313;Ninguno;No aplica
3587;1058144;2019-05-25 00:00:00;0;NEW YORK;54;0;Pensionado;S;S;6250;400;800;0;665;610;742;778;12461;7734;Ninguno;No aplica
3588;1016643;2016-09-08 00:00:00;1;NEW YORK;53;0;Empleado;S;S;3750;350;1000;0;454;508;610;863;6819;4119;Whatsapp;Sin gestión
3589;1046900;2020-01-09 00:00:00;1;NEW YORK;62;0;Pensionado;S;S;10650;500;1000;0;562;594;678;815;15516;9701;Call center;Promesa de pago
3590;1045436;2019-06-16 00:00:00;0;NEW YORK;62;0;Pensionado;S;S;3200;810;925;2;680;718;645;641;18749;16929;Ninguno;No aplica
3591;1083266;2018-05-05 00:00:00;1;NEW ENGALND;48;0;Pensionado;S;S;5000;400;800;2;553;562;680;581;22514;14405;Call center;Promesa de pago
3592;1010792;2018-03-24 00:00:00;0;ATLANTHIC SOUTH;41;0;Pensionado;S;N;11857;1700;3500;0;730;721;604;796;27947;16650;Ninguno;No aplica
3593;1097786;2016-06-03 00:00:00;0;ATLANTHIC SOUTH;56;0;independiente;S;S;15200;636,607;1550;0;815;637;658;793;7658;5760;Ninguno;No aplica
3594;1064424;2018-04-23 00:00:00;0;CHICAGO;42;0;Empleado;N;S;5000;720;1200;1;626;553;728;610;8500;7929;Ninguno;No aplica
3595;1040676;2015-09-01 00:00:00;1;NEW YORK;40;0;Empleado;S;S;4250;343;1030;2;563;555;584;803;29950;18589;SMS;Pago parcial
3596;1026887;2016-11-15 00:00:00;0;NEW YORK;65;0;Pensionado;N;N;12000;500;870;2;757;684;557;640;7120;3840;Ninguno;No aplica
3597;1078215;2016-01-01 00:00:00;0;NEW YORK;32;0;Empleado;S;S;12000;487;800;3;651;663;560;805;9020;6117;Ninguno;No aplica
3598;1085853;2018-02-19 00:00:00;0;NEW YORK;61;0;Pensionado;S;N;6500;300;900;0;750;610;568;624;15213;13294;Ninguno;No aplica
3599;1036470;2018-09-28 00:00:00;1;ATLANTHIC SOUTH;44;0;Pensionado;S;S;10000;600;1300;0;517;471;692;898;8259;6404;Call center;Promesa de pago
3600;1075109;2017-10-02 00:00:00;1;ATLANTHIC SOUTH;30;0;Empleado;N;S;12000;340;1200;0;489;549;552;791;15081;13700;SMS;Pago parcial
3601;1016283;2019-02-14 00:00:00;1;545454;38;0;Empleado;N;S;12500;100;1541;0;459;634;629;882;6823;6685;Correo;No contactado
3602;1021738;2018-02-23 00:00:00;1;ATLANTHIC SOUTH;27;0;Pensionado;S;S;6250;547;1435;3;464;655;693;678;22858;20488;Correo;No contactado
3603;1015955;2016-01-24 00:00:00;1;NEW ENGALND;30;0;independiente;S;S;6000;900;2300;0;602;651;679;756;23626;18946;Call center;Promesa de pago
3604;1018955;2020-05-21 00:00:00;1;NEW ENGALND;70;0;Empleado;N;S;2500;360;1000;1;500;531;623;633;18467;13789;Call center;Promesa de pago
3605;1026098;2017-12-05 00:00:00;1;ATLANTHIC SOUTH;32;0;Empleado;S;S;5000;800;1800;0;539;511;663;796;24627;12807;Whatsapp;Sin gestión
3606;1000768;2016-11-11 00:00:00;0;NEW ENGALND;46;0;independiente;N;S;2500;300;708;4;660;710;658;751;11990;11896;Ninguno;No aplica
3607;1033543;2018-08-30 00:00:00;0;NEW YORK;49;0;independiente;S;S;12250;200;950;4;661;718;634;886;26544;18362;Ninguno;No aplica
3608;1054701;2020-09-07 00:00:00;1;ATLANTHIC SOUTH;33;0;independiente;S;S;8400;700;1300;2;554;604;635;763;8134;4686;Whatsapp;Sin gestión
3609;1097033;2018-12-09 00:00:00;0;NEW ENGALND;46;0;Empleado;S;S;12500;1030;2240;2;633;559;806;735;23454;19545;Ninguno;No aplica
3610;1066136;2018-12-24 00:00:00;0;NEW YORK;48;0;Empleado;S;S;6250;347,42;1232;4;679;628;707;628;21743;13962;Ninguno;No aplica
3611;1079185;2015-10-08 00:00:00;0;NEW YORK;57;0;independiente;S;S;3750;190;420;0;702;678;824;719;20434;16202;Ninguno;No aplica
3612;1021384;2019-11-18 00:00:00;0;NEW YORK;27;0;Pensionado;S;N;3125;150;500;0;706;709;615;636;20007;15873;Ninguno;No aplica
3613;1027561;2019-08-05 00:00:00;0;545454;40;0;Pensionado;S;S;10400;520;1320;2;691;726;644;680;15233;11011;Ninguno;No aplica
3614;1092158;2016-09-08 00:00:00;0;ATLANTHIC SOUTH;53;0;Empleado;S;S;2500;515;1305;0;720;689;557;686;21378;19626;Ninguno;No aplica
3615;1063171;2016-07-09 00:00:00;1;NEW YORK;55;0;independiente;S;S;1900;306;670;0;535;600;593;688;6141;3884;Call center;Promesa de pago
3616;1088143;2018-08-11 00:00:00;0;CHICAGO;25;0;Empleado;N;N;9350;1050;1800;4;737;685;783;676;23019;16673;Ninguno;No aplica
3617;1084554;2016-07-16 00:00:00;0;NEW YORK;27;0;Pensionado;N;S;8000;980;1058;0;651;721;613;636;25384;19516;Ninguno;No aplica
3618;1093995;2020-08-10 00:00:00;0;ATLANTHIC SOUTH;49;0;independiente;S;S;6250;270;670;1;686;699;784;636;15135;12589;Ninguno;No aplica
3619;1091152;2019-11-04 00:00:00;1;545454;60;0;Pensionado;S;N;7500;400;700;4;560;584;563;817;17966;16025;Call center;Promesa de pago
3620;1048803;2019-09-17 00:00:00;0;ATLANTHIC SOUTH;34;0;Pensionado;N;S;8000;385;1400;0;745;664;576;686;8361;5831;Ninguno;No aplica
3621;1029090;2017-05-21 00:00:00;1;ATLANTHIC SOUTH;25;0;Empleado;S;S;7500;420;1000;0;431;585;626;751;27967;23017;Correo;No contactado
3622;1093474;2016-03-22 00:00:00;0;NEW YORK;42;0;Empleado;S;S;3750;302,5;850;1;718;709;646;539;12835;7384;Ninguno;No aplica
3623;1082159;2018-04-26 00:00:00;0;CHICAGO;28;0;Pensionado;S;S;7200;410;760;0;601;696;715;708;16172;15627;Ninguno;No aplica
3624;1071486;2019-10-08 00:00:00;1;545454;33;0;Pensionado;N;N;9000;510;1000;4;502;603;682;768;21390;14792;Call center;Promesa de pago
3625;1039159;2019-03-07 00:00:00;0;NEW YORK;30;0;Pensionado;S;S;5887;760;1200;3;795;761;621;634;8267;7149;Ninguno;No aplica
3626;1092000;2019-10-31 00:00:00;0;NEW YORK;40;0;Pensionado;S;N;8000;200;900;4;653;696;641;858;11564;5900;Ninguno;No aplica
3627;1098751;2018-12-30 00:00:00;0;CHICAGO;29;0;Pensionado;N;N;7200;260;700;0;658;641;628;464;26312;15855;Ninguno;No aplica
3628;1047019;2015-10-22 00:00:00;1;NEW YORK;28;0;Empleado;S;S;4500;404,916;1046,25;2;538;633;586;791;23990;17838;Whatsapp;Sin gestión
3629;1073223;2018-11-09 00:00:00;1;ATLANTHIC SOUTH;43;0;Pensionado;S;S;12500;870;1800;3;423;498;588;784;16411;15412;Correo;No contactado
3630;1009450;2017-09-02 00:00:00;0;CHICAGO;33;0;Pensionado;N;N;10080;376;1100;0;668;615;722;719;10906;8328;Ninguno;No aplica
3631;1037681;2019-07-03 00:00:00;0;ATLANTHIC SOUTH;24;0;Pensionado;N;S;6300;520;1550;0;730;700;522;686;21028;20291;Ninguno;No aplica
3632;1021521;2016-12-23 00:00:00;0;NEW YORK;27;0;Empleado;S;S;7500;1100;2200;0;668;711;763;720;24657;18293;Ninguno;No aplica
3633;1072831;2019-11-02 00:00:00;1;NEW YORK;53;0;Pensionado;N;S;8000;835;1000;3;488;505;626;798;12611;9398;SMS;Pago parcial
3634;1025168;2015-10-05 00:00:00;0;545454;51;0;Pensionado;S;S;14000;400;2000;0;737;657;596;605;22297;12483;Ninguno;No aplica
3635;1020487;2016-09-07 00:00:00;1;545454;26;0;Empleado;S;S;2500;1297;1960;4;521;544;702;747;7011;6319;Whatsapp;Sin gestión
3636;1052504;2016-12-26 00:00:00;0;NEW YORK;34;0;Pensionado;N;S;5400;890;1100;3;713;651;754;654;22826;14232;Ninguno;No aplica
3637;1081488;2017-09-02 00:00:00;0;CHICAGO;42;0;Empleado;S;S;3750;300;600;0;683;737;728;572;26930;25578;Ninguno;No aplica
3638;1053950;2018-04-28 00:00:00;1;NEW YORK;56;0;Empleado;S;S;6250;503;1050;3;519;622;685;785;16246;15522;Whatsapp;Sin gestión
3639;1020588;2019-08-09 00:00:00;1;NEW YORK;40;0;Empleado;N;S;8930;1764;2284;3;494;579;726;669;18790;18257;Correo;No contactado
3640;1062073;2017-01-11 00:00:00;0;NEW YORK;45;0;Empleado;S;S;11000;500;850;2;723;647;530;535;16738;12723;Ninguno;No aplica
3641;1065887;2016-05-29 00:00:00;0;ATLANTHIC SOUTH;32;0;Empleado;S;S;10800;1200;1900;0;675;599;613;621;19730;16545;Ninguno;No aplica
3642;1036450;2020-06-18 00:00:00;0;NEW YORK;47;0;independiente;S;S;6375;250;950;2;691;765;586;598;16120;14335;Ninguno;No aplica
3643;1074994;2020-04-17 00:00:00;0;NEW YORK;39;0;Pensionado;S;S;6375;200;700;1;651;716;736;763;23213;13127;Ninguno;No aplica
3644;1012231;2016-07-05 00:00:00;0;NEW YORK;58;0;Empleado;S;S;15012;292,5;490;0;698;638;623;684;13767;11020;Ninguno;No aplica
3645;1043860;2018-08-06 00:00:00;1;ATLANTHIC SOUTH;52;0;independiente;S;S;4600;1077;1450;2;459;623;709;844;27852;14404;SMS;Pago parcial
3646;1042439;2015-11-04 00:00:00;0;NEW YORK;50;0;Pensionado;S;S;3187;230;600;0;644;676;688;610;18703;14004;Ninguno;No aplica
3647;1091198;2015-06-11 00:00:00;1;ATLANTHIC SOUTH;51;15;Pensionado;S;S;19000;5680;15200;2;513;563;590;799;5929;3424;Whatsapp;Sin gestión
3648;1020069;2018-04-01 00:00:00;0;545454;40;0;Pensionado;N;N;7500;530;980;0;711;706;609;926;16951;10026;Ninguno;No aplica
3649;1000484;2018-01-30 00:00:00;1;NEW YORK;35;0;Empleado;N;S;8750;500;1100;1;539;536;741;752;25083;17120;Call center;Promesa de pago
3650;1015063;2017-11-24 00:00:00;1;NEW YORK;55;0;Pensionado;S;N;12600;400;800;0;478;559;596;798;20845;14930;Whatsapp;Sin gestión
3651;1054044;2019-05-23 00:00:00;0;NEW YORK;62;0;independiente;S;S;11875;925;2400;1;720;687;659;732;22438;18210;Ninguno;No aplica
3652;1065085;2016-10-13 00:00:00;1;NEW YORK;65;45;independiente;S;S;10000;3440;6400;4;528;550;595;592;20747;11146;Correo;No contactado
3653;1073005;2019-04-24 00:00:00;0;NEW YORK;27;0;Empleado;S;S;12970;850;1800;4;722;720;628;723;10744;8078;Ninguno;No aplica
3654;1000187;2016-10-22 00:00:00;1;NEW YORK;50;0;Pensionado;S;N;5400;300;900;3;459;692;647;748;23284;13768;Correo;No contactado
3655;1073094;2016-12-17 00:00:00;0;545454;58;0;independiente;S;N;11200;550;1000;0;707;635;595;647;14649;11529;Ninguno;No aplica
3656;1073284;2019-12-27 00:00:00;0;ATLANTHIC SOUTH;42;0;Empleado;S;S;7500;790;2330;2;718;580;583;590;11980;9808;Ninguno;No aplica
3657;1097792;2016-06-03 00:00:00;1;ATLANTHIC SOUTH;65;0;independiente;S;S;7500;650;1300;0;500;460;670;782;12069;9394;Correo;No contactado
3658;1044970;2018-06-21 00:00:00;1;545454;32;0;Empleado;S;S;6750;200;800;3;396;571;591;632;14591;12682;Whatsapp;Sin gestión
3659;1058995;2017-07-05 00:00:00;0;CHICAGO;30;0;Pensionado;S;S;11550;410;920;3;708;640;593;862;24799;16561;Ninguno;No aplica
3660;1008029;2019-01-27 00:00:00;1;CHICAGO;47;0;independiente;S;S;10800;300;900;1;611;592;584;730;5442;4803;SMS;Pago parcial
3661;1015853;2015-11-10 00:00:00;0;ATLANTHIC SOUTH;60;0;Pensionado;S;S;1250;610;1800;1;682;688;645;560;27602;19774;Ninguno;No aplica
3662;1069986;2015-08-04 00:00:00;1;545454;27;0;independiente;S;S;8000;400;1200;2;464;484;716;674;9652;7163;Call center;Promesa de pago
3663;1015297;2017-05-02 00:00:00;1;545454;59;0;Empleado;S;N;6250;320;1350;0;519;471;755;695;29323;24164;Correo;No contactado
3664;1055090;2020-02-17 00:00:00;0;NEW YORK;52;0;Empleado;S;S;12000;620;1100;0;716;698;599;887;29217;14877;Ninguno;No aplica
3665;1081258;2016-09-20 00:00:00;1;545454;56;0;Empleado;S;S;2500;765;1280;1;560;588;801;640;14370;11884;SMS;Pago parcial
3666;1087873;2020-07-21 00:00:00;1;CHICAGO;65;0;Pensionado;S;N;12000;700;1500;3;437;554;580;710;12597;10195;Call center;Promesa de pago
3667;1077287;2018-09-16 00:00:00;1;CHICAGO;43;0;Pensionado;S;S;6250;400;700;0;537;481;726;672;19325;12656;Correo;No contactado
3668;1027447;2018-05-18 00:00:00;0;ATLANTHIC SOUTH;46;0;Empleado;N;S;6000;350;1600;2;730;708;599;715;9458;5135;Ninguno;No aplica
3669;1055446;2019-02-09 00:00:00;0;ATLANTHIC SOUTH;56;0;Empleado;N;N;12500;800;1900;0;693;756;589;623;11591;6323;Ninguno;No aplica
3670;1091197;2016-10-08 00:00:00;1;NEW YORK;28;0;Pensionado;S;S;10000;500;1500;3;517;597;598;617;21346;20527;Call center;Promesa de pago
3671;1051619;2018-10-16 00:00:00;1;NEW YORK;44;0;Empleado;N;S;6250;450;1200;0;551;529;646;702;16826;14212;Call center;Promesa de pago
3672;1082814;2016-10-02 00:00:00;1;CHICAGO;55;0;independiente;S;S;10500;600;2000;4;544;583;691;693;23693;13352;SMS;Pago parcial
3673;1028628;2018-01-31 00:00:00;1;545454;36;0;Empleado;N;N;12000;250;1800;1;443;498;697;667;19138;12982;Call center;Promesa de pago
3674;1072960;2019-05-23 00:00:00;1;NEW YORK;58;0;independiente;S;S;8750;400;850;0;541;643;584;672;27652;22018;Correo;No contactado
3675;1086948;2015-08-04 00:00:00;0;NEW ENGALND;46;0;independiente;S;S;12900;800;1780;3;697;685;581;777;22294;20461;Ninguno;No aplica
3676;1023643;2017-02-19 00:00:00;1;ATLANTHIC SOUTH;36;0;independiente;S;S;3750;631;1957;0;504;474;586;691;25724;13424;SMS;Pago parcial
3677;1031489;2018-05-05 00:00:00;0;ATLANTHIC SOUTH;35;0;Empleado;S;S;6250;400;900;1;704;662;642;568;25393;15701;Ninguno;No aplica
3678;1005898;2019-01-26 00:00:00;0;CHICAGO;32;0;Empleado;N;N;11250;400;700;0;692;708;635;628;28012;26468;Ninguno;No aplica
3679;1034618;2016-05-23 00:00:00;1;NEW YORK;26;0;independiente;N;N;5600;200;490;0;560;560;583;725;7169;3617;Whatsapp;Sin gestión
3680;1052085;2017-01-04 00:00:00;1;NEW ENGALND;57;0;Pensionado;S;S;12000;1060;2070;0;496;563;669;600;23556;14150;Whatsapp;Sin gestión
3681;1007178;2017-09-27 00:00:00;0;ATLANTHIC SOUTH;37;0;independiente;S;S;14500;800;2546;3;644;607;808;816;27052;26498;Ninguno;No aplica
3682;1066452;2019-03-30 00:00:00;0;NEW YORK;37;0;Empleado;S;S;6000;820;1300;0;680;714;615;748;11313;9126;Ninguno;No aplica
3683;1024931;2017-09-24 00:00:00;1;CHICAGO;52;0;Pensionado;S;S;6250;320;1100;0;509;541;620;849;13315;8400;SMS;Pago parcial
3684;1095387;2015-07-12 00:00:00;0;NEW YORK;33;0;Empleado;S;S;3496;420;1840;0;761;551;689;705;13036;6955;Ninguno;No aplica
3685;1019034;2018-04-26 00:00:00;0;NEW YORK;29;0;Empleado;S;S;8760;596;2300;2;730;658;611;482;28173;14484;Ninguno;No aplica
3686;1076975;2020-02-16 00:00:00;0;NEW YORK;62;48;Pensionado;S;S;7500;2640;10500;4;657;739;697;808;5785;3600;Ninguno;No aplica
3687;1093164;2019-12-14 00:00:00;0;NEW YORK;44;0;independiente;S;S;12600;250;650;0;824;657;600;592;11139;10479;Ninguno;No aplica
3688;1005878;2017-03-10 00:00:00;0;NEW YORK;38;0;Pensionado;S;S;12375;495;1520;0;713;784;778;600;11344;8031;Ninguno;No aplica
3689;1068018;2017-12-01 00:00:00;0;NEW YORK;46;0;Pensionado;S;S;10000;400;1500;1;764;706;674;684;23800;20472;Ninguno;No aplica
3690;1063936;2017-10-14 00:00:00;1;ATLANTHIC SOUTH;45;0;Pensionado;S;S;12000;300;700;0;492;600;607;844;25538;24495;Whatsapp;Sin gestión
3691;1004435;2017-12-16 00:00:00;0;NEW YORK;37;0;independiente;S;S;11250;280;800;4;727;672;609;765;19973;14061;Ninguno;No aplica
3692;1071820;2020-09-19 00:00:00;1;545454;57;0;Pensionado;S;S;3750;400;1500;2;542;576;614;802;10619;6325;Call center;Promesa de pago
3693;1097141;2018-12-03 00:00:00;0;NEW YORK;55;0;Pensionado;S;S;5500;400;1200;1;761;664;746;642;6936;5261;Ninguno;No aplica
3694;1017946;2016-11-08 00:00:00;1;ATLANTHIC SOUTH;68;0;Empleado;S;S;9375;450;2800;3;553;562;561;691;8807;8402;Correo;No contactado
3695;1006273;2018-09-02 00:00:00;1;545454;59;0;independiente;S;S;1900;240;1000;0;544;612;603;751;12151;10962;Call center;Promesa de pago
3696;1016955;2019-08-25 00:00:00;1;NEW ENGALND;21;0;independiente;S;N;10500;310;750;2;484;524;611;708;14493;7724;SMS;Pago parcial
3697;1056458;2019-03-22 00:00:00;1;CHICAGO;37;0;independiente;N;N;8750;400;2200;3;471;515;649;800;17355;14687;Correo;No contactado
3698;1016905;2018-02-17 00:00:00;0;ATLANTHIC SOUTH;39;0;independiente;S;S;8000;790;1600;4;717;613;631;745;8236;6473;Ninguno;No aplica
3699;1087180;2016-10-15 00:00:00;1;545454;38;0;independiente;N;N;6250;360;933,3;0;547;703;546;773;20848;19883;SMS;Pago parcial
3700;1069473;2016-04-20 00:00:00;1;CHICAGO;26;0;Pensionado;S;S;8125;400;900;2;489;612;622;493;7352;4126;SMS;Pago parcial
3701;1094807;2015-09-10 00:00:00;0;NEW ENGALND;33;0;Empleado;S;N;8000;300;900;0;753;698;643;682;6932;5317;Ninguno;No aplica
3702;1024977;2015-11-22 00:00:00;1;NEW YORK;26;0;Pensionado;S;S;3750;755;1252;0;573;517;606;710;15913;14954;SMS;Pago parcial
3703;1072808;2018-04-13 00:00:00;1;NEW YORK;38;0;Empleado;S;S;3125;431,5;1800;0;454;617;698;735;13556;9557;Call center;Promesa de pago
3704;1067677;2017-03-01 00:00:00;0;545454;45;0;independiente;S;S;4000;500;2050;0;658;673;714;602;26300;19488;Ninguno;No aplica
3705;1019432;2019-04-17 00:00:00;1;CHICAGO;20;0;Pensionado;S;N;6400;230;790;0;493;593;645;601;10498;5619;Correo;No contactado
3706;1058803;2019-02-23 00:00:00;0;CHICAGO;36;15;Pensionado;N;S;8100;4095;15050;2;715;621;666;712;15582;9958;Ninguno;No aplica
3707;1047746;2019-02-13 00:00:00;0;NEW YORK;52;0;Empleado;S;S;6000;300;800;0;674;690;499;638;22330;14788;Ninguno;No aplica
3708;1083254;2015-08-24 00:00:00;0;NEW YORK;26;0;Empleado;S;S;12600;600;1800;0;768;655;621;722;18865;18347;Ninguno;No aplica
3709;1097925;2017-04-25 00:00:00;1;CHICAGO;48;35;independiente;S;S;6500;600;4000;3;521;534;720;660;14569;9344;Correo;No contactado
3710;1076837;2018-11-06 00:00:00;0;NEW ENGALND;59;0;Pensionado;S;S;6250;400;600;4;702;724;620;797;22823;16671;Ninguno;No aplica
3711;1069297;2016-09-30 00:00:00;1;ATLANTHIC SOUTH;27;0;independiente;N;N;9500;1100;2325;0;428;488;598;810;29114;24329;Correo;No contactado
3712;1017008;2016-02-10 00:00:00;0;ATLANTHIC SOUTH;53;0;independiente;N;N;3750;250;700;0;634;714;809;697;9857;5728;Ninguno;No aplica
3713;1097510;2015-11-10 00:00:00;0;NEW YORK;42;0;independiente;S;S;10000;390;1200;3;714;721;777;651;5340;3969;Ninguno;No aplica
3714;1086777;2017-03-22 00:00:00;0;NEW YORK;52;23.33333333;independiente;N;S;6250;4980;11990;0;593;627;683;747;16181;14066;Ninguno;No aplica
3715;1065979;2016-02-18 00:00:00;0;NEW ENGALND;20;5;Pensionado;S;N;15000;22674;33000;0;751;631;730;705;21766;20317;Ninguno;No aplica
3716;1079526;2016-04-26 00:00:00;1;ATLANTHIC SOUTH;32;4;Empleado;S;S;6000;21500;27600;4;492;567;494;741;13491;10970;Call center;Promesa de pago
3717;1008764;2017-06-14 00:00:00;1;NEW YORK;63;43;Empleado;S;N;6250;4433;19500;0;662;597;595;814;5138;4288;Whatsapp;Sin gestión
3718;1095829;2019-05-07 00:00:00;0;ATLANTHIC SOUTH;34;7;Empleado;S;S;15000;9600;19200;2;815;671;617;798;5358;3017;Ninguno;No aplica
3719;1081610;2017-11-05 00:00:00;0;ATLANTHIC SOUTH;57;0;Empleado;S;N;8750;1125;2000;0;691;706;633;557;26315;25602;Ninguno;No aplica
3720;1090445;2017-01-04 00:00:00;1;NEW YORK;34;0;Empleado;N;S;9000;310;700;1;495;686;616;625;14714;8332;Call center;Promesa de pago
3721;1060602;2017-06-10 00:00:00;0;CHICAGO;28;0;independiente;N;N;6400;300;600;3;750;650;471;600;24840;22041;Ninguno;No aplica
3722;1053042;2017-05-15 00:00:00;1;NEW YORK;35;0;Empleado;S;S;6400;350;850;0;585;477;677;585;6627;4191;Call center;Promesa de pago
3723;1030572;2018-09-13 00:00:00;1;545454;60;0;Pensionado;S;N;9000;200;1100;0;418;630;688;714;20996;20299;SMS;Pago parcial
3724;1084196;2015-09-13 00:00:00;0;ATLANTHIC SOUTH;39;0;Empleado;S;S;5625;465;1250;0;611;781;762;724;28010;24088;Ninguno;No aplica
3725;1040207;2018-01-30 00:00:00;0;ATLANTHIC SOUTH;39;0;Pensionado;S;N;3800;331;1120;2;669;704;595;668;10004;8773;Ninguno;No aplica
3726;1039288;2017-07-28 00:00:00;0;NEW YORK;68;41.66666667;Empleado;S;N;7500;7000;14380;0;729;615;589;622;18283;11144;Ninguno;No aplica
3727;1014138;2015-06-27 00:00:00;0;545454;34;0;Empleado;N;S;7500;400;1292;0;725;673;462;771;11652;8407;Ninguno;No aplica
3728;1018072;2017-10-18 00:00:00;1;545454;60;0;Pensionado;S;N;2500;455,555;1200;0;553;513;629;733;27800;22488;Correo;No contactado
3729;1091941;2019-08-08 00:00:00;0;NEW ENGALND;46;35;Empleado;S;S;5000;61344;129080;0;640;719;713;701;24554;21730;Ninguno;No aplica
3730;1086133;2014-12-27 00:00:00;0;NEW YORK;33;0;Pensionado;N;S;3000;250;600;1;584;599;607;774;25219;13920;Ninguno;No aplica
3731;1052293;2016-12-19 00:00:00;1;NEW YORK;30;13;Pensionado;N;N;15000;18400;24300;4;543;562;800;709;29401;28848;Correo;No contactado
3732;1023850;2018-10-08 00:00:00;0;545454;22;0;independiente;S;N;6000;468;1500;3;659;620;632;855;7151;6758;Ninguno;No aplica
3733;1078280;2015-11-21 00:00:00;1;ATLANTHIC SOUTH;57;0;independiente;S;N;4000;380;850;2;399;588;660;680;14429;9165;Whatsapp;Sin gestión
3734;1066885;2015-05-08 00:00:00;1;NEW YORK;20;0;independiente;N;N;6400;300;750;2;507;558;555;900;19072;17382;Whatsapp;Sin gestión
3735;1011872;2015-04-17 00:00:00;0;ATLANTHIC SOUTH;38;0;independiente;S;N;8000;1000;1632;0;740;691;670;582;16927;12850;Ninguno;No aplica
3736;1032642;2018-11-23 00:00:00;1;ATLANTHIC SOUTH;44;0;Empleado;S;S;16500;5400;20250;0;494;581;511;767;11905;8701;SMS;Pago parcial
3737;1070369;2019-03-27 00:00:00;0;CHICAGO;55;0;Pensionado;S;S;8000;680;1600;0;677;621;699;612;24218;15916;Ninguno;No aplica
3738;1050970;2017-06-16 00:00:00;1;545454;55;0;Pensionado;S;N;1750;495;1000;1;492;618;701;821;17452;13796;Correo;No contactado
3739;1036868;2016-06-28 00:00:00;1;545454;70;0;Pensionado;S;S;1250;500;1400;2;481;577;745;677;21212;18347;Whatsapp;Sin gestión
3740;1057683;2018-11-11 00:00:00;0;ATLANTHIC SOUTH;28;0;independiente;S;S;16500;3600;14400;3;633;621;579;696;23951;16897;Ninguno;No aplica
3741;1053865;2017-06-11 00:00:00;1;ATLANTHIC SOUTH;23;12;independiente;N;N;12800;4585,5;8491,5;0;464;714;661;661;6307;5138;Whatsapp;Sin gestión
3742;1082956;2014-09-14 00:00:00;0;NEW YORK;61;0;Pensionado;N;S;8750;550;1000;0;726;709;689;754;19852;16867;Ninguno;No aplica
3743;1083896;2014-12-01 00:00:00;1;NEW YORK;64;0;Empleado;N;S;7400;400;850;0;516;571;681;661;7660;6554;Correo;No contactado
3744;1085737;2015-02-21 00:00:00;0;ATLANTHIC SOUTH;48;0;independiente;N;S;8750;360;1000;0;708;765;589;822;15403;8102;Ninguno;No aplica
3745;1081929;2015-02-26 00:00:00;1;ATLANTHIC SOUTH;26;26;Pensionado;S;S;11500;14000;28000;2;450;691;483;630;25114;23353;Call center;Promesa de pago
3746;1058686;2018-07-28 00:00:00;1;NEW YORK;48;0;independiente;S;S;6250;1107;1560;0;491;571;674;599;15238;11110;Whatsapp;Sin gestión
3747;1049020;2019-10-04 00:00:00;0;CHICAGO;27;0;Empleado;S;S;9900;780;1906;1;591;701;639;756;11207;7074;Ninguno;No aplica
3748;1058526;2019-02-27 00:00:00;0;NEW ENGALND;51;30;Empleado;S;S;7300;5255;16550;3;709;621;610;617;24546;15240;Ninguno;No aplica
3749;1060435;2019-10-25 00:00:00;1;ATLANTHIC SOUTH;40;0;independiente;S;S;6250;470;1100;4;571;571;703;719;6140;4553;Correo;No contactado
3750;1032390;2017-11-11 00:00:00;0;545454;41;0;independiente;S;S;5000;365;921;4;626;668;647;641;29842;28153;Ninguno;No aplica
3751;1081507;2016-09-11 00:00:00;1;NEW YORK;23;0;Pensionado;N;S;5918;250;800;0;471;591;558;602;6708;4623;Whatsapp;Sin gestión
3752;1089814;2015-01-23 00:00:00;1;CHICAGO;56;0;Pensionado;S;S;4900;1300;2000;0;516;600;515;713;8630;7550;SMS;Pago parcial
3753;1045792;2017-11-28 00:00:00;0;NEW YORK;62;0;independiente;S;N;4000;410;850;1;763;714;571;784;24595;13488;Ninguno;No aplica
3754;1074538;2019-01-24 00:00:00;1;545454;45;0;independiente;S;S;8000;500;800;4;478;594;818;810;15485;11428;Whatsapp;Sin gestión
3755;1019141;2015-06-25 00:00:00;1;NEW YORK;35;0;Pensionado;N;S;8000;300;750;0;465;507;701;741;17021;16950;Correo;No contactado
3756;1080413;2017-02-24 00:00:00;0;ATLANTHIC SOUTH;33;0;Pensionado;N;N;7500;350;1590;0;602;624;663;770;27922;24717;Ninguno;No aplica
3757;1039978;2014-11-01 00:00:00;0;ATLANTHIC SOUTH;45;0;Pensionado;S;N;6250;950;1500;0;705;647;637;575;21859;13230;Ninguno;No aplica
3758;1093424;2015-07-29 00:00:00;1;545454;35;0;Pensionado;S;S;5400;1080;2400;3;602;563;633;691;12684;9522;Whatsapp;Sin gestión
3759;1044115;2017-12-14 00:00:00;0;NEW YORK;48;0;Pensionado;N;S;6000;360;800;0;714;743;732;706;6207;3829;Ninguno;No aplica
3760;1060976;2017-11-29 00:00:00;1;545454;27;0;Pensionado;S;S;6000;175;1900;2;499;510;616;708;18331;12919;SMS;Pago parcial
3761;1007231;2018-07-12 00:00:00;0;NEW YORK;59;0;Empleado;S;N;4800;300;850;3;716;659;690;648;6960;6195;Ninguno;No aplica
3762;1039314;2015-03-09 00:00:00;1;NEW YORK;22;0;Empleado;N;S;8561;925;1250;0;499;637;626;612;5557;4921;SMS;Pago parcial
3763;1042712;2016-08-30 00:00:00;0;NEW YORK;58;0;Empleado;S;S;8125;200;670;1;659;662;786;483;20883;12823;Ninguno;No aplica
3764;1001149;2019-03-20 00:00:00;1;CHICAGO;28;0;independiente;N;N;4800;300;600;0;541;608;702;794;18893;18158;Whatsapp;Sin gestión
3765;1092773;2016-03-22 00:00:00;0;545454;45;0;Empleado;S;N;7600;700;1500;4;711;672;737;692;5882;4684;Ninguno;No aplica
3766;1056705;2019-05-03 00:00:00;1;ATLANTHIC SOUTH;44;9999999;Empleado;N;S;9600;350;1450;0;501;595;609;801;9761;6735;Whatsapp;Sin gestión
3767;1052821;2019-05-19 00:00:00;0;ATLANTHIC SOUTH;57;21;Pensionado;N;S;16800;6300;12600;3;651;666;724;631;10867;8161;Ninguno;No aplica
3768;1029790;2014-07-01 00:00:00;0;NEW YORK;37;0;Empleado;S;S;6250;116;450;4;765;720;628;606;28347;22749;Ninguno;No aplica
3769;1004154;2015-05-11 00:00:00;0;NEW YORK;59;0;Pensionado;N;S;7500;650;920;0;733;587;658;671;17869;13937;Ninguno;No aplica
3770;1025869;2018-11-11 00:00:00;0;NEW YORK;62;40;independiente;N;N;13920;10500;16500;3;672;658;764;747;12166;9042;Ninguno;No aplica
3771;1034633;2016-05-19 00:00:00;0;545454;39;0;independiente;N;N;9000;350;1200;1;750;698;577;649;17982;13531;Ninguno;No aplica
3772;1011091;2016-07-24 00:00:00;0;ATLANTHIC SOUTH;44;0;Empleado;S;S;5000;1300;2500;4;675;712;664;742;12929;7605;Ninguno;No aplica
3773;1090351;2016-07-11 00:00:00;0;ATLANTHIC SOUTH;37;0;Empleado;S;S;7500;1500;3000;3;661;770;681;579;10347;9378;Ninguno;No aplica
3774;1071411;2016-02-29 00:00:00;0;NEW YORK;35;0;Pensionado;S;S;5000;225;485;0;662;657;686;655;12269;9458;Ninguno;No aplica
3775;1039147;2014-10-22 00:00:00;0;NEW YORK;22;0;Empleado;N;S;5000;370;850;1;611;769;618;664;29509;16689;Ninguno;No aplica
3776;1073923;2014-11-20 00:00:00;0;NEW YORK;35;35;independiente;S;S;9000;9168;12000;4;724;640;796;780;18527;16361;Ninguno;No aplica
3777;1022429;2017-09-14 00:00:00;1;NEW YORK;50;0;Pensionado;S;S;5000;753;940;2;408;660;559;739;7454;7202;SMS;Pago parcial
3778;1069461;2018-04-08 00:00:00;0;NEW YORK;35;0;Empleado;S;S;8125;600;1200;3;639;729;752;827;25878;25196;Ninguno;No aplica
3779;1037758;2015-12-14 00:00:00;0;NEW YORK;58;0;Pensionado;S;S;8000;636,5;958,4;0;596;625;735;549;23330;15970;Ninguno;No aplica
3780;1036843;2017-12-06 00:00:00;0;ATLANTHIC SOUTH;37;25;Pensionado;S;S;11450;495;1280;3;696;698;783;682;17991;10215;Ninguno;No aplica
3781;1013774;2016-06-10 00:00:00;0;NEW YORK;54;0;Pensionado;S;N;10400;650;1800;0;692;677;539;686;7808;5928;Ninguno;No aplica
3782;1080567;2018-04-25 00:00:00;1;NEW YORK;63;0;Pensionado;S;N;11600;450;950;0;484;618;589;776;11642;6476;SMS;Pago parcial
3783;1067028;2016-06-18 00:00:00;0;NEW YORK;28;0;Pensionado;S;S;4000;200;350;4;648;667;754;597;8825;8534;Ninguno;No aplica
3784;1090426;2017-08-16 00:00:00;1;ATLANTHIC SOUTH;29;0;Empleado;S;S;7500;200;900;0;441;562;519;872;8536;5052;Call center;Promesa de pago
3785;1038970;2017-08-14 00:00:00;1;NEW YORK;35;0;Empleado;S;S;11500;399;980;0;523;662;538;721;27452;17195;Call center;Promesa de pago
3786;1073415;2016-08-13 00:00:00;1;CHICAGO;37;0;independiente;S;S;8930;310;750;0;472;574;616;622;20309;14284;SMS;Pago parcial
3787;1003749;2018-07-16 00:00:00;0;ATLANTHIC SOUTH;39;0;Pensionado;S;S;6250;400;1500;3;716;730;663;669;8802;6087;Ninguno;No aplica
3788;1025054;2019-10-28 00:00:00;1;ATLANTHIC SOUTH;24;10;Pensionado;N;S;12000;3150;16200;3;456;566;761;692;26083;23405;Whatsapp;Sin gestión
3789;1047102;2015-05-29 00:00:00;0;ATLANTHIC SOUTH;46;0;Pensionado;S;S;8000;300;1300;3;709;780;637;920;23354;17005;Ninguno;No aplica
3790;1087418;2016-11-11 00:00:00;1;ATLANTHIC SOUTH;52;0;Empleado;S;S;11250;811;1783;3;565;539;607;814;27190;15917;Correo;No contactado
3791;1050865;2019-09-22 00:00:00;1;ATLANTHIC SOUTH;47;0;Empleado;S;N;9600;3060;12600;2;529;543;672;724;11142;7060;Whatsapp;Sin gestión
3792;1045940;2017-06-09 00:00:00;0;NEW YORK;29;0;Pensionado;S;S;11500;476;930;2;679;771;683;660;24203;18263;Ninguno;No aplica
3793;1069535;2014-10-24 00:00:00;0;NEW YORK;79;0;independiente;S;S;5800;227;650;0;713;653;681;756;14094;8086;Ninguno;No aplica
3794;1049692;2016-10-06 00:00:00;1;NEW YORK;66;0;Empleado;S;N;11250;600;2000;0;488;676;638;810;5364;4322;Whatsapp;Sin gestión
3795;1042229;2018-05-27 00:00:00;1;545454;66;0;Empleado;S;S;6000;700;1600;1;500;634;513;458;25642;20074;Call center;Promesa de pago
3796;1036077;2015-11-24 00:00:00;1;545454;48;0;Empleado;S;N;12000;300;1000;0;484;571;586;778;24503;21008;Call center;Promesa de pago
3797;1086560;2015-04-29 00:00:00;0;NEW ENGALND;24;0;independiente;S;S;12600;400;1400;0;692;571;749;673;20688;20044;Ninguno;No aplica
3798;1025770;2015-12-27 00:00:00;1;ATLANTHIC SOUTH;39;2;Pensionado;N;S;12500;8500;17800;2;511;579;663;602;6863;6562;Call center;Promesa de pago
3799;1000530;2018-12-08 00:00:00;1;ATLANTHIC SOUTH;31;0;Pensionado;S;N;12000;3850;15300;1;450;586;627;799;21499;20919;SMS;Pago parcial
3800;1061843;2017-07-05 00:00:00;0;NEW YORK;34;0;Pensionado;S;N;1200;150;800;4;649;750;728;872;12084;7521;Ninguno;No aplica
3801;1036545;2014-06-20 00:00:00;1;ATLANTHIC SOUTH;52;5;Empleado;S;S;11500;400;800;0;431;675;571;770;13016;7364;SMS;Pago parcial
3802;1034165;2015-11-29 00:00:00;1;ATLANTHIC SOUTH;22;0;independiente;N;S;11875;7500;16500;2;420;539;634;819;7384;4808;Whatsapp;Sin gestión
3803;1009552;2014-10-18 00:00:00;0;NEW YORK;50;0;Empleado;S;S;2000;177,72;484,8;0;639;728;660;832;20072;19019;Ninguno;No aplica
3804;1060695;2018-08-25 00:00:00;1;NEW YORK;41;0;Empleado;S;N;3000;335;1000;4;508;626;619;645;8935;8810;Whatsapp;Sin gestión
3805;1029074;2019-08-26 00:00:00;0;545454;34;0;Empleado;S;S;4000;350;1000;1;655;744;657;503;18127;16852;Ninguno;No aplica
3806;1048435;2018-11-20 00:00:00;1;ATLANTHIC SOUTH;44;0;independiente;S;N;11200;4160;18400;0;526;610;637;779;19482;10813;Correo;No contactado
3807;1074452;2018-09-03 00:00:00;0;ATLANTHIC SOUTH;37;0;Pensionado;N;S;7500;1000;4500;1;702;563;552;648;12742;12407;Ninguno;No aplica
3808;1002368;2014-11-03 00:00:00;0;NEW YORK;35;0;Pensionado;N;S;6625;408;800;4;602;671;663;546;21165;15063;Ninguno;No aplica
3809;1026236;2016-01-09 00:00:00;1;ATLANTHIC SOUTH;34;0;Empleado;S;S;2500;554;1900;0;533;511;557;713;26826;13538;Whatsapp;Sin gestión
3810;1081373;2017-09-23 00:00:00;0;NEW ENGALND;20;0;Pensionado;S;S;11000;225;1200;0;741;668;662;735;7490;5402;Ninguno;No aplica
3811;1012158;2015-07-25 00:00:00;1;545454;44;0;Pensionado;S;N;7000;270;1270;2;450;639;746;707;28364;14835;Whatsapp;Sin gestión
3812;1055021;2015-08-05 00:00:00;0;CHICAGO;58;0;independiente;S;S;7500;765;1202;3;721;698;630;599;18324;14145;Ninguno;No aplica
3813;1078074;2019-08-28 00:00:00;0;ATLANTHIC SOUTH;21;0;Empleado;N;S;14000;400;12000;4;657;749;568;650;29045;19439;Ninguno;No aplica
3814;1011595;2015-04-10 00:00:00;0;545454;57;0;Empleado;S;N;3500;310;750;1;705;701;641;668;23108;17024;Ninguno;No aplica
3815;1020043;2019-11-25 00:00:00;1;ATLANTHIC SOUTH;46;0;Pensionado;S;S;6000;1410;1552;3;437;502;592;546;29566;23847;Call center;Promesa de pago
3816;1006892;2019-04-02 00:00:00;0;NEW YORK;64;0;independiente;S;S;4000;340;600;0;610;529;692;657;24151;22567;Ninguno;No aplica
3817;1024985;2017-03-28 00:00:00;1;NEW YORK;65;0;Pensionado;S;S;10000;250;950;3;481;589;640;599;6137;5100;Call center;Promesa de pago
3818;1042288;2014-11-27 00:00:00;1;NEW YORK;44;0;independiente;S;N;8000;206;1300;3;494;567;770;779;25501;18285;Call center;Promesa de pago
3819;1085528;2016-10-26 00:00:00;0;NEW YORK;73;0;independiente;S;S;1750;265;700;4;680;621;731;530;8420;7660;Ninguno;No aplica
3820;1044293;2017-05-01 00:00:00;0;545454;58;0;Pensionado;N;S;8000;180;600;3;641;578;639;761;10845;10333;Ninguno;No aplica
3821;1069338;2018-08-15 00:00:00;1;ATLANTHIC SOUTH;56;0;Pensionado;S;S;11250;218;900;2;480;536;700;683;26162;14648;Call center;Promesa de pago
3822;1058916;2019-08-19 00:00:00;1;ATLANTHIC SOUTH;57;0;Pensionado;S;N;9600;4300;16000;0;513;568;622;671;8906;6822;Call center;Promesa de pago
3823;1051375;2016-07-19 00:00:00;1;545454;47;0;independiente;S;S;9000;350;1230;2;498;620;652;747;25021;16070;Correo;No contactado
3824;1027448;2016-01-27 00:00:00;1;545454;40;0;independiente;S;S;5000;400;1600;0;509;591;625;642;24337;12741;Correo;No contactado
3825;1010796;2018-02-16 00:00:00;1;ATLANTHIC SOUTH;36;16;independiente;S;S;12500;10530;30600;0;466;676;704;745;27313;22787;Correo;No contactado
3826;1031044;2018-04-30 00:00:00;1;545454;30;0;Empleado;S;N;1250;180;1200;0;559;518;750;654;17413;16218;Call center;Promesa de pago
3827;1014497;2015-11-03 00:00:00;0;545454;36;0;Pensionado;S;S;8000;240;1300;0;641;733;706;620;5276;3068;Ninguno;No aplica
3828;1067174;2019-04-06 00:00:00;0;CHICAGO;40;10;independiente;S;S;9000;8500;26000;0;724;683;715;706;23383;21190;Ninguno;No aplica
3829;1070486;2017-09-16 00:00:00;0;NEW YORK;50;30;independiente;N;N;6300;14130;22800;0;759;722;715;568;22611;20954;Ninguno;No aplica
3830;1037640;2015-08-17 00:00:00;0;NEW ENGALND;58;0;independiente;S;S;12000;250;1600;2;724;654;689;556;11337;10851;Ninguno;No aplica
3831;1004969;2016-08-29 00:00:00;1;ATLANTHIC SOUTH;24;0;Empleado;S;S;7500;429;1300;0;490;644;570;742;16944;10719;SMS;Pago parcial
3832;1094334;2016-09-05 00:00:00;1;NEW YORK;38;0;Pensionado;N;S;4375;328;511;0;474;598;769;718;25119;23913;Call center;Promesa de pago
3833;1055698;2015-11-28 00:00:00;0;NEW YORK;38;0;Empleado;N;S;1875;328;511;1;752;639;776;685;20906;13805;Ninguno;No aplica
3834;1055757;2017-05-16 00:00:00;1;CHICAGO;70;0;Pensionado;S;S;6375;500;1000;0;429;579;634;749;22079;17137;Call center;Promesa de pago
3835;1083066;2016-01-20 00:00:00;1;NEW YORK;53;0;Pensionado;S;S;2800;380;800;1;451;566;624;725;25536;13413;Correo;No contactado
3836;1097162;2017-05-24 00:00:00;0;NEW YORK;30;10;Empleado;N;S;7438;3420;9630;1;680;709;693;725;29285;15285;Ninguno;No aplica
3837;1084338;2014-12-29 00:00:00;1;CHICAGO;35;10;independiente;N;N;10500;1237;2278;2;562;509;689;729;28854;24820;Call center;Promesa de pago
3838;1051324;2014-09-17 00:00:00;0;CHICAGO;29;0;Empleado;N;S;11250;100;600;0;719;678;636;489;17306;12499;Ninguno;No aplica
3839;1094618;2019-01-15 00:00:00;1;ATLANTHIC SOUTH;37;0;independiente;S;N;3800;250;920;0;452;604;562;563;28921;18167;Correo;No contactado
3840;1045467;2016-12-12 00:00:00;1;NEW YORK;19;0;independiente;N;S;6750;130;600;0;484;582;671;894;15503;9227;Call center;Promesa de pago
3841;1013945;2020-07-25 00:00:00;0;ATLANTHIC SOUTH;48;0;Empleado;S;S;2600;540;1040;2;669;761;689;670;24225;20227;Ninguno;No aplica
3842;1012979;2020-04-26 00:00:00;0;545454;60;0;independiente;S;S;5000;350;1600;0;665;726;701;756;9208;4606;Ninguno;No aplica
3843;1003577;2017-09-19 00:00:00;1;NEW ENGALND;29;0;Pensionado;N;N;9000;350;855;1;549;580;674;689;16590;14980;Whatsapp;Sin gestión
3844;1045812;2017-01-17 00:00:00;1;NEW YORK;32;0;Empleado;S;S;5400;970;1150;0;431;593;631;715;15886;8572;SMS;Pago parcial
3845;1037978;2016-11-02 00:00:00;1;NEW YORK;41;0;independiente;N;S;6800;165;490;0;580;598;720;679;17866;10644;SMS;Pago parcial
3846;1036822;2017-05-10 00:00:00;0;NEW YORK;57;0;Empleado;S;S;3125;400;900;1;741;704;655;892;6088;4220;Ninguno;No aplica
3847;1052994;2017-06-04 00:00:00;1;NEW YORK;61;0;Pensionado;S;S;7600;600;1500;0;555;470;617;743;8363;6209;Correo;No contactado
3848;1085611;2020-03-15 00:00:00;1;ATLANTHIC SOUTH;53;0;Empleado;N;N;6200;1020;1100;3;477;562;637;672;5024;3404;Whatsapp;Sin gestión
3849;1082347;2017-06-28 00:00:00;0;CHICAGO;23;0;Empleado;N;S;10500;1105;2130;3;693;591;528;521;14764;9749;Ninguno;No aplica
3850;1029057;2016-03-01 00:00:00;1;NEW YORK;34;0;Empleado;N;S;3150;350;2500;4;428;657;637;898;27528;27031;SMS;Pago parcial
3851;1098733;2017-06-04 00:00:00;1;CHICAGO;40;0;Empleado;N;N;9000;780;1300;4;474;576;698;705;27052;22204;Correo;No contactado
3852;1055495;2019-04-12 00:00:00;1;ATLANTHIC SOUTH;43;0;Pensionado;N;S;2000;466,666;916,666;1;525;568;674;787;25620;13110;Call center;Promesa de pago
3853;1044774;2016-04-17 00:00:00;0;ATLANTHIC SOUTH;43;0;Empleado;S;S;3750;1491;2300;0;765;734;756;747;14959;10697;Ninguno;No aplica
3854;1077369;2017-09-02 00:00:00;1;ATLANTHIC SOUTH;48;0;independiente;S;S;5500;1125;2737,5;0;445;605;632;678;17935;16814;Call center;Promesa de pago
3855;1060545;2018-05-03 00:00:00;0;CHICAGO;55;0;Pensionado;S;S;6500;900;1300;0;682;612;684;731;13068;8504;Ninguno;No aplica
3856;1074689;2020-08-16 00:00:00;1;ATLANTHIC SOUTH;41;0;independiente;S;S;7500;490;970;0;492;576;705;666;23619;12926;Whatsapp;Sin gestión
3857;1014578;2018-09-16 00:00:00;0;CHICAGO;51;0;Empleado;N;S;3750;450;670;0;630;660;814;581;12295;10810;Ninguno;No aplica
3858;1049654;2020-08-08 00:00:00;1;ATLANTHIC SOUTH;39;0;Empleado;N;S;6250;490;1350;0;530;475;660;825;13392;10754;SMS;Pago parcial
3859;1033390;2020-02-01 00:00:00;0;NEW YORK;57;0;independiente;S;S;8000;880;1250;4;664;639;577;656;16390;12869;Ninguno;No aplica
3860;1022190;2016-06-18 00:00:00;1;NEW YORK;39;0;Pensionado;S;S;7500;450;850;0;490;569;709;767;13448;7084;Call center;Promesa de pago
3861;1065739;2017-06-08 00:00:00;0;ATLANTHIC SOUTH;53;0;independiente;S;S;3000;339;1400;0;677;673;781;707;25131;14331;Ninguno;No aplica
3862;1020951;2017-07-14 00:00:00;0;NEW YORK;42;0;Pensionado;S;S;10000;350;1200;1;661;591;627;727;15433;12520;Ninguno;No aplica
3863;1087130;2015-11-30 00:00:00;1;NEW YORK;41;0;Pensionado;S;S;5400;850;1050;3;500;649;709;580;20038;12101;Correo;No contactado
3864;1006659;2020-11-14 00:00:00;0;CHICAGO;55;0;independiente;S;S;5000;500;1000;0;689;674;736;617;24559;18469;Ninguno;No aplica
3865;1040940;2020-07-14 00:00:00;1;NEW YORK;45;0;Pensionado;S;S;8750;500;1000;0;481;582;721;691;16528;12767;Call center;Promesa de pago
3866;1068843;2019-05-04 00:00:00;0;NEW YORK;45;0;Pensionado;S;S;1875;305;580;0;664;704;659;595;26281;16866;Ninguno;No aplica
3867;1011630;2015-07-28 00:00:00;1;NEW ENGALND;44;0;Empleado;S;S;8000;500;1200;0;516;533;601;759;26421;25740;Call center;Promesa de pago
3868;1083113;2020-08-08 00:00:00;1;NEW YORK;30;0;Empleado;N;S;7050;1136;2440;1;583;607;644;827;20743;19109;SMS;Pago parcial
3869;1058471;2019-10-07 00:00:00;1;NEW YORK;37;0;Pensionado;N;S;2500;400;900;0;507;558;682;841;28811;24812;SMS;Pago parcial
3870;1052930;2015-08-01 00:00:00;0;NEW YORK;48;0;independiente;S;S;7500;1475,317;2418,4;1;750;626;714;639;13605;7333;Ninguno;No aplica
3871;1059493;2016-11-05 00:00:00;1;CHICAGO;50;0;independiente;N;S;3000;720;1200;0;430;614;673;746;7014;3879;Correo;No contactado
3872;1045981;2017-09-29 00:00:00;1;NEW YORK;34;0;independiente;S;S;11900;400;1250;0;508;670;623;760;6381;4763;Whatsapp;Sin gestión
3873;1007648;2017-05-16 00:00:00;1;NEW YORK;40;0;independiente;N;N;8000;325;1200;2;445;623;689;776;6098;3539;Whatsapp;Sin gestión
3874;1070180;2019-01-13 00:00:00;0;ATLANTHIC SOUTH;33;0;Empleado;S;S;13000;380;2200;0;626;735;710;591;24810;24540;Ninguno;No aplica
3875;1012210;2020-05-29 00:00:00;0;545454;30;0;Pensionado;S;S;8750;600;1400;0;663;649;677;834;25039;14504;Ninguno;No aplica
3876;1040754;2016-08-27 00:00:00;1;NEW YORK;45;0;Empleado;N;N;11700;210;750;4;560;484;591;803;29322;21808;Call center;Promesa de pago
3877;1009204;2016-09-30 00:00:00;0;CHICAGO;20;0;Pensionado;N;S;9000;180;300;1;748;769;637;756;14101;9618;Ninguno;No aplica
3878;1075114;2020-03-05 00:00:00;1;NEW ENGALND;41;0;Pensionado;S;N;9600;250;1450;4;512;703;716;828;5187;4252;Correo;No contactado
3879;1013699;2018-01-19 00:00:00;1;NEW YORK;26;0;Pensionado;S;N;11000;820;1800;0;423;673;553;768;16948;9567;Whatsapp;Sin gestión
3880;1052974;2017-10-21 00:00:00;1;NEW YORK;27;0;Pensionado;N;S;4000;250;800;3;490;560;503;628;15207;10875;Whatsapp;Sin gestión
3881;1050581;2020-07-17 00:00:00;0;ATLANTHIC SOUTH;38;0;independiente;S;S;7600;740;1650;2;715;611;756;657;26793;17077;Ninguno;No aplica
3882;1009250;2016-11-09 00:00:00;0;NEW YORK;27;0;Empleado;S;S;7500;1207,458;2263,167;0;709;616;686;521;7092;6694;Ninguno;No aplica
3883;1026276;2017-04-01 00:00:00;0;ATLANTHIC SOUTH;40;0;Pensionado;S;S;11250;520;1300;1;608;579;692;707;23514;12234;Ninguno;No aplica
3884;1098005;2019-10-23 00:00:00;0;NEW YORK;48;0;independiente;S;S;8500;420;1500;0;655;674;575;655;10242;9800;Ninguno;No aplica
3885;1090163;2018-02-09 00:00:00;1;NEW YORK;54;0;independiente;S;S;4000;450;1500;0;497;676;702;716;13549;12418;Call center;Promesa de pago
3886;1029455;2019-07-13 00:00:00;0;ATLANTHIC SOUTH;27;0;Pensionado;S;S;6500;645;1250;0;727;672;669;778;27031;17537;Ninguno;No aplica
3887;1043504;2016-08-09 00:00:00;0;ATLANTHIC SOUTH;55;0;Empleado;N;S;13500;320;1100;0;590;698;539;629;10185;9112;Ninguno;No aplica
3888;1057876;2016-10-06 00:00:00;1;NEW YORK;57;0;Empleado;N;S;10400;320;750;0;492;663;750;697;20271;10452;Correo;No contactado
3889;1027309;2019-02-10 00:00:00;0;NEW YORK;53;0;Pensionado;S;S;11250;1168;2308;1;707;656;661;672;10776;10597;Ninguno;No aplica
3890;1082024;2017-08-06 00:00:00;1;NEW YORK;40;0;Empleado;N;S;5000;500;1200;0;542;702;622;554;17449;13319;Whatsapp;Sin gestión
3891;1017920;2017-11-25 00:00:00;1;NEW ENGALND;44;0;Empleado;S;S;9000;600;2500;2;535;700;624;696;29297;19091;SMS;Pago parcial
3892;1044631;2015-12-28 00:00:00;0;545454;59;0;independiente;S;S;3400;200;1300;2;729;672;509;446;28931;19710;Ninguno;No aplica
3893;1089873;2019-03-19 00:00:00;1;ATLANTHIC SOUTH;35;0;Pensionado;N;S;3125;390;1390;0;460;545;692;667;12823;6837;SMS;Pago parcial
3894;1056421;2017-12-15 00:00:00;1;NEW YORK;46;0;Pensionado;S;S;5400;870;1150;0;405;622;668;797;20717;20607;Call center;Promesa de pago
3895;1072549;2018-04-18 00:00:00;0;CHICAGO;31;0;independiente;S;S;11200;500;1100;0;680;659;636;710;12355;6420;Ninguno;No aplica
3896;1093278;2017-10-08 00:00:00;1;NEW YORK;66;0;Pensionado;S;S;8260;399;1400;2;550;511;739;666;11465;9487;Call center;Promesa de pago
3897;1005133;2016-09-11 00:00:00;1;545454;35;0;independiente;N;N;10000;400;1600;0;570;657;553;724;17737;12795;Call center;Promesa de pago
3898;1026938;2016-10-05 00:00:00;0;545454;32;0;independiente;N;N;6250;600;1003;0;736;753;608;573;22881;22297;Ninguno;No aplica
3899;1013299;2016-04-07 00:00:00;1;NEW YORK;44;0;Pensionado;S;S;7497;450;950;4;521;589;590;720;18324;11416;Call center;Promesa de pago
3900;1087399;2016-01-15 00:00:00;1;545454;37;0;independiente;N;N;11250;700;1280;0;519;504;630;984;15350;11759;Whatsapp;Sin gestión
3901;1039357;2019-11-04 00:00:00;0;NEW YORK;41;0;Pensionado;N;S;6250;195;500;0;672;606;655;836;7555;5600;Ninguno;No aplica
3902;1011069;2020-10-25 00:00:00;0;ATLANTHIC SOUTH;51;0;independiente;S;S;3000;400;685,013;0;693;686;680;675;26793;22812;Ninguno;No aplica
3903;1064941;2018-11-24 00:00:00;0;NEW YORK;51;0;Pensionado;S;S;5000;330;1100;1;783;650;626;684;7951;4246;Ninguno;No aplica
3904;1032819;2020-04-24 00:00:00;0;ATLANTHIC SOUTH;28;0;Empleado;S;S;16175;490;1200;0;653;660;589;582;22622;13503;Ninguno;No aplica
3905;1042978;2016-11-22 00:00:00;0;CHICAGO;30;0;Empleado;N;N;7200;300;600;4;781;741;768;598;9727;5907;Ninguno;No aplica
3906;1089525;2018-07-10 00:00:00;0;NEW YORK;59;0;Empleado;S;S;1900;292;620;3;684;724;819;703;25349;22030;Ninguno;No aplica
3907;1003294;2019-06-22 00:00:00;1;NEW ENGALND;67;0;independiente;S;S;8000;385;1000;1;566;663;660;673;10686;6354;Correo;No contactado
3908;1082246;2018-06-06 00:00:00;1;NEW YORK;30;0;Empleado;S;S;4000;480;1100;2;430;521;597;801;8701;6845;Call center;Promesa de pago
3909;1096472;2016-03-10 00:00:00;0;NEW YORK;38;0;Pensionado;S;N;8750;650;1300;2;729;659;753;811;7780;4727;Ninguno;No aplica
3910;1038001;2015-07-29 00:00:00;0;NEW YORK;44;0;Pensionado;S;S;6000;325;850;2;663;726;549;700;28782;26791;Ninguno;No aplica
3911;1027469;2020-08-14 00:00:00;0;NEW YORK;35;0;Empleado;S;S;8500;190;700;1;629;707;627;679;22972;22308;Ninguno;No aplica
3912;1046997;2016-11-05 00:00:00;1;ATLANTHIC SOUTH;60;0;Pensionado;S;S;4750;558,125;1952,708;1;511;672;601;569;7368;5594;Call center;Promesa de pago
3913;1062177;2015-06-20 00:00:00;1;NEW ENGALND;34;0;Empleado;S;S;12000;1290;2130;0;550;605;569;787;20592;13923;Whatsapp;Sin gestión
3914;1032662;2016-03-31 00:00:00;0;NEW YORK;55;0;independiente;S;S;12000;607;1340;0;658;791;630;567;27173;16767;Ninguno;No aplica
3915;1055188;2018-09-08 00:00:00;1;NEW YORK;42;0;Pensionado;N;S;3375;400;570;3;425;612;590;682;5436;2853;Call center;Promesa de pago
3916;1041999;2017-03-23 00:00:00;1;NEW YORK;31;0;Empleado;S;S;16250;470;1230;0;495;644;651;806;7828;4965;Call center;Promesa de pago
3917;1040277;2020-01-03 00:00:00;1;NEW ENGALND;26;0;Pensionado;N;N;9000;350;880;0;496;561;652;813;6556;5423;Correo;No contactado
3918;1039670;2019-02-27 00:00:00;1;CHICAGO;54;0;independiente;S;N;5000;550;900;1;527;581;607;678;28954;22202;SMS;Pago parcial
3919;1018082;2020-07-20 00:00:00;0;ATLANTHIC SOUTH;72;0;Pensionado;N;S;15000;400;1000;4;747;735;624;633;18364;17850;Ninguno;No aplica
3920;1070400;2018-03-03 00:00:00;1;CHICAGO;26;0;independiente;N;N;11250;400;1000;0;497;677;634;657;28864;20151;Call center;Promesa de pago
3921;1000783;2017-05-06 00:00:00;1;545454;64;0;Empleado;S;S;10800;210;1000;0;593;624;707;612;20061;16990;Whatsapp;Sin gestión
3922;1046236;2015-06-10 00:00:00;0;NEW YORK;40;0;Empleado;N;S;7500;400;1300;3;711;675;640;613;15576;11599;Ninguno;No aplica
3923;1070955;2017-06-20 00:00:00;0;NEW YORK;41;0;Empleado;S;S;3750;320;750;4;683;763;708;525;21566;16310;Ninguno;No aplica
3924;1061381;2017-06-15 00:00:00;1;NEW YORK;28;0;independiente;S;S;7000;260;1450;0;419;448;691;781;12190;7727;Correo;No contactado
3925;1096259;2018-10-20 00:00:00;1;NEW YORK;24;0;Empleado;S;S;11200;200;500;0;487;495;690;756;28071;20421;Whatsapp;Sin gestión
3926;1009113;2018-12-27 00:00:00;1;NEW ENGALND;22;0;Pensionado;N;S;12113;1200;3000;1;483;621;747;770;10565;7769;Correo;No contactado
3927;1063627;2020-07-31 00:00:00;0;NEW YORK;46;0;Pensionado;S;S;7000;642,5;1271,666;3;748;681;572;584;28625;24426;Ninguno;No aplica
3928;1081970;2020-04-03 00:00:00;1;NEW YORK;31;0;Pensionado;S;S;6700;495;900;4;523;616;617;612;20369;19764;Correo;No contactado
3929;1094277;2016-08-13 00:00:00;1;545454;54;0;Pensionado;S;S;6400;440;1300;2;441;584;773;725;29035;19298;Call center;Promesa de pago
3930;1045808;2019-01-05 00:00:00;0;NEW YORK;48;0;Empleado;S;N;6250;340;620;3;709;714;632;676;26959;14048;Ninguno;No aplica
3931;1023477;2020-02-28 00:00:00;1;ATLANTHIC SOUTH;26;0;Pensionado;S;S;8750;750;2230;0;534;531;453;707;6589;4930;Call center;Promesa de pago
3932;1076169;2017-03-08 00:00:00;0;ATLANTHIC SOUTH;37;0;Pensionado;S;S;12375;780;2980;2;776;714;636;644;5159;3984;Ninguno;No aplica
3933;1083535;2017-11-01 00:00:00;1;NEW YORK;33;0;Empleado;S;S;7200;1265;3800;3;544;640;659;874;17145;10016;Call center;Promesa de pago
3934;1007708;2016-02-21 00:00:00;1;NEW YORK;42;0;Pensionado;S;S;7500;175;350;0;538;653;467;758;20373;17933;SMS;Pago parcial
3935;1055723;2016-03-23 00:00:00;1;ATLANTHIC SOUTH;37;0;Pensionado;S;S;10000;600;2000;1;503;701;743;897;11555;11468;SMS;Pago parcial
3936;1002769;2020-08-23 00:00:00;0;CHICAGO;50;0;independiente;S;S;5000;330;700;2;719;695;600;784;21237;20661;Ninguno;No aplica
3937;1084000;2016-02-24 00:00:00;1;ATLANTHIC SOUTH;56;0;Empleado;S;N;10000;320;1300;0;562;596;673;873;14203;8501;Whatsapp;Sin gestión
3938;1050021;2020-11-18 00:00:00;1;ATLANTHIC SOUTH;51;0;independiente;S;N;10200;526;1500;3;433;489;634;623;13244;12419;Call center;Promesa de pago
3939;1024895;2018-06-09 00:00:00;0;CHICAGO;36;0;Pensionado;S;N;6350;410;950;0;683;648;560;723;19743;16826;Ninguno;No aplica
3940;1045882;2017-12-18 00:00:00;1;545454;59;0;Pensionado;S;S;6250;208;669;0;461;568;575;681;18333;13327;SMS;Pago parcial
3941;1016788;2020-10-10 00:00:00;0;NEW YORK;67;0;Pensionado;S;S;13612;600;1200;0;719;743;585;520;18341;14128;Ninguno;No aplica
3942;1098320;2018-03-27 00:00:00;0;545454;26;0;independiente;S;S;10000;508;978;4;762;643;726;805;28230;26107;Ninguno;No aplica
3943;1031945;2018-11-29 00:00:00;0;NEW YORK;28;0;Empleado;S;S;11875;400;1000;0;670;728;640;644;23691;17533;Ninguno;No aplica
3944;1001868;2020-01-05 00:00:00;0;545454;48;0;independiente;S;S;10000;500;1000;4;580;680;613;575;6228;4276;Ninguno;No aplica
3945;1023186;2018-09-16 00:00:00;0;NEW YORK;61;0;Pensionado;S;S;11250;756;1321,6;3;679;669;585;633;28610;21361;Ninguno;No aplica
3946;1092154;2016-12-02 00:00:00;0;ATLANTHIC SOUTH;34;0;Empleado;S;S;6875;700;1400;3;746;695;734;598;10590;8361;Ninguno;No aplica
3947;1037676;2018-09-17 00:00:00;1;ATLANTHIC SOUTH;42;0;Empleado;S;S;12000;400;1200;1;527;557;752;658;28303;16827;Call center;Promesa de pago
3948;1065795;2016-12-31 00:00:00;1;ATLANTHIC SOUTH;66;0;Pensionado;S;S;3750;680;1780;1;521;554;733;700;10585;10061;SMS;Pago parcial
3949;1038769;2020-04-26 00:00:00;0;NEW YORK;66;0;Empleado;S;S;9375;650;1000;0;686;578;684;826;14227;11909;Ninguno;No aplica
3950;1075892;2019-07-03 00:00:00;1;CHICAGO;30;0;Pensionado;N;S;7500;250;800;0;436;565;670;660;11046;9021;SMS;Pago parcial
3951;1039093;2019-02-15 00:00:00;0;NEW YORK;76;0;Pensionado;S;S;4200;457,049;1200;1;726;651;565;819;17237;9476;Ninguno;No aplica
3952;1008661;2020-11-02 00:00:00;0;CHICAGO;42;0;independiente;S;S;7830;430;850;1;658;649;633;746;20649;16562;Ninguno;No aplica
3953;1002819;2019-04-07 00:00:00;0;NEW YORK;61;0;Pensionado;S;S;9000;400;1000;2;809;705;602;706;9945;5574;Ninguno;No aplica
3954;1003891;2015-12-12 00:00:00;1;545454;20;0;Empleado;S;S;12500;310;1200;1;529;620;522;787;12927;6972;Correo;No contactado
3955;1015097;2019-12-21 00:00:00;1;NEW YORK;24;0;Empleado;N;S;6750;580;840;2;471;594;724;721;17641;13472;Call center;Promesa de pago
3956;1017967;2017-12-16 00:00:00;1;CHICAGO;60;0;independiente;S;S;3750;300;600;0;469;640;601;836;20998;14728;Call center;Promesa de pago
3957;1068048;2018-07-20 00:00:00;0;545454;46;0;Empleado;S;S;12000;500;1000;1;695;715;734;721;18386;14606;Ninguno;No aplica
3958;1096947;2016-06-04 00:00:00;0;545454;29;0;independiente;S;S;18000;470;1450;1;688;662;712;520;12016;6544;Ninguno;No aplica
3959;1064210;2019-01-09 00:00:00;0;545454;30;0;Empleado;S;S;18000;450;1250;0;756;652;689;697;19027;13614;Ninguno;No aplica
3960;1012169;2016-08-12 00:00:00;0;NEW YORK;78;0;Empleado;S;S;4000;400;400;4;709;699;693;741;20920;12288;Ninguno;No aplica
3961;1067539;2018-09-19 00:00:00;0;CHICAGO;39;0;Pensionado;S;S;9000;710;1600;4;663;714;607;644;29142;28954;Ninguno;No aplica
3962;1088545;2016-07-11 00:00:00;0;CHICAGO;28;0;independiente;N;S;11250;500;1390;3;795;764;780;681;18752;14637;Ninguno;No aplica
3963;1093516;2019-01-08 00:00:00;0;ATLANTHIC SOUTH;36;0;Pensionado;N;S;8750;450;950;4;702;751;653;615;26470;22333;Ninguno;No aplica
3964;1006699;2019-10-04 00:00:00;1;NEW YORK;33;10;independiente;S;S;4500;6467;14600;3;538;548;671;596;28545;18917;SMS;Pago parcial
3965;1062957;2020-01-06 00:00:00;0;ATLANTHIC SOUTH;48;15;independiente;S;S;5625;10120;23100;2;670;674;605;530;23268;12736;Ninguno;No aplica
3966;1015482;2019-04-27 00:00:00;1;NEW YORK;39;15;Pensionado;N;S;100000;8940;16784;0;518;620;585;582;23193;22913;Call center;Promesa de pago
3967;1041527;2019-10-11 00:00:00;0;ATLANTHIC SOUTH;43;23;Empleado;S;S;10000;6120;14400;0;716;744;683;730;8167;5252;Ninguno;No aplica
3968;1099449;2018-12-21 00:00:00;0;NEW YORK;38;0;independiente;N;S;6250;220;550;0;606;736;665;446;16989;12095;Ninguno;No aplica
3969;1076457;2015-10-15 00:00:00;1;NEW YORK;42;0;independiente;N;N;7000;200;600;0;601;576;595;660;27736;22880;SMS;Pago parcial
3970;1042052;2015-08-07 00:00:00;0;NEW YORK;35;0;independiente;N;N;7500;708;1020;2;765;605;549;601;19087;9779;Ninguno;No aplica
3971;1025387;2017-12-11 00:00:00;0;ATLANTHIC SOUTH;28;0;independiente;N;N;5100;700;1200;4;680;620;561;645;27440;24837;Ninguno;No aplica
3972;1087258;2017-07-20 00:00:00;0;NEW YORK;39;0;Empleado;N;N;8000;250;1000;1;645;696;734;503;7437;5714;Ninguno;No aplica
3973;1044295;2017-03-15 00:00:00;1;ATLANTHIC SOUTH;37;0;Empleado;N;S;9000;350;1400;0;517;601;607;756;27852;17800;Call center;Promesa de pago
3974;1018961;2017-05-25 00:00:00;0;NEW YORK;32;0;independiente;S;N;6400;1401,02;2358,17;0;704;614;626;555;20275;10762;Ninguno;No aplica
3975;1089457;2015-02-21 00:00:00;0;ATLANTHIC SOUTH;36;0;Pensionado;S;N;6250;660;2100;0;718;683;752;772;27335;15888;Ninguno;No aplica
3976;1080526;2017-02-20 00:00:00;1;NEW YORK;57;0;Pensionado;N;S;5000;1426,925;2434,95;4;510;618;571;664;10276;9737;Correo;No contactado
3977;1096667;2019-04-30 00:00:00;1;NEW YORK;33;0;Empleado;S;N;5400;155;650;2;525;511;599;711;13859;11683;Call center;Promesa de pago
3978;1062187;2017-12-09 00:00:00;1;545454;43;0;independiente;N;N;8000;225;935;4;572;646;596;720;12818;8011;Correo;No contactado
3979;1007035;2015-01-17 00:00:00;1;CHICAGO;27;0;independiente;N;N;6200;350;750;4;528;557;763;742;9728;5183;Whatsapp;Sin gestión
3980;1067301;2019-03-27 00:00:00;0;NEW ENGALND;27;0;Pensionado;S;S;4600;250;800;4;648;755;790;673;24008;20294;Ninguno;No aplica
3981;1075616;2017-03-05 00:00:00;1;ATLANTHIC SOUTH;40;0;independiente;S;N;3270;435;1425;0;568;548;703;682;10738;8442;Call center;Promesa de pago
3982;1041896;2019-01-13 00:00:00;0;NEW YORK;47;0;independiente;S;S;9600;422,5;858;4;782;618;705;701;25616;17989;Ninguno;No aplica
3983;1068003;2015-09-25 00:00:00;1;CHICAGO;54;0;Pensionado;S;N;4000;300;500;2;658;553;609;762;10793;7359;Call center;Promesa de pago
3984;1070354;2016-12-20 00:00:00;0;545454;53;0;Empleado;S;N;5000;1435;2500;4;644;674;786;601;9523;5794;Ninguno;No aplica
3985;1069329;2017-02-16 00:00:00;0;NEW YORK;29;0;Pensionado;S;N;6000;435;700;4;712;657;669;708;10571;8825;Ninguno;No aplica
3986;1044878;2019-03-16 00:00:00;0;NEW YORK;29;0;independiente;S;N;11250;300;980;1;596;667;710;777;21209;20898;Ninguno;No aplica
3987;1065639;2014-11-15 00:00:00;1;NEW YORK;43;0;independiente;S;N;3000;813;955;3;528;600;643;784;20246;11902;Call center;Promesa de pago
3988;1088375;2019-01-01 00:00:00;1;ATLANTHIC SOUTH;33;0;Empleado;S;N;3750;450;900;2;473;570;631;804;15380;12282;Correo;No contactado
3989;1076428;2017-03-23 00:00:00;1;NEW YORK;27;11.66666667;Empleado;N;S;13200;9800;21600;1;596;576;766;735;7224;5144;Call center;Promesa de pago
3990;1073308;2018-05-01 00:00:00;1;NEW YORK;51;0;independiente;S;N;6000;350;650;0;461;477;688;636;13389;9685;Call center;Promesa de pago
3991;1031258;2018-09-26 00:00:00;1;NEW YORK;68;0;Empleado;N;S;7500;400;900;2;416;604;752;647;20927;13123;SMS;Pago parcial
3992;1090670;2017-03-07 00:00:00;0;ATLANTHIC SOUTH;67;0;Empleado;S;N;7500;500;1100;0;676;675;668;699;27475;25073;Ninguno;No aplica
3993;1070413;2017-10-07 00:00:00;1;NEW ENGALND;42;0;Pensionado;S;N;1500;429;464;1;401;677;591;805;16684;12390;Whatsapp;Sin gestión
3994;1025887;2018-02-24 00:00:00;1;CHICAGO;46;0;Empleado;S;S;5000;800;1500;3;538;524;609;971;15640;12069;Correo;No contactado
3995;1026233;2020-01-14 00:00:00;0;NEW YORK;40;0;independiente;S;S;6250;400;800;4;597;572;657;758;13662;8913;Ninguno;No aplica
3996;1001934;2014-11-04 00:00:00;1;NEW YORK;60;0;independiente;S;N;4000;400;900;3;501;617;606;615;11361;6713;SMS;Pago parcial
3997;1085028;2018-10-16 00:00:00;0;NEW YORK;26;0;independiente;S;S;3750;349;715;2;596;701;572;601;6948;3772;Ninguno;No aplica
3998;1020060;2018-02-12 00:00:00;1;NEW ENGALND;30;0;Empleado;N;S;9993;550;1800;0;484;519;734;925;17091;14648;Correo;No contactado
3999;1073876;2019-07-08 00:00:00;1;NEW YORK;32;0;Pensionado;S;S;10000;1940;3100;1;582;488;612;701;16992;10163;SMS;Pago parcial
4000;1085664;2019-09-24 00:00:00;1;NEW YORK;69;0;Empleado;S;S;2500;260;950;2;518;672;660;724;28478;24065;Whatsapp;Sin gestión
4001;1061920;2015-04-23 00:00:00;1;CHICAGO;29;0;independiente;S;S;6250;280;750;1;457;665;671;634;11318;7868;SMS;Pago parcial
4002;1099432;2018-01-12 00:00:00;0;CHICAGO;48;0;Pensionado;N;S;3125;300;590;2;698;531;609;811;25180;17825;Ninguno;No aplica
4003;1027622;2017-09-19 00:00:00;1;CHICAGO;56;0;Empleado;N;S;11250;1000;1700;4;501;553;752;765;17180;12620;Correo;No contactado
4004;1050289;2019-09-08 00:00:00;1;CHICAGO;66;0;Pensionado;S;N;2000;800;1300;4;524;680;572;650;5234;3579;Call center;Promesa de pago
4005;1022248;2018-04-16 00:00:00;0;NEW YORK;34;0;Empleado;S;N;10000;1000;1750;1;632;651;668;581;20372;11211;Ninguno;No aplica
4006;1036967;2017-12-25 00:00:00;1;ATLANTHIC SOUTH;29;0;Empleado;N;S;4000;450;760;1;530;551;667;748;24991;16365;Call center;Promesa de pago
4007;1051705;2018-07-23 00:00:00;1;ATLANTHIC SOUTH;31;0;independiente;N;N;5000;611;1500;2;365;563;646;724;29427;24479;Whatsapp;Sin gestión
4008;1033664;2016-04-19 00:00:00;0;NEW ENGALND;43;10;independiente;S;N;15000;17562;50420;3;669;613;559;745;5522;4599;Ninguno;No aplica
4009;1082804;2019-11-09 00:00:00;1;NEW ENGALND;35;0;independiente;N;S;6500;300;900;1;476;478;711;769;27288;17549;Correo;No contactado
4010;1039158;2016-11-14 00:00:00;0;CHICAGO;44;0;independiente;S;S;3750;500;800;0;732;743;702;646;17718;12935;Ninguno;No aplica
4011;1078987;2019-03-31 00:00:00;1;NEW YORK;22;0;Pensionado;S;S;7600;250;1081;2;501;469;603;671;26272;15677;Correo;No contactado
4012;1011580;2015-08-16 00:00:00;0;ATLANTHIC SOUTH;33;0;Empleado;S;N;12500;12792;32400;2;630;695;700;656;14821;8969;Ninguno;No aplica
4013;1044688;2016-05-25 00:00:00;0;NEW YORK;42;0;Empleado;N;S;5000;380;816;1;651;733;676;620;10832;5541;Ninguno;No aplica
4014;1069870;2016-10-06 00:00:00;0;NEW YORK;40;0;Empleado;S;N;5200;350;950;3;710;593;560;658;17820;16900;Ninguno;No aplica
4015;1091026;2017-07-28 00:00:00;1;NEW YORK;57;0;independiente;S;S;7000;380;1200;4;496;525;590;721;21211;12840;Correo;No contactado
4016;1063687;2016-03-27 00:00:00;1;ATLANTHIC SOUTH;74;30;Empleado;N;S;12500;6760;11760;2;471;653;730;639;12122;7440;Whatsapp;Sin gestión
4017;1074645;2015-11-04 00:00:00;0;NEW YORK;60;0;independiente;N;S;5800;718;1288;3;676;712;672;727;10842;6937;Ninguno;No aplica
4018;1048835;2017-09-11 00:00:00;0;NEW YORK;25;0;Empleado;S;S;9500;250;991;0;735;643;610;637;6316;3560;Ninguno;No aplica
4019;1065710;2015-10-19 00:00:00;1;ATLANTHIC SOUTH;28;0;independiente;S;S;7500;1350;2300;3;474;652;590;644;18200;14917;Call center;Promesa de pago
4020;1063976;2015-03-01 00:00:00;1;NEW YORK;52;0;Pensionado;S;S;2112;950;2080;3;496;652;614;688;22508;12100;SMS;Pago parcial
4021;1055181;2018-12-21 00:00:00;0;NEW YORK;58;0;independiente;S;N;8000;400;1200;1;808;696;619;692;27005;15315;Ninguno;No aplica
4022;1077959;2016-04-23 00:00:00;0;NEW YORK;64;0;Empleado;S;S;7500;450;880;4;629;626;591;677;26807;22045;Ninguno;No aplica
4023;1034350;2017-07-05 00:00:00;1;NEW YORK;55;0;independiente;S;S;3750;300;700;2;407;555;528;758;20206;13535;Whatsapp;Sin gestión
4024;1094105;2018-07-10 00:00:00;0;NEW YORK;44;0;Pensionado;N;S;4800;242;483;2;739;697;730;751;23971;20471;Ninguno;No aplica
4025;1070375;2018-08-29 00:00:00;1;545454;59;0;Pensionado;N;S;2000;680;1400;2;466;569;718;837;27056;21069;SMS;Pago parcial
4026;1052072;2018-04-28 00:00:00;1;ATLANTHIC SOUTH;28;0;independiente;S;S;12500;9600;19200;3;484;636;561;746;6378;4005;Call center;Promesa de pago
4027;1008035;2017-06-06 00:00:00;1;NEW ENGALND;68;0;independiente;N;S;13030;963;2433;4;461;488;660;624;24758;20436;Whatsapp;Sin gestión
4028;1085169;2016-07-05 00:00:00;1;NEW YORK;32;0;Pensionado;S;S;7500;520;1200;0;487;490;587;696;6519;3638;Call center;Promesa de pago
4029;1073580;2019-03-26 00:00:00;1;ATLANTHIC SOUTH;20;0;Empleado;N;S;5000;101,5;800;3;580;591;632;630;27161;20865;SMS;Pago parcial
4030;1013387;2020-01-25 00:00:00;0;NEW ENGALND;36;20;independiente;S;S;10500;5140;15940;2;740;651;626;823;12935;9295;Ninguno;No aplica
4031;1051182;2014-10-05 00:00:00;0;ATLANTHIC SOUTH;50;0;Empleado;S;S;3125;700;1100;0;743;642;620;849;11093;7032;Ninguno;No aplica
4032;1085461;2018-01-26 00:00:00;0;NEW YORK;32;12;Empleado;N;N;15400;13001;21420;0;629;574;790;729;29802;23901;Ninguno;No aplica
4033;1099441;2016-11-06 00:00:00;0;ATLANTHIC SOUTH;37;0;Empleado;S;N;5000;380;875;4;642;681;619;747;10355;9689;Ninguno;No aplica
4034;1056590;2015-02-23 00:00:00;0;ATLANTHIC SOUTH;46;0;Empleado;S;S;15000;14400;26400;0;558;677;593;693;26352;26338;Ninguno;No aplica
4035;1066613;2018-08-22 00:00:00;0;ATLANTHIC SOUTH;22;0;Empleado;S;N;5000;580;1250;4;660;719;597;703;14083;11321;Ninguno;No aplica
4036;1074267;2018-11-06 00:00:00;1;NEW YORK;39;0;Empleado;S;S;7500;750;1350;0;548;584;723;576;10574;7427;Correo;No contactado
4037;1026310;2019-11-09 00:00:00;0;ATLANTHIC SOUTH;32;0;Empleado;N;S;5300;400;1200;0;726;672;534;663;25456;15594;Ninguno;No aplica
4038;1009693;2015-07-19 00:00:00;1;NEW YORK;29;0;Empleado;S;S;9000;600;1000;2;489;651;597;641;18324;11518;Correo;No contactado
4039;1017368;2019-02-01 00:00:00;1;NEW YORK;61;0;Pensionado;N;N;10000;400;1000;4;499;501;751;745;7257;5368;SMS;Pago parcial
4040;1043539;2017-01-03 00:00:00;1;ATLANTHIC SOUTH;43;0;independiente;S;S;16600;6600;21600;1;466;612;667;715;29972;20490;Correo;No contactado
4041;1014077;2016-09-29 00:00:00;1;545454;50;0;Pensionado;N;N;829;200;500;0;510;480;663;895;18411;17618;SMS;Pago parcial
4042;1040897;2016-10-15 00:00:00;0;NEW YORK;41;8;Pensionado;S;S;12500;12600;29900;4;738;630;799;752;20233;13842;Ninguno;No aplica
4043;1099676;2016-11-15 00:00:00;0;NEW YORK;48;0;Empleado;S;N;5000;85;540;4;619;607;667;696;20887;14344;Ninguno;No aplica
4044;1016938;2015-09-20 00:00:00;1;CHICAGO;52;0;Empleado;S;N;11050;17250;29250;0;515;627;600;696;25808;17853;Whatsapp;Sin gestión
4045;1035782;2019-04-16 00:00:00;0;545454;40;0;Pensionado;S;S;8000;364;1174;3;747;676;630;821;24621;22610;Ninguno;No aplica
4046;1037242;2016-08-13 00:00:00;1;ATLANTHIC SOUTH;47;10;independiente;N;S;12500;4000;15000;4;479;579;571;717;25277;20863;Whatsapp;Sin gestión
4047;1004562;2017-10-25 00:00:00;1;ATLANTHIC SOUTH;47;0;independiente;S;S;14000;10300;23000;2;535;514;738;750;7005;5654;Whatsapp;Sin gestión
4048;1077457;2017-12-26 00:00:00;0;NEW ENGALND;46;0;independiente;S;S;7000;200;600;0;841;662;690;674;23400;15609;Ninguno;No aplica
4049;1068501;2015-05-29 00:00:00;0;NEW YORK;37;0;Empleado;N;S;7500;450;900;0;695;634;729;634;15860;14416;Ninguno;No aplica
4050;1013124;2019-05-01 00:00:00;0;NEW YORK;20;0;Pensionado;N;S;7500;200;600;4;720;703;735;673;15070;7824;Ninguno;No aplica
4051;1077664;2016-04-16 00:00:00;0;CHICAGO;25;0;Empleado;N;N;3750;400;800;3;663;621;621;493;14388;13459;Ninguno;No aplica
4052;1061740;2017-07-15 00:00:00;1;545454;49;0;Pensionado;S;S;5000;894;2350;1;509;660;584;581;23156;17515;Correo;No contactado
4053;1014137;2015-08-21 00:00:00;0;NEW YORK;57;0;independiente;N;S;3000;385;625;3;723;579;646;701;29737;20790;Ninguno;No aplica
4054;1016413;2020-01-29 00:00:00;1;NEW ENGALND;27;0;Pensionado;N;S;9600;300;1000;0;510;532;589;861;25360;18984;Call center;Promesa de pago
4055;1003584;2019-12-20 00:00:00;1;545454;22;0;Pensionado;N;S;7600;203,333;1280;4;449;681;662;751;23135;19288;Correo;No contactado
4056;1006046;2017-07-30 00:00:00;1;NEW ENGALND;24;0;Empleado;S;S;6400;479;760;4;510;554;729;655;28814;14591;Correo;No contactado
4057;1048407;2019-08-27 00:00:00;1;NEW YORK;41;0;Empleado;N;N;14270;700;1600;0;573;501;638;590;19609;18350;Call center;Promesa de pago
4058;1069527;2017-03-16 00:00:00;1;ATLANTHIC SOUTH;41;0;independiente;S;S;7500;890;1670;0;522;593;660;791;28554;20655;Call center;Promesa de pago
4059;1060309;2018-01-21 00:00:00;0;545454;24;0;independiente;S;S;8000;400;1600;3;748;651;643;619;27853;18703;Ninguno;No aplica
4060;1048286;2017-06-05 00:00:00;1;ATLANTHIC SOUTH;41;0;Empleado;S;S;4375;590;2400;3;488;530;706;778;21363;12158;Call center;Promesa de pago
4061;1090004;2019-05-30 00:00:00;0;NEW YORK;21;0;independiente;S;S;6250;576;1013;2;737;614;603;705;24604;17708;Ninguno;No aplica
4062;1003476;2018-05-06 00:00:00;0;NEW ENGALND;54;0;Pensionado;S;S;6300;200;950;2;714;846;496;713;21923;16402;Ninguno;No aplica
4063;1077858;2014-12-22 00:00:00;0;NEW YORK;57;0;independiente;S;S;12375;426;950;0;652;665;683;673;19823;13912;Ninguno;No aplica
4064;1086099;2015-01-05 00:00:00;1;ATLANTHIC SOUTH;33;0;independiente;S;S;7500;430;2200;0;516;464;719;755;22845;19174;Call center;Promesa de pago
4065;1000441;2018-04-22 00:00:00;0;ATLANTHIC SOUTH;23;0;independiente;S;S;12000;2400;10800;4;650;770;681;659;26568;18875;Ninguno;No aplica
4066;1046567;2019-07-21 00:00:00;1;ATLANTHIC SOUTH;24;0;independiente;N;S;12500;6600;17600;0;468;617;605;663;13547;13286;Correo;No contactado
4067;1050156;2019-02-16 00:00:00;0;NEW ENGALND;28;0;Empleado;S;S;6000;845;1142;1;709;634;571;583;16515;13206;Ninguno;No aplica
4068;1007406;2015-02-14 00:00:00;1;NEW YORK;31;0;Empleado;S;S;6400;250;617;0;515;524;685;505;5234;4730;SMS;Pago parcial
4069;1003349;2020-01-30 00:00:00;1;NEW ENGALND;52;0;independiente;S;S;3200;500;1200;3;441;620;660;704;19562;10851;Whatsapp;Sin gestión
4070;1023412;2019-12-14 00:00:00;0;ATLANTHIC SOUTH;37;0;Pensionado;N;N;8125;1000;2988;2;753;665;641;807;22932;16021;Ninguno;No aplica
4071;1033219;2015-08-14 00:00:00;1;NEW YORK;23;0;Empleado;S;S;8750;650;1022;0;529;464;778;786;12480;8342;SMS;Pago parcial
4072;1009714;2017-10-02 00:00:00;1;ATLANTHIC SOUTH;38;0;Empleado;N;S;9600;230;461,5;0;465;687;584;740;9213;7230;Correo;No contactado
4073;1000651;2018-12-11 00:00:00;0;CHICAGO;35;0;Pensionado;S;S;9500;400;800;0;623;654;774;604;15293;14231;Ninguno;No aplica
4074;1043163;2015-05-03 00:00:00;0;NEW ENGALND;45;20;Empleado;N;N;15000;250;950;1;693;770;652;760;6673;3598;Ninguno;No aplica
4075;1031548;2017-11-23 00:00:00;0;CHICAGO;23;0;independiente;N;N;11500;200;640;0;678;757;522;659;28092;15065;Ninguno;No aplica
4076;1027787;2017-08-29 00:00:00;0;ATLANTHIC SOUTH;44;0;Pensionado;S;S;14400;4100;17000;1;706;620;637;812;29366;27168;Ninguno;No aplica
4077;1053645;2016-07-12 00:00:00;0;NEW ENGALND;53;20;independiente;N;S;12000;13500;47200;4;682;742;717;582;7100;4306;Ninguno;No aplica
4078;1043914;2015-11-01 00:00:00;1;545454;46;0;Empleado;S;S;11000;500;1800;2;400;541;624;653;16849;14058;Call center;Promesa de pago
4079;1052542;2015-06-26 00:00:00;0;NEW YORK;36;0;Empleado;N;S;8000;342;1017;1;681;568;547;594;25132;19388;Ninguno;No aplica
4080;1002986;2018-06-28 00:00:00;0;545454;42;0;independiente;S;S;6000;350;1150;0;685;655;638;537;24557;22505;Ninguno;No aplica
4081;1085739;2019-01-25 00:00:00;1;NEW ENGALND;24;3;independiente;N;N;15000;16850;33000;0;532;604;590;636;23199;13050;Whatsapp;Sin gestión
4082;1039257;2016-07-18 00:00:00;0;NEW YORK;36;0;independiente;N;S;5625;450;950;3;665;652;684;679;8841;4994;Ninguno;No aplica
4083;1075281;2019-01-10 00:00:00;1;NEW ENGALND;39;3;Pensionado;N;N;13000;350;1400;1;584;562;704;656;15197;11829;Whatsapp;Sin gestión
4084;1017382;2015-07-24 00:00:00;0;NEW ENGALND;24;5;Empleado;N;N;15000;15718;41090;0;604;749;576;323;13016;12667;Ninguno;No aplica
4085;1095787;2016-04-26 00:00:00;0;CHICAGO;63;0;independiente;S;S;5400;380;700;0;766;686;601;767;12011;8498;Ninguno;No aplica
4086;1009385;2017-04-14 00:00:00;0;NEW YORK;55;0;independiente;S;S;6000;348;1100;0;689;629;703;518;9493;6298;Ninguno;No aplica
4087;1014428;2017-01-13 00:00:00;0;ATLANTHIC SOUTH;32;0;Pensionado;S;S;5625;300;900;4;743;722;590;723;22058;17720;Ninguno;No aplica
4088;1031170;2017-04-07 00:00:00;1;NEW YORK;37;0;Pensionado;S;S;6400;200;900;0;504;592;574;723;29472;28447;SMS;Pago parcial
4089;1075455;2017-06-25 00:00:00;1;NEW YORK;26;0;Pensionado;S;S;6250;400;700;1;557;429;567;911;13578;12471;Correo;No contactado
4090;1051542;2015-10-04 00:00:00;0;NEW YORK;43;10;Empleado;S;S;16000;12860;21460;0;681;706;675;760;7158;7142;Ninguno;No aplica
4091;1015418;2019-02-03 00:00:00;1;NEW YORK;26;10;independiente;N;S;11260;4650;11600;4;445;604;672;675;24045;12294;Correo;No contactado
4092;1020512;2018-12-29 00:00:00;0;ATLANTHIC SOUTH;61;0;Pensionado;S;S;6250;887;1950;2;771;681;602;607;7064;3931;Ninguno;No aplica
4093;1011911;2017-07-05 00:00:00;0;NEW YORK;72;41.66666667;Pensionado;S;N;5000;700;2240;0;694;734;650;805;8253;6641;Ninguno;No aplica
4094;1067838;2019-05-04 00:00:00;0;ATLANTHIC SOUTH;34;20;Empleado;S;S;5500;186;2000;1;711;640;757;537;26363;23998;Ninguno;No aplica
4095;1092739;2020-12-22 00:00:00;1;NEW YORK;28;10;Empleado;S;S;1625;554,166;1145,833;4;562;600;582;737;29087;18692;Correo;No contactado
4096;1036811;2015-12-14 00:00:00;1;ATLANTHIC SOUTH;41;20;Pensionado;N;S;6900;490;1000;4;448;486;513;708;17828;11046;Whatsapp;Sin gestión
4097;1052900;2017-04-20 00:00:00;0;NEW ENGALND;33;25;independiente;N;S;10400;360;1682;3;730;704;682;639;6401;5719;Ninguno;No aplica
4098;1059458;2019-09-09 00:00:00;1;ATLANTHIC SOUTH;54;30;Empleado;S;S;12500;320;600;3;471;697;642;752;24643;13016;SMS;Pago parcial
4099;1094104;2020-03-28 00:00:00;0;NEW YORK;49;29;Pensionado;S;S;8500;270;800;0;693;620;600;687;20193;13826;Ninguno;No aplica
4100;1095042;2015-12-23 00:00:00;0;ATLANTHIC SOUTH;65;20;independiente;S;S;7500;510;1214;2;704;634;696;711;17096;12872;Ninguno;No aplica
4101;1006808;2016-05-26 00:00:00;0;NEW YORK;51;50;independiente;S;S;2000;297;900;0;625;637;709;683;25307;19744;Ninguno;No aplica
4102;1002744;2015-08-26 00:00:00;1;NEW YORK;36;20;independiente;S;S;6400;550;950;1;461;588;495;758;9214;7964;Whatsapp;Sin gestión
4103;1087519;2020-01-30 00:00:00;0;NEW YORK;57;22;Empleado;S;S;6000;240;900;0;768;616;604;678;24611;16672;Ninguno;No aplica
4104;1064618;2015-10-21 00:00:00;0;ATLANTHIC SOUTH;28;10;Empleado;N;S;3750;215;750;1;744;705;812;611;16023;12920;Ninguno;No aplica
4105;1032769;2017-04-03 00:00:00;0;545454;36;20;independiente;S;S;8000;400;1979,78;0;697;731;691;670;16950;13436;Ninguno;No aplica
4106;1085005;2018-01-07 00:00:00;0;NEW YORK;47;16.66666667;independiente;S;S;7500;340;700;0;712;712;697;606;15704;12152;Ninguno;No aplica
4107;1087739;2017-01-30 00:00:00;1;545454;65;15;independiente;N;S;6000;340;1800;2;485;474;732;650;15343;12585;Whatsapp;Sin gestión
4108;1072041;2016-01-10 00:00:00;0;NEW YORK;47;16.66666667;independiente;N;S;7800;300;650;4;768;740;651;640;16867;10622;Ninguno;No aplica
4109;1011767;2016-06-08 00:00:00;0;NEW YORK;27;9;Pensionado;N;N;6375;340;1300;2;690;736;706;659;7745;4200;Ninguno;No aplica
4110;1076422;2019-11-21 00:00:00;1;ATLANTHIC SOUTH;42;42;Empleado;S;S;5000;380;1300;2;512;630;700;723;27475;15376;Call center;Promesa de pago
4111;1093220;2018-08-19 00:00:00;1;545454;36;24;independiente;S;S;4500;195,833;850;0;557;602;688;802;8866;5429;SMS;Pago parcial
4112;1037448;2015-08-31 00:00:00;1;NEW YORK;63;37.5;Pensionado;N;N;7500;170;600;2;461;593;627;675;16956;12719;Call center;Promesa de pago
4113;1010359;2019-08-07 00:00:00;1;ATLANTHIC SOUTH;33;6.666666667;independiente;S;S;6000;250;1300;0;578;642;662;738;10818;9955;Correo;No contactado
4114;1044961;2020-03-05 00:00:00;1;NEW YORK;50;33.91666667;independiente;S;S;6250;250;1200;0;423;695;609;731;23606;20080;Whatsapp;Sin gestión
4115;1097542;2020-07-25 00:00:00;1;NEW YORK;52;25;Pensionado;S;S;6000;260;800;0;581;523;651;665;21093;18868;SMS;Pago parcial
4116;1033469;2020-11-26 00:00:00;1;NEW YORK;56;20;independiente;N;S;2000;240;800;3;481;645;568;727;24176;16331;Correo;No contactado
4117;1030403;2019-12-03 00:00:00;0;NEW YORK;40;20;independiente;S;S;6250;365;850;0;688;675;595;760;20493;14393;Ninguno;No aplica
4118;1074053;2015-11-25 00:00:00;1;NEW YORK;28;10;Pensionado;S;N;6250;400;800;1;405;572;630;737;25447;17733;SMS;Pago parcial
4119;1021506;2016-03-01 00:00:00;1;NEW ENGALND;62;33.33333333;Pensionado;S;S;4000;250;800;4;477;488;584;740;22908;13652;Whatsapp;Sin gestión
4120;1094924;2019-07-04 00:00:00;1;NEW YORK;42;8;independiente;S;S;3200;316;820;0;448;563;615;657;13224;7017;SMS;Pago parcial
4121;1007691;2019-09-11 00:00:00;1;NEW YORK;36;18;Empleado;N;S;5000;360;1300;2;470;520;639;897;27582;21940;Correo;No contactado
4122;1005589;2016-09-12 00:00:00;0;NEW YORK;37;19.16666667;Pensionado;N;S;6900;400;1000;1;693;652;678;612;9025;8976;Ninguno;No aplica
4123;1082270;2018-06-30 00:00:00;0;ATLANTHIC SOUTH;38;25;independiente;S;S;12540;935;2300;0;748;614;716;520;23950;13973;Ninguno;No aplica
4124;1088521;2015-11-24 00:00:00;0;ATLANTHIC SOUTH;39;5;Empleado;S;S;7250;600;1600;0;710;653;618;747;24187;12658;Ninguno;No aplica
4125;1025909;2018-03-19 00:00:00;0;ATLANTHIC SOUTH;61;40;Empleado;N;S;5000;430;1000;0;715;656;743;660;25093;22327;Ninguno;No aplica
4126;1032266;2017-06-07 00:00:00;0;ATLANTHIC SOUTH;38;20;independiente;S;S;10000;1000;1800;0;645;686;716;643;11155;6986;Ninguno;No aplica
4127;1039745;2015-11-26 00:00:00;0;ATLANTHIC SOUTH;41;20;Pensionado;N;S;12500;317;1200;1;656;583;685;621;18839;17234;Ninguno;No aplica
4128;1086074;2018-08-12 00:00:00;1;NEW YORK;43;20;independiente;S;S;10000;200;760;0;590;493;661;888;5719;4872;Call center;Promesa de pago
4129;1054333;2018-03-01 00:00:00;1;NEW YORK;35;20;Empleado;N;S;12000;340;870;0;463;602;672;752;19890;19350;Whatsapp;Sin gestión
4130;1001254;2018-08-23 00:00:00;1;NEW YORK;32;5;Empleado;S;S;10000;600;1300;2;583;532;733;769;27900;19655;Call center;Promesa de pago
4131;1013538;2018-01-05 00:00:00;1;NEW YORK;58;36.33333333;Empleado;S;S;3000;375;850;2;488;644;736;735;25963;21575;Whatsapp;Sin gestión
4132;1033420;2018-07-01 00:00:00;1;ATLANTHIC SOUTH;55;25;Pensionado;S;S;3750;470;1500;1;500;594;743;744;22356;16374;Correo;No contactado
4133;1097492;2016-10-08 00:00:00;1;NEW YORK;49;10;Empleado;S;S;5100;420;900;0;554;616;653;846;25102;20466;Whatsapp;Sin gestión
4134;1021413;2016-04-14 00:00:00;1;ATLANTHIC SOUTH;71;53;Empleado;S;S;6750;382,604;1307,187;4;564;665;689;697;28779;20859;Call center;Promesa de pago
4135;1078695;2019-06-06 00:00:00;0;NEW YORK;61;61;independiente;S;S;12500;525;1100;3;694;661;744;539;25786;15325;Ninguno;No aplica
4136;1008522;2017-03-12 00:00:00;1;ATLANTHIC SOUTH;61;45;Empleado;S;S;4500;700;1800;3;481;546;606;798;25936;19554;Whatsapp;Sin gestión
4137;1097204;2020-06-13 00:00:00;0;ATLANTHIC SOUTH;30;20;Pensionado;S;S;13750;800;2300;0;697;732;628;715;23591;18030;Ninguno;No aplica
4138;1015358;2015-08-29 00:00:00;0;NEW ENGALND;32;10;independiente;S;S;9500;300;900;1;717;711;651;680;9426;8533;Ninguno;No aplica
4139;1071315;2020-01-01 00:00:00;1;CHICAGO;27;10;Pensionado;S;S;9500;780;1300;0;545;569;713;762;28303;24560;Correo;No contactado
4140;1041309;2020-09-21 00:00:00;1;NEW YORK;27;29.16666667;Pensionado;S;S;2875;200;1000;4;500;663;714;687;17512;14568;Whatsapp;Sin gestión
4141;1040544;2015-11-16 00:00:00;1;545454;42;15;Empleado;S;S;6600;400;1700;0;531;567;634;722;20064;11169;Call center;Promesa de pago
4142;1051133;2017-03-16 00:00:00;1;545454;31;10;Empleado;S;S;8000;400;1900;3;582;582;544;708;18767;16145;Correo;No contactado
4143;1011385;2019-05-01 00:00:00;1;NEW ENGALND;32;20.83333333;independiente;S;S;12800;470;1900;4;519;581;667;667;16308;12233;Call center;Promesa de pago
4144;1078718;2016-06-14 00:00:00;1;545454;46;20;independiente;S;S;6750;112;850;1;516;524;586;827;16477;15605;Whatsapp;Sin gestión
4145;1087546;2020-02-04 00:00:00;0;ATLANTHIC SOUTH;33;9;Empleado;N;S;15000;415;1750;0;624;685;546;543;17903;17186;Ninguno;No aplica
4146;1096645;2017-12-30 00:00:00;1;ATLANTHIC SOUTH;52;20;independiente;S;S;7500;700;1800;4;368;664;562;932;29770;15706;SMS;Pago parcial
4147;1083502;2016-01-03 00:00:00;0;NEW ENGALND;79;20;Pensionado;S;S;12500;350;2300;0;719;707;673;749;13680;12453;Ninguno;No aplica
4148;1035969;2020-02-01 00:00:00;0;ATLANTHIC SOUTH;45;27;independiente;S;N;8000;1076;1900;3;695;682;745;510;7204;3738;Ninguno;No aplica
4149;1098236;2016-12-06 00:00:00;0;NEW YORK;43;28;Empleado;S;S;8000;400;870;3;674;670;653;650;26729;18272;Ninguno;No aplica
4150;1060265;2019-07-21 00:00:00;1;NEW YORK;46;20;independiente;S;S;3500;225;800;3;512;600;665;705;24660;19017;Call center;Promesa de pago
4151;1092211;2017-12-31 00:00:00;1;NEW YORK;44;20;independiente;N;S;11875;550;1400;0;497;625;733;755;6102;3503;Whatsapp;Sin gestión
4152;1030465;2016-06-16 00:00:00;0;NEW YORK;42;20;Pensionado;N;N;9000;1135;1930;1;756;717;542;581;10243;8944;Ninguno;No aplica
4153;1049277;2015-08-06 00:00:00;0;ATLANTHIC SOUTH;48;30;Pensionado;S;N;10000;1174,999;1521,749;3;704;660;686;673;11614;5856;Ninguno;No aplica
4154;1045471;2016-11-04 00:00:00;0;545454;40;22;independiente;S;S;3125;925;1370;2;663;699;649;659;21299;12445;Ninguno;No aplica
4155;1023538;2019-05-25 00:00:00;0;ATLANTHIC SOUTH;32;20;Pensionado;S;S;6600;245;1200;1;750;709;690;604;13707;10834;Ninguno;No aplica
4156;1004371;2020-06-21 00:00:00;0;NEW YORK;28;15;Empleado;S;S;6000;260;600;0;689;620;616;591;18913;16212;Ninguno;No aplica
4157;1002932;2020-01-15 00:00:00;1;NEW YORK;21;3;Empleado;N;S;7800;771,853;1368,83;0;526;590;593;803;26607;25498;SMS;Pago parcial
4158;1024524;2018-12-24 00:00:00;0;CHICAGO;24;5;Empleado;N;S;5000;500;830;4;676;550;660;517;29968;25555;Ninguno;No aplica
4159;1032784;2020-01-30 00:00:00;0;545454;27;9;independiente;S;S;12250;405;1323;2;668;709;765;713;5630;4706;Ninguno;No aplica
4160;1086710;2017-11-13 00:00:00;1;NEW ENGALND;32;15;Empleado;S;S;6500;800;1400;1;504;620;710;792;16908;11788;SMS;Pago parcial
4161;1093854;2019-07-06 00:00:00;1;ATLANTHIC SOUTH;27;9;Empleado;S;N;9000;400;1000;0;501;625;614;700;15847;7934;Correo;No contactado
4162;1003975;2016-01-14 00:00:00;0;NEW YORK;35;4;independiente;S;S;4250;215;660;0;724;656;556;675;14171;7937;Ninguno;No aplica
4163;1022733;2018-07-21 00:00:00;0;NEW YORK;64;30;Empleado;S;S;2600;950;1680;0;687;699;532;775;17721;13597;Ninguno;No aplica
4164;1098303;2020-06-06 00:00:00;0;ATLANTHIC SOUTH;39;19;Pensionado;S;N;9000;900;1669;3;608;765;742;607;28067;23508;Ninguno;No aplica
4165;1080275;2018-12-25 00:00:00;0;545454;56;20;Empleado;N;S;10000;250;1500;1;678;765;583;616;21661;15352;Ninguno;No aplica
4166;1006893;2020-05-13 00:00:00;1;CHICAGO;25;5;independiente;N;N;10000;400;800;4;540;578;627;675;21616;18705;SMS;Pago parcial
4167;1032204;2018-09-27 00:00:00;0;ATLANTHIC SOUTH;22;12.5;Pensionado;N;S;18000;750;1300;4;685;688;742;775;14744;11219;Ninguno;No aplica
4168;1005387;2017-06-20 00:00:00;0;NEW ENGALND;28;20;independiente;S;S;7200;982,5;1216,5;1;688;747;537;786;10690;5741;Ninguno;No aplica
4169;1049669;2017-08-17 00:00:00;0;NEW YORK;37;4;Empleado;S;S;10625;192;950;0;749;590;754;544;18401;10967;Ninguno;No aplica
4170;1074672;2017-11-09 00:00:00;0;NEW YORK;34;16;Pensionado;N;S;11000;250;650;3;664;661;632;761;12659;11646;Ninguno;No aplica
4171;1080967;2020-05-05 00:00:00;0;545454;43;10;Pensionado;S;S;6900;414,5;1175;4;623;760;570;744;15601;13455;Ninguno;No aplica
4172;1039820;2018-08-02 00:00:00;0;NEW ENGALND;31;5;independiente;N;N;7000;300;700;0;692;739;633;810;16704;15825;Ninguno;No aplica
4173;1001315;2018-05-10 00:00:00;1;ATLANTHIC SOUTH;43;20;Pensionado;S;S;15000;400;1800;0;476;602;599;755;5025;2808;Call center;Promesa de pago
4174;1006128;2016-03-25 00:00:00;1;NEW ENGALND;47;15;Pensionado;S;N;12000;550;1500;4;452;490;681;716;20384;20284;Call center;Promesa de pago
4175;1053141;2017-03-03 00:00:00;1;ATLANTHIC SOUTH;43;23;independiente;N;S;7200;400;1200;0;491;577;605;823;18705;11311;SMS;Pago parcial
4176;1090626;2019-12-11 00:00:00;1;545454;41;10;Pensionado;S;S;12500;500;1800;0;525;545;516;783;28852;14596;Whatsapp;Sin gestión
4177;1066381;2016-11-06 00:00:00;0;NEW YORK;56;33.33333333;Pensionado;S;S;12000;170;630;0;700;700;635;872;27794;27758;Ninguno;No aplica
4178;1046610;2020-04-06 00:00:00;0;545454;65;40;Pensionado;S;S;9000;270;700;4;715;631;555;756;13652;8745;Ninguno;No aplica
4179;1062168;2020-09-03 00:00:00;1;NEW YORK;57;15;Empleado;S;N;13000;540;1400;0;591;518;664;734;25148;20974;Call center;Promesa de pago
4180;1056869;2020-07-11 00:00:00;1;NEW YORK;53;35;independiente;S;S;13125;615;2200;0;483;456;567;614;27983;16464;Call center;Promesa de pago
4181;1003504;2019-10-26 00:00:00;1;545454;22;4;Empleado;N;S;18750;330;1300;2;514;653;616;668;18379;14522;Correo;No contactado
4182;1041326;2019-12-29 00:00:00;0;NEW YORK;23;5.416666667;Pensionado;N;S;8000;450;1580;0;675;656;663;541;26486;25215;Ninguno;No aplica
4183;1045746;2020-12-19 00:00:00;0;CHICAGO;46;10;Pensionado;S;S;12500;1095;1568;2;658;689;635;651;12006;7925;Ninguno;No aplica
4184;1041599;2019-10-16 00:00:00;1;545454;27;7;Empleado;S;N;10000;326;965;4;471;580;668;803;24867;20767;Whatsapp;Sin gestión
4185;1029091;2017-11-01 00:00:00;1;ATLANTHIC SOUTH;50;32;Empleado;N;S;15000;775;1500;0;476;516;698;720;23378;13885;SMS;Pago parcial
4186;1050482;2020-07-17 00:00:00;0;NEW ENGALND;26;6;Pensionado;S;S;12750;260;1200;0;718;604;569;762;13682;11115;Ninguno;No aplica
4187;1038174;2016-12-27 00:00:00;0;ATLANTHIC SOUTH;34;10;independiente;N;S;11875;800;1500;0;817;620;645;700;6072;4057;Ninguno;No aplica
4188;1035685;2018-02-15 00:00:00;0;NEW YORK;29;10.16666667;Pensionado;N;S;6300;290;1050;2;664;637;417;634;28091;17012;Ninguno;No aplica
4189;1048188;2020-06-19 00:00:00;0;CHICAGO;35;8;independiente;N;S;15549;576,405;816,3;3;679;702;667;678;5215;3424;Ninguno;No aplica
4190;1085800;2015-09-11 00:00:00;0;545454;34;20;Pensionado;S;N;12500;500;1000;0;697;632;629;712;28989;17087;Ninguno;No aplica
4191;1083193;2020-01-24 00:00:00;0;ATLANTHIC SOUTH;36;15;Pensionado;S;S;6250;580;1800;4;720;785;581;683;14915;14184;Ninguno;No aplica
4192;1059485;2017-11-17 00:00:00;1;ATLANTHIC SOUTH;43;25;independiente;S;S;6750;498,125;1740,625;2;513;642;672;734;14784;10328;Whatsapp;Sin gestión
4193;1026522;2015-11-20 00:00:00;1;NEW YORK;44;20;Empleado;S;S;4000;520;1350;0;564;629;732;651;23990;14937;Correo;No contactado
4194;1093860;2019-06-29 00:00:00;1;545454;39;20;Empleado;S;N;14000;300;1600;3;379;573;617;681;29734;21533;Correo;No contactado
4195;1016820;2017-02-16 00:00:00;0;NEW ENGALND;52;25;independiente;N;S;10000;500;2000;0;581;771;584;873;19824;13089;Ninguno;No aplica
4196;1036770;2018-08-01 00:00:00;0;545454;54;30;Empleado;S;S;1250;635;1040;1;675;667;662;781;26165;22821;Ninguno;No aplica
4197;1094822;2019-10-10 00:00:00;0;545454;21;7;Empleado;S;S;2500;440;1825;1;755;678;557;537;8313;8193;Ninguno;No aplica
4198;1056602;2017-07-17 00:00:00;1;545454;62;16;Pensionado;S;S;3750;1087;1750;1;422;590;604;507;16033;11528;Whatsapp;Sin gestión
4199;1026725;2017-05-13 00:00:00;0;NEW YORK;66;48;Pensionado;S;S;6750;540;1000;0;550;722;736;677;14968;13928;Ninguno;No aplica
4200;1025775;2016-12-16 00:00:00;0;545454;29;12.5;Pensionado;N;S;10000;250;1050;0;729;718;654;750;21241;16630;Ninguno;No aplica
4201;1006945;2020-12-28 00:00:00;0;NEW ENGALND;55;20;Empleado;S;S;6500;500;2200;0;712;651;518;623;29147;16865;Ninguno;No aplica
4202;1099077;2016-11-04 00:00:00;0;ATLANTHIC SOUTH;59;40;Pensionado;S;S;7500;850;2600;4;645;648;524;762;10939;9247;Ninguno;No aplica
4203;1021129;2020-02-29 00:00:00;0;545454;36;12.5;Pensionado;S;S;10000;441;1300;1;651;718;661;675;19696;14904;Ninguno;No aplica
4204;1055409;2016-06-29 00:00:00;1;NEW ENGALND;44;26;Pensionado;N;N;12600;1600;2400;2;452;623;710;705;19794;16336;Correo;No contactado
4205;1057884;2019-08-01 00:00:00;0;NEW YORK;69;15;Empleado;S;S;8270;682;2111,666;0;706;656;537;738;7295;6893;Ninguno;No aplica
4206;1030330;2021-01-01 00:00:00;1;NEW YORK;43;30;Empleado;S;S;5700;543,812;1100;4;469;485;681;672;27069;19496;Correo;No contactado
4207;1088599;2017-03-23 00:00:00;0;NEW YORK;41;6.333333333;Empleado;S;N;7500;800;1900;3;725;668;743;644;6696;6365;Ninguno;No aplica
4208;1010010;2018-12-22 00:00:00;1;545454;22;10;independiente;S;N;14000;300;1600;2;357;617;782;780;16185;14167;Correo;No contactado
4209;1010995;2020-08-03 00:00:00;1;NEW YORK;52;30;Empleado;S;S;12375;1270;2000;0;457;688;673;717;23330;17365;Whatsapp;Sin gestión
4210;1054354;2016-11-02 00:00:00;0;NEW ENGALND;38;30;Pensionado;S;S;3400;300;900;3;644;608;685;842;17001;13628;Ninguno;No aplica
4211;1025466;2017-08-11 00:00:00;1;545454;48;20;Pensionado;S;S;6400;500;1350;0;487;554;501;782;19350;12825;Correo;No contactado
4212;1055136;2019-07-11 00:00:00;1;NEW YORK;33;16;Pensionado;S;S;16200;600;2300;0;473;557;797;777;24167;23969;SMS;Pago parcial
4213;1001926;2019-04-29 00:00:00;1;ATLANTHIC SOUTH;43;25;Empleado;N;S;2500;910;1800;0;540;661;610;716;8644;7206;SMS;Pago parcial
4214;1097259;2020-07-08 00:00:00;1;ATLANTHIC SOUTH;53;30;independiente;N;N;8500;930;1800;1;407;578;585;799;26625;13896;Call center;Promesa de pago
4215;1084425;2018-10-21 00:00:00;1;ATLANTHIC SOUTH;49;21.33333333;Pensionado;S;S;9000;1050;1683,333;2;502;526;632;691;11420;7575;SMS;Pago parcial
4216;1052962;2018-11-29 00:00:00;0;NEW ENGALND;28;10;independiente;S;S;10500;780;1900;0;728;714;756;695;28941;23490;Ninguno;No aplica
4217;1051245;2016-07-21 00:00:00;0;NEW ENGALND;47;30;Pensionado;S;S;7200;550;1300;0;793;656;805;588;16837;8893;Ninguno;No aplica
4218;1068166;2019-02-12 00:00:00;1;NEW YORK;55;20;Empleado;S;S;6750;600;1200;0;476;507;659;814;24029;12301;Call center;Promesa de pago
4219;1012668;2020-04-18 00:00:00;1;NEW YORK;54;30;independiente;S;N;7300;450;600;3;516;526;720;746;27973;20281;Whatsapp;Sin gestión
4220;1017099;2019-07-11 00:00:00;0;ATLANTHIC SOUTH;40;20;independiente;S;S;3750;354;1100;4;610;784;653;848;11353;7565;Ninguno;No aplica
4221;1046921;2018-03-26 00:00:00;1;CHICAGO;36;10;Pensionado;N;N;19080;1255,693;1474,333;1;380;603;577;935;15541;11176;Correo;No contactado
4222;1038888;2018-12-09 00:00:00;1;NEW YORK;47;10;independiente;S;S;12500;500;1500;0;542;586;753;789;6932;4376;SMS;Pago parcial
4223;1023353;2019-03-10 00:00:00;1;NEW ENGALND;26;20;Pensionado;S;S;12600;375;1900;1;500;565;606;726;16486;9601;Call center;Promesa de pago
4224;1009570;2015-09-22 00:00:00;0;NEW YORK;68;30;Empleado;S;N;8650;400;580;4;759;698;757;585;6757;5707;Ninguno;No aplica
4225;1018670;2017-11-05 00:00:00;0;NEW YORK;45;30;Empleado;N;S;6875;250;1000;2;631;697;741;751;10085;7637;Ninguno;No aplica
4226;1061126;2016-03-12 00:00:00;1;ATLANTHIC SOUTH;43;10;Empleado;S;S;12600;300;1600;1;526;598;693;739;10637;6383;Whatsapp;Sin gestión
4227;1096971;2017-03-31 00:00:00;0;NEW YORK;60;43;Empleado;S;S;8750;426;2100;0;793;687;778;718;6116;4035;Ninguno;No aplica
4228;1014113;2017-08-05 00:00:00;0;NEW YORK;60;30;Empleado;S;S;7500;150;500;3;721;732;806;826;15759;12543;Ninguno;No aplica
4229;1051303;2020-08-21 00:00:00;0;NEW YORK;29;5;Empleado;N;S;5000;565;1500;0;714;681;638;596;16691;8948;Ninguno;No aplica
4230;1004086;2018-01-23 00:00:00;1;NEW YORK;32;12.5;independiente;N;S;6250;300;1200;4;500;521;593;637;5492;3151;Call center;Promesa de pago
4231;1046258;2016-11-30 00:00:00;0;NEW YORK;52;30;Empleado;S;S;10000;300;1200;0;621;643;520;649;13811;7411;Ninguno;No aplica
4232;1057481;2018-01-12 00:00:00;0;NEW YORK;36;15;Pensionado;N;S;11875;180;500;2;768;561;807;744;29272;26525;Ninguno;No aplica
4233;1076292;2020-04-09 00:00:00;1;NEW YORK;36;10;independiente;S;S;9250;670;1404;0;469;702;619;770;11474;10054;Correo;No contactado
4234;1090457;2020-04-07 00:00:00;0;NEW YORK;69;30;Empleado;S;S;6250;350;1200;0;725;732;729;589;19385;16994;Ninguno;No aplica
4235;1060518;2015-08-10 00:00:00;0;CHICAGO;56;40;Empleado;S;S;11875;1800;2500;0;622;630;598;738;14738;12648;Ninguno;No aplica
4236;1081548;2020-04-27 00:00:00;0;CHICAGO;60;50;Pensionado;S;N;3000;470;800;3;641;663;758;562;26342;21987;Ninguno;No aplica
4237;1047011;2018-08-20 00:00:00;1;NEW YORK;34;6.666666667;Pensionado;N;S;7500;850;1900;4;572;542;601;645;18979;14016;SMS;Pago parcial
4238;1002743;2015-12-12 00:00:00;1;NEW ENGALND;50;15;Pensionado;N;N;10800;450;1000;2;483;673;567;710;16755;13758;Whatsapp;Sin gestión
4239;1064817;2020-07-19 00:00:00;0;CHICAGO;45;8;Empleado;S;S;15000;800;1670;0;773;595;635;620;14797;7682;Ninguno;No aplica
4240;1002962;2018-01-21 00:00:00;1;NEW YORK;32;15;independiente;S;N;8700;370;1200;2;496;587;613;800;19607;15896;Call center;Promesa de pago
4241;1049403;2018-07-21 00:00:00;1;ATLANTHIC SOUTH;48;10;independiente;N;S;11250;550;1000;0;408;573;692;746;17867;15883;Whatsapp;Sin gestión
4242;1012315;2018-01-23 00:00:00;0;NEW ENGALND;44;30;Pensionado;S;N;7200;900;1700;2;745;730;646;829;24127;18100;Ninguno;No aplica
4243;1075410;2017-08-25 00:00:00;1;ATLANTHIC SOUTH;24;4;Empleado;S;S;12500;1300;3000;2;471;574;694;698;12866;8733;Call center;Promesa de pago
4244;1031591;2016-05-09 00:00:00;0;545454;69;51;independiente;S;S;2500;979;1460;0;735;575;630;659;20449;13061;Ninguno;No aplica
4245;1031185;2019-12-15 00:00:00;0;NEW ENGALND;47;20;Pensionado;S;S;12000;500;1200;3;701;665;603;779;15685;12884;Ninguno;No aplica
4246;1019521;2018-11-27 00:00:00;0;545454;46;10;Empleado;S;S;13500;400;1100;1;623;622;609;662;28544;24160;Ninguno;No aplica
4247;1042511;2017-04-11 00:00:00;1;ATLANTHIC SOUTH;30;5;independiente;S;S;11250;1500;4000;4;508;585;793;854;10451;9777;Call center;Promesa de pago
4248;1078999;2015-11-17 00:00:00;1;CHICAGO;51;20;Empleado;S;S;11875;1120;1991;0;610;666;666;769;26642;17881;Correo;No contactado
4249;1062935;2016-07-08 00:00:00;1;ATLANTHIC SOUTH;37;10;independiente;S;S;10000;550;1550;0;525;476;511;508;13548;11988;Correo;No contactado
4250;1051124;2019-07-26 00:00:00;1;NEW YORK;36;15;independiente;S;S;6000;300;1521,25;3;497;532;614;826;12186;9513;Call center;Promesa de pago
4251;1026807;2016-08-12 00:00:00;1;NEW YORK;36;15;Pensionado;S;S;825;300;1521,25;1;554;547;657;802;11102;10452;SMS;Pago parcial
4252;1023547;2021-01-08 00:00:00;0;NEW YORK;44;20;independiente;S;S;7800;481,667;900;2;711;657;779;756;5619;4292;Ninguno;No aplica
4253;1039055;2018-08-26 00:00:00;1;NEW YORK;44;22;Pensionado;S;S;12500;1454;1991;4;510;624;722;548;5882;4463;Whatsapp;Sin gestión
4254;1080922;2017-04-29 00:00:00;1;545454;44;17;independiente;S;N;11250;200;1200;1;445;570;585;660;8642;6818;Whatsapp;Sin gestión
4255;1054557;2019-07-03 00:00:00;0;545454;49;30;Empleado;S;S;9000;506;1134;0;712;705;819;617;6296;5507;Ninguno;No aplica
4256;1088683;2020-02-24 00:00:00;0;ATLANTHIC SOUTH;59;45;Pensionado;N;S;10000;915;1500;0;752;642;648;594;19122;18784;Ninguno;No aplica
4257;1099838;2018-04-15 00:00:00;1;ATLANTHIC SOUTH;52;25;Empleado;S;S;15300;4420;566;0;458;594;737;877;29820;16007;Correo;No contactado
4258;1051611;2018-01-15 00:00:00;1;ATLANTHIC SOUTH;25;10;Pensionado;S;S;7000;200;1050;0;571;627;569;719;7895;4158;SMS;Pago parcial
4259;1069379;2020-07-14 00:00:00;1;545454;32;8.333333333;Pensionado;S;N;9000;500;2100;3;495;536;482;717;27977;27103;Call center;Promesa de pago
4260;1038507;2017-08-05 00:00:00;0;NEW YORK;53;10;Empleado;N;S;2500;150;480;2;656;727;551;720;22313;17068;Ninguno;No aplica
4261;1080308;2017-10-30 00:00:00;0;NEW YORK;41;20.83333333;Pensionado;N;S;6250;370;1000;2;750;683;422;721;10366;8370;Ninguno;No aplica
4262;1065068;2016-04-02 00:00:00;0;NEW YORK;62;20;Empleado;N;S;6500;820;1260;0;686;743;798;370;13711;10163;Ninguno;No aplica
4263;1005797;2016-05-04 00:00:00;0;NEW ENGALND;62;30;Pensionado;S;S;10800;460;2000;0;738;668;665;612;24596;13450;Ninguno;No aplica
4264;1019117;2016-12-13 00:00:00;1;NEW YORK;36;15;Pensionado;S;S;8750;1000;1900;0;485;603;585;593;23793;21034;Correo;No contactado
4265;1032166;2019-07-11 00:00:00;1;ATLANTHIC SOUTH;30;17;Pensionado;S;N;10000;500;3000;0;497;578;682;756;13199;11531;Call center;Promesa de pago
4266;1075930;2016-07-05 00:00:00;0;ATLANTHIC SOUTH;47;5;independiente;S;S;12500;500;1200;0;725;674;663;644;15717;10308;Ninguno;No aplica
4267;1092023;2019-12-15 00:00:00;0;NEW YORK;22;5;Empleado;N;S;12000;350;1150;3;715;696;693;671;8423;5501;Ninguno;No aplica
4268;1053541;2017-08-04 00:00:00;0;CHICAGO;32;10;Pensionado;S;S;11000;1241,666;1957,167;0;600;712;735;483;15211;13978;Ninguno;No aplica
4269;1004559;2018-09-22 00:00:00;1;NEW ENGALND;39;10;Empleado;S;S;6000;600;1200;3;444;505;630;692;17782;9534;Call center;Promesa de pago
4270;1066148;2019-02-05 00:00:00;1;545454;31;4;Empleado;S;S;17375;330;2000;0;546;666;588;820;28360;26674;Correo;No contactado
4271;1077661;2016-06-23 00:00:00;1;NEW ENGALND;39;10;Pensionado;S;S;1187;600;1200;0;493;468;708;847;28978;18208;SMS;Pago parcial
4272;1034898;2018-09-03 00:00:00;1;NEW YORK;53;20;independiente;N;S;11200;680;1650;0;474;539;706;785;26542;21141;Whatsapp;Sin gestión
4273;1013536;2020-10-11 00:00:00;0;ATLANTHIC SOUTH;20;6;Empleado;N;N;18800;10800;20400;4;632;674;657;550;17474;16915;Ninguno;No aplica
4274;1089067;2020-09-02 00:00:00;0;NEW ENGALND;36;10;independiente;S;S;4000;550;2000;2;646;705;802;783;8667;7272;Ninguno;No aplica
4275;1029524;2017-08-17 00:00:00;0;NEW ENGALND;52;30;Empleado;S;S;7000;18820;36240;2;599;775;619;735;27357;19347;Ninguno;No aplica
4276;1096573;2015-04-08 00:00:00;0;CHICAGO;28;0;Pensionado;N;N;10800;500;803;0;695;569;587;659;27620;23332;Ninguno;No aplica
4277;1004747;2017-10-15 00:00:00;1;NEW YORK;33;0;Empleado;S;N;10000;565;1450;2;470;550;679;538;13277;8922;Correo;No contactado
4278;1054484;2016-10-26 00:00:00;1;NEW YORK;48;0;Empleado;S;N;5850;300;750;0;452;452;603;806;17424;11127;SMS;Pago parcial
4279;1020340;2019-12-04 00:00:00;1;NEW YORK;34;0;independiente;S;S;6000;510;900;1;497;582;685;667;23852;23812;Call center;Promesa de pago
4280;1053762;2019-03-27 00:00:00;0;NEW YORK;57;0;independiente;N;S;2000;287;650;2;718;696;592;701;27601;24162;Ninguno;No aplica
4281;1013830;2016-09-24 00:00:00;0;ATLANTHIC SOUTH;21;0;Empleado;N;N;3000;212;764;2;805;775;622;676;25003;20561;Ninguno;No aplica
4282;1020629;2015-01-10 00:00:00;0;545454;54;0;Pensionado;S;S;8400;397;1600;2;624;687;782;808;23020;15599;Ninguno;No aplica
4283;1086687;2017-11-01 00:00:00;0;NEW YORK;59;0;Empleado;S;N;4800;650;880;0;758;743;622;659;13155;6901;Ninguno;No aplica
4284;1054430;2015-03-23 00:00:00;0;NEW YORK;69;0;Pensionado;S;S;7500;250;720;3;749;715;594;669;8583;4425;Ninguno;No aplica
4285;1031679;2015-05-01 00:00:00;1;NEW YORK;45;0;independiente;S;N;4000;783;1091;4;461;554;732;862;20515;15942;Correo;No contactado
4286;1085394;2017-10-01 00:00:00;1;ATLANTHIC SOUTH;55;0;Empleado;S;S;5000;405;980;0;510;495;576;661;9009;7937;Whatsapp;Sin gestión
4287;1010367;2015-06-27 00:00:00;0;ATLANTHIC SOUTH;55;0;independiente;N;N;4000;300;800;1;677;697;601;743;24710;18994;Ninguno;No aplica
4288;1002885;2015-11-23 00:00:00;1;NEW ENGALND;23;0;independiente;S;N;13000;320;1300;0;509;490;690;702;15410;14183;Whatsapp;Sin gestión
4289;1062038;2018-03-17 00:00:00;0;NEW ENGALND;38;16.66666667;Pensionado;S;S;12600;4420;29408;2;775;758;716;580;29532;15260;Ninguno;No aplica
4290;1018352;2017-02-27 00:00:00;0;NEW YORK;51;0;Pensionado;S;N;3360;900;1700;4;730;670;735;670;23601;16128;Ninguno;No aplica
4291;1050397;2018-01-17 00:00:00;0;NEW YORK;45;0;Pensionado;S;S;8750;450;950;4;725;752;598;732;9967;6165;Ninguno;No aplica
4292;1025029;2016-11-10 00:00:00;0;CHICAGO;29;0;Empleado;N;N;8000;700;1300;3;678;651;692;792;23753;17189;Ninguno;No aplica
4293;1084901;2016-04-26 00:00:00;1;NEW YORK;36;0;independiente;N;S;11500;400;900;1;426;596;617;853;25022;13417;Call center;Promesa de pago
4294;1030419;2017-12-06 00:00:00;1;NEW YORK;38;0;Pensionado;N;S;11250;650;1100;4;490;593;608;693;15695;15335;Correo;No contactado
4295;1027891;2016-11-22 00:00:00;1;NEW ENGALND;30;16.66666667;Empleado;S;S;12800;1553;2316;1;560;577;734;631;14135;8645;Whatsapp;Sin gestión
4296;1067077;2017-10-08 00:00:00;1;NEW ENGALND;33;21;independiente;N;N;13000;11840;25200;0;424;554;612;691;10722;10305;Correo;No contactado
4297;1045228;2017-06-11 00:00:00;1;NEW YORK;40;0;Empleado;N;S;6000;300;700;0;447;604;669;614;20514;14625;Whatsapp;Sin gestión
4298;1073248;2019-07-11 00:00:00;0;NEW YORK;53;30.66666667;Empleado;S;S;12800;12889;29548;2;706;624;661;650;16128;16011;Ninguno;No aplica
4299;1074701;2016-12-09 00:00:00;0;NEW YORK;33;0;Pensionado;S;S;2200;245;700;3;651;607;575;639;9444;7338;Ninguno;No aplica
4300;1086205;2017-06-28 00:00:00;0;NEW ENGALND;37;0;Empleado;S;N;7000;400;1200;0;660;755;718;735;12618;12182;Ninguno;No aplica
4301;1070172;2019-07-21 00:00:00;0;NEW YORK;32;0;Pensionado;N;S;8000;457;927;0;679;724;689;471;25331;12733;Ninguno;No aplica
4302;1083867;2016-10-19 00:00:00;0;NEW YORK;58;0;Pensionado;S;N;7500;301;1600;2;632;684;511;604;23060;20157;Ninguno;No aplica
4303;1042599;2017-06-02 00:00:00;0;NEW YORK;28;0;Pensionado;S;N;3200;363;800;0;651;780;669;605;6196;5896;Ninguno;No aplica
4304;1046839;2014-10-29 00:00:00;0;NEW YORK;47;0;Pensionado;S;N;9000;295;700;1;735;664;596;777;17297;9857;Ninguno;No aplica
4305;1038823;2015-06-18 00:00:00;0;NEW YORK;57;0;Pensionado;N;S;5000;419,86;658,35;1;635;759;727;570;7787;4268;Ninguno;No aplica
4306;1077477;2019-06-10 00:00:00;1;NEW YORK;27;0;Pensionado;S;S;5950;1085;1516;4;420;591;549;740;28816;20525;Call center;Promesa de pago
4307;1064238;2017-04-23 00:00:00;0;ATLANTHIC SOUTH;52;0;Empleado;N;S;4000;260;720;0;668;619;625;658;12927;12498;Ninguno;No aplica
4308;1000817;2017-08-07 00:00:00;1;NEW YORK;41;0;independiente;S;N;6250;600;1300;2;537;691;675;814;24702;19050;Call center;Promesa de pago
4309;1099090;2015-02-28 00:00:00;0;NEW YORK;68;0;independiente;S;S;4800;553;1218;2;690;739;654;724;28073;21440;Ninguno;No aplica
4310;1090490;2019-08-04 00:00:00;0;NEW YORK;36;0;Empleado;N;S;8750;375;700;0;677;673;703;681;7176;4094;Ninguno;No aplica
4311;1009726;2020-02-04 00:00:00;0;NEW YORK;23;0;independiente;S;N;6400;440;1000;0;702;724;544;620;25127;12573;Ninguno;No aplica
4312;1038668;2017-09-09 00:00:00;0;NEW YORK;42;0;independiente;S;N;7800;650;1200;4;613;656;766;503;13792;12483;Ninguno;No aplica
4313;1045083;2017-06-10 00:00:00;0;NEW YORK;50;0;Empleado;S;S;1900;450;950;3;725;730;687;692;25806;14033;Ninguno;No aplica
4314;1000972;2015-02-21 00:00:00;1;ATLANTHIC SOUTH;46;0;Empleado;S;S;6250;200;800;4;519;437;745;768;25208;20593;Correo;No contactado
4315;1009724;2018-03-19 00:00:00;0;ATLANTHIC SOUTH;34;0;Pensionado;S;S;6750;710;1200;1;680;619;711;528;14171;13566;Ninguno;No aplica
4316;1014772;2015-11-19 00:00:00;0;NEW YORK;57;0;independiente;N;S;3200;310;700;0;750;739;649;559;7451;4503;Ninguno;No aplica
4317;1058187;2020-01-16 00:00:00;1;545454;35;0;Empleado;S;S;9200;1033;1420;0;444;565;560;743;5628;4686;SMS;Pago parcial
4318;1005889;2016-11-06 00:00:00;0;ATLANTHIC SOUTH;47;0;Pensionado;S;N;8400;450;1050;1;756;692;611;701;14821;7994;Ninguno;No aplica
4319;1000235;2019-09-26 00:00:00;1;545454;37;0;Empleado;N;S;8750;700;1292;2;508;499;761;631;12778;10246;SMS;Pago parcial
4320;1058462;2015-11-05 00:00:00;0;ATLANTHIC SOUTH;44;0;Pensionado;S;N;7500;755;2940;2;683;791;747;618;8696;5061;Ninguno;No aplica
4321;1065053;2016-08-12 00:00:00;1;NEW YORK;48;0;Pensionado;S;N;5100;863;1220;4;499;651;607;555;25058;21750;Call center;Promesa de pago
4322;1099284;2016-03-15 00:00:00;0;CHICAGO;34;0;independiente;S;N;10000;940;1600;4;695;668;453;794;25313;16469;Ninguno;No aplica
4323;1064066;2015-11-07 00:00:00;0;ATLANTHIC SOUTH;54;0;independiente;S;S;9250;400;800;0;761;656;635;553;24149;17670;Ninguno;No aplica
4324;1041472;2016-07-17 00:00:00;0;CHICAGO;58;0;Pensionado;S;S;1750;500;900;0;646;742;630;719;25753;20595;Ninguno;No aplica
4325;1006781;2019-09-26 00:00:00;1;NEW YORK;61;0;Empleado;S;S;7800;630;1280;2;462;699;633;717;17972;10525;Whatsapp;Sin gestión
4326;1063682;2016-12-12 00:00:00;0;CHICAGO;50;0;Empleado;S;S;5000;250;1600;2;752;737;687;786;13307;11588;Ninguno;No aplica
4327;1049306;2019-06-24 00:00:00;1;ATLANTHIC SOUTH;52;0;Empleado;S;S;8000;670;1250;0;470;710;711;649;9956;6485;SMS;Pago parcial
4328;1030705;2014-11-27 00:00:00;0;NEW YORK;43;0;independiente;S;N;7200;570;1800;0;745;625;719;676;15195;12630;Ninguno;No aplica
4329;1032330;2017-10-15 00:00:00;0;NEW YORK;52;0;Pensionado;S;S;3750;180;500;2;785;631;681;517;22076;12785;Ninguno;No aplica
4330;1020927;2014-11-01 00:00:00;1;NEW YORK;56;0;Pensionado;S;S;6875;480;925;3;480;509;524;546;24546;20718;Call center;Promesa de pago
4331;1050982;2017-09-30 00:00:00;1;NEW YORK;41;0;independiente;S;S;10500;595;1100;0;534;607;626;774;6105;3444;Whatsapp;Sin gestión
4332;1002287;2017-09-14 00:00:00;1;545454;31;0;independiente;S;S;11250;560;1350;0;442;591;811;559;24392;17384;Whatsapp;Sin gestión
4333;1018486;2018-03-24 00:00:00;1;NEW YORK;50;0;Empleado;S;S;6250;330;750;0;538;571;676;699;23545;14683;SMS;Pago parcial
4334;1041028;2020-01-19 00:00:00;0;NEW YORK;42;0;Pensionado;N;S;6400;650;1000;0;710;729;676;761;20417;17848;Ninguno;No aplica
4335;1038101;2017-10-13 00:00:00;1;CHICAGO;50;0;Empleado;N;S;10000;660;1800;0;524;654;675;787;29729;18760;Call center;Promesa de pago
4336;1063823;2019-03-14 00:00:00;1;ATLANTHIC SOUTH;45;0;Empleado;S;N;8750;490;1100;0;468;488;679;660;19188;18053;Whatsapp;Sin gestión
4337;1005758;2017-02-03 00:00:00;0;CHICAGO;48;0;Empleado;N;N;12800;230;1500;1;617;644;483;527;25083;23726;Ninguno;No aplica
4338;1088136;2018-12-06 00:00:00;0;NEW ENGALND;61;0;Empleado;S;S;7000;250;900;4;725;729;633;716;17602;10530;Ninguno;No aplica
4339;1044641;2016-08-02 00:00:00;1;ATLANTHIC SOUTH;68;0;Empleado;S;S;3750;200;400;0;397;552;647;841;25170;20310;Whatsapp;Sin gestión
4340;1097049;2019-02-27 00:00:00;0;545454;39;0;Empleado;S;S;2000;300;1750;3;684;632;740;610;14256;7753;Ninguno;No aplica
4341;1067222;2019-03-18 00:00:00;0;ATLANTHIC SOUTH;69;0;Empleado;N;S;3125;410;1000;0;747;741;653;598;25584;17801;Ninguno;No aplica
4342;1037617;2016-07-10 00:00:00;1;NEW YORK;62;0;Pensionado;S;S;10000;345;900;3;510;503;535;673;19212;16458;Correo;No contactado
4343;1086749;2019-04-07 00:00:00;1;NEW YORK;55;0;Pensionado;S;N;6500;250;600;0;597;562;680;771;6913;5736;Correo;No contactado
4344;1001259;2018-01-20 00:00:00;1;CHICAGO;47;0;Pensionado;S;S;5000;600;1100;0;551;600;594;831;26904;21855;SMS;Pago parcial
4345;1028103;2016-08-14 00:00:00;0;545454;44;0;independiente;S;N;9000;300;1600;0;667;646;565;558;15593;9999;Ninguno;No aplica
4346;1032332;2019-10-12 00:00:00;1;NEW YORK;48;0;independiente;N;S;6250;180;620;0;501;627;592;585;6772;4666;Correo;No contactado
4347;1014089;2018-02-25 00:00:00;1;ATLANTHIC SOUTH;46;0;independiente;S;N;3750;579;1200;0;498;546;688;931;24164;13326;Call center;Promesa de pago
4348;1000869;2015-08-13 00:00:00;1;NEW ENGALND;34;10.83333333;Pensionado;S;N;15000;13000;29600;3;421;665;738;704;17996;15468;SMS;Pago parcial
4349;1024633;2019-08-04 00:00:00;1;ATLANTHIC SOUTH;41;20;Pensionado;N;N;15600;320;1900;2;453;572;684;743;28807;21661;SMS;Pago parcial
4350;1074049;2016-11-20 00:00:00;0;ATLANTHIC SOUTH;38;0;Empleado;S;S;7500;700;1000;4;672;720;694;608;7871;6725;Ninguno;No aplica
4351;1065673;2019-07-15 00:00:00;0;NEW YORK;66;0;Pensionado;N;S;5625;233;1200;3;598;725;683;714;18234;11387;Ninguno;No aplica
4352;1039211;2015-10-06 00:00:00;0;545454;62;0;Pensionado;S;S;11700;270;2200;1;702;642;657;756;22044;14598;Ninguno;No aplica
4353;1026015;2015-05-15 00:00:00;1;545454;37;0;independiente;S;S;9350;620;1900;0;488;457;699;747;27626;18430;Correo;No contactado
4354;1008521;2018-04-13 00:00:00;0;NEW YORK;32;0;independiente;N;S;11400;3105;5300;3;616;702;481;827;15521;7960;Ninguno;No aplica
4355;1036802;2015-02-13 00:00:00;1;NEW YORK;68;0;independiente;N;N;6400;300;900;1;520;584;658;691;15642;10488;Whatsapp;Sin gestión
4356;1092995;2017-01-13 00:00:00;1;NEW YORK;27;0;Empleado;S;S;5000;500;1450;0;536;613;577;696;6132;5529;Call center;Promesa de pago
4357;1069577;2017-10-23 00:00:00;0;ATLANTHIC SOUTH;37;0;Empleado;S;S;11250;400;1200;0;711;666;731;691;5699;5406;Ninguno;No aplica
4358;1048053;2016-02-14 00:00:00;0;ATLANTHIC SOUTH;31;0;Pensionado;S;N;6250;285;952;0;684;654;640;712;19534;14828;Ninguno;No aplica
4359;1089284;2018-08-28 00:00:00;1;NEW YORK;22;0;Empleado;N;S;12375;420;950;1;530;701;652;741;28854;20999;Call center;Promesa de pago
4360;1006760;2015-11-26 00:00:00;1;NEW YORK;48;0;independiente;S;S;11268;701,25;1315,25;3;534;492;545;604;15230;7850;Call center;Promesa de pago
4361;1065769;2017-05-30 00:00:00;0;NEW YORK;42;0;Empleado;S;S;3768;670,167;1220,5;4;715;724;721;698;11297;10615;Ninguno;No aplica
4362;1084908;2015-01-10 00:00:00;1;545454;61;0;independiente;S;S;6250;941,666;1680;2;459;546;694;686;17839;9036;SMS;Pago parcial
4363;1079184;2018-06-10 00:00:00;1;CHICAGO;65;0;Empleado;S;S;11200;6769;16677;0;514;560;689;668;12812;12458;Call center;Promesa de pago
4364;1089815;2019-01-17 00:00:00;0;545454;36;0;independiente;S;S;1000;290;1900;0;760;661;593;673;9557;7116;Ninguno;No aplica
4365;1002394;2016-03-28 00:00:00;1;NEW YORK;59;0;Empleado;S;S;3500;425;780;2;470;532;596;633;7179;4817;Whatsapp;Sin gestión
4366;1083352;2017-04-25 00:00:00;0;ATLANTHIC SOUTH;52;0;Empleado;S;S;10800;300;500;0;805;714;666;568;16030;15423;Ninguno;No aplica
4367;1077977;2016-11-01 00:00:00;1;545454;62;0;independiente;S;S;4000;400;1600;4;474;663;601;485;14065;7204;Whatsapp;Sin gestión
4368;1039471;2015-03-23 00:00:00;0;NEW YORK;28;0;Pensionado;S;S;11250;1194;2700;2;702;708;680;827;13275;10497;Ninguno;No aplica
4369;1089561;2016-09-20 00:00:00;1;CHICAGO;40;0;Pensionado;N;N;6400;450;747;4;466;586;499;770;22806;17662;Correo;No contactado
4370;1040344;2017-06-11 00:00:00;1;NEW YORK;59;0;Empleado;S;S;6250;378;740;3;511;521;616;709;20089;12247;Call center;Promesa de pago
4371;1077225;2017-09-21 00:00:00;0;ATLANTHIC SOUTH;36;0;Pensionado;S;S;12000;1850;2700;0;613;711;776;610;8180;5844;Ninguno;No aplica
4372;1088863;2016-06-19 00:00:00;0;NEW YORK;41;0;independiente;S;S;6250;150;550;0;673;809;681;411;25700;21232;Ninguno;No aplica
4373;1077821;2018-11-28 00:00:00;0;ATLANTHIC SOUTH;54;0;independiente;S;S;8750;180;1100;0;645;657;662;604;11696;10100;Ninguno;No aplica
4374;1022918;2016-05-25 00:00:00;0;ATLANTHIC SOUTH;30;0;independiente;S;S;7700;300;950;2;707;657;789;734;14583;7297;Ninguno;No aplica
4375;1089533;2018-09-06 00:00:00;1;NEW YORK;63;0;independiente;N;S;3750;462;787;0;550;546;486;805;21998;21303;SMS;Pago parcial
4376;1079143;2016-05-01 00:00:00;1;NEW YORK;50;35;Pensionado;S;S;10750;11050;16850;0;532;551;593;778;18869;10987;Correo;No contactado
4377;1024502;2015-03-26 00:00:00;1;NEW YORK;18;0;independiente;S;S;9000;575;1020;3;381;415;622;734;16757;10336;Whatsapp;Sin gestión
4378;1005858;2016-11-19 00:00:00;0;NEW ENGALND;50;0;Pensionado;S;N;5000;490;1200;1;802;704;710;787;25954;16396;Ninguno;No aplica
4379;1086822;2016-11-25 00:00:00;1;NEW YORK;34;0;Empleado;S;S;11500;929;1020;0;515;529;711;690;21654;11236;Call center;Promesa de pago
4380;1030697;2017-04-07 00:00:00;0;ATLANTHIC SOUTH;34;20;Empleado;S;S;16500;550;1850;3;661;583;589;768;17258;9691;Ninguno;No aplica
4381;1060553;2016-07-23 00:00:00;0;NEW ENGALND;64;0;independiente;S;N;10000;340;800;2;708;725;720;635;7468;7417;Ninguno;No aplica
4382;1018325;2018-07-26 00:00:00;0;NEW YORK;26;0;Empleado;S;S;6250;450;900;1;709;615;622;591;19208;12631;Ninguno;No aplica
4383;1007474;2018-11-04 00:00:00;1;ATLANTHIC SOUTH;44;0;Pensionado;N;S;5000;1040;2200;0;467;560;735;629;20042;11176;Whatsapp;Sin gestión
4384;1000213;2017-08-13 00:00:00;0;NEW ENGALND;33;15;Empleado;S;N;16800;14723;34928;0;710;768;578;574;20639;11424;Ninguno;No aplica
4385;1031183;2016-04-17 00:00:00;1;NEW YORK;50;33.33333333;Empleado;N;N;3600;400;1000;2;470;495;641;779;16546;14225;Correo;No contactado
4386;1007938;2016-02-25 00:00:00;1;NEW YORK;66;43;Empleado;N;S;8100;800;1280;4;480;488;616;653;17327;16067;Whatsapp;Sin gestión
4387;1045486;2017-03-15 00:00:00;0;CHICAGO;47;20;Pensionado;S;S;6000;400;600;1;666;696;724;577;19270;12111;Ninguno;No aplica
4388;1016584;2017-07-10 00:00:00;0;NEW YORK;38;20;Pensionado;N;S;3750;200;380;1;628;749;613;734;20523;10476;Ninguno;No aplica
4389;1028279;2019-11-18 00:00:00;1;ATLANTHIC SOUTH;41;25;Pensionado;N;S;11250;470;1250;1;507;486;647;750;19300;11803;Call center;Promesa de pago
4390;1062439;2018-02-02 00:00:00;1;ATLANTHIC SOUTH;37;20;independiente;S;S;3750;700;1300;0;529;604;685;807;24991;13202;Call center;Promesa de pago
4391;1018890;2017-06-08 00:00:00;0;545454;60;40;independiente;N;N;16250;380;1800;0;726;715;688;716;15775;8703;Ninguno;No aplica
4392;1008011;2019-09-30 00:00:00;1;ATLANTHIC SOUTH;32;18;Pensionado;S;S;6500;565;1200;0;541;456;712;652;17265;12357;Correo;No contactado
4393;1056131;2018-07-21 00:00:00;1;545454;36;13;independiente;S;S;8000;400;1300;0;516;628;665;727;24459;15041;Call center;Promesa de pago
4394;1054534;2016-03-26 00:00:00;1;NEW YORK;61;49.16666667;independiente;S;S;5000;220;800;4;473;633;621;731;21673;16428;Whatsapp;Sin gestión
4395;1066772;2019-12-01 00:00:00;1;NEW YORK;39;21;Empleado;S;S;7500;350;900;1;542;561;626;637;29504;18492;Whatsapp;Sin gestión
4396;1004727;2020-04-19 00:00:00;1;ATLANTHIC SOUTH;55;40;Pensionado;S;S;7500;305;1100;2;432;655;652;621;11614;11269;SMS;Pago parcial
4397;1036680;2019-03-19 00:00:00;0;ATLANTHIC SOUTH;53;20;independiente;N;S;3125;428;1100;0;655;748;667;609;8252;7864;Ninguno;No aplica
4398;1097610;2017-02-13 00:00:00;1;NEW YORK;35;20;Empleado;S;S;5250;270;800;4;452;586;640;903;12415;9726;SMS;Pago parcial
4399;1066651;2016-08-28 00:00:00;1;NEW ENGALND;41;25;Pensionado;S;S;4000;350;1350;0;554;553;651;683;28155;19067;SMS;Pago parcial
4400;1066262;2016-07-27 00:00:00;1;545454;60;12;Pensionado;N;S;9600;1262,5;1550;0;547;522;544;831;21662;14959;Whatsapp;Sin gestión
4401;1026836;2020-03-28 00:00:00;0;ATLANTHIC SOUTH;56;30;Empleado;S;S;4035;433;1500;0;724;678;697;628;16116;11377;Ninguno;No aplica
4402;1048763;2018-08-27 00:00:00;0;NEW YORK;46;10;Empleado;N;S;3750;400;900;3;754;714;663;750;21964;18972;Ninguno;No aplica
4403;1065313;2016-04-28 00:00:00;1;ATLANTHIC SOUTH;48;20;Pensionado;S;S;6250;250;700;0;456;561;720;801;9958;7228;Whatsapp;Sin gestión
4404;1068989;2017-10-25 00:00:00;1;NEW YORK;68;48;Empleado;S;S;7900;215;680;4;517;448;650;806;29829;27692;Correo;No contactado
4405;1030191;2015-11-09 00:00:00;0;ATLANTHIC SOUTH;61;20;Empleado;S;S;5000;585;1500;4;694;756;528;705;9276;9017;Ninguno;No aplica
4406;1052736;2018-04-02 00:00:00;0;NEW ENGALND;63;58;Empleado;N;S;7200;600;2200;4;742;691;625;794;29381;19626;Ninguno;No aplica
4407;1069111;2018-02-08 00:00:00;0;CHICAGO;24;20;Empleado;N;S;10800;1343,167;1953,417;2;694;657;636;704;9776;7629;Ninguno;No aplica
4408;1059002;2019-02-13 00:00:00;1;NEW YORK;50;4;Pensionado;S;S;10625;270;1500;2;481;631;702;874;22208;12160;SMS;Pago parcial
4409;1062060;2020-02-02 00:00:00;1;NEW YORK;53;20;independiente;S;S;5400;840;1100;0;527;671;505;574;8832;5301;Whatsapp;Sin gestión
4410;1095867;2019-12-13 00:00:00;0;NEW YORK;51;20;independiente;S;S;5400;760;1100;1;744;512;653;701;19901;14065;Ninguno;No aplica
4411;1097146;2020-04-25 00:00:00;1;CHICAGO;68;53;Pensionado;N;S;6250;500;1000;0;467;606;686;745;10445;6299;Correo;No contactado
4412;1023762;2017-07-02 00:00:00;0;NEW YORK;45;10;Empleado;S;S;4000;180;780;1;697;594;604;586;6380;5986;Ninguno;No aplica
4413;1050523;2017-08-02 00:00:00;0;NEW YORK;50;30;independiente;S;N;8000;400;800;0;647;710;655;722;14865;8609;Ninguno;No aplica
4414;1084130;2018-12-07 00:00:00;0;NEW YORK;58;20;independiente;S;S;5400;270;563;0;575;688;606;536;27918;20320;Ninguno;No aplica
4415;1018130;2016-01-05 00:00:00;0;NEW YORK;37;15;Empleado;S;S;8500;531;1100;2;710;718;599;611;18926;15195;Ninguno;No aplica
4416;1028635;2020-10-23 00:00:00;1;NEW YORK;66;48.33333333;Empleado;S;S;13000;400;1300;0;530;550;621;540;24540;20759;Whatsapp;Sin gestión
4417;1008183;2016-03-19 00:00:00;0;NEW YORK;31;20;Pensionado;S;S;8100;1120;1340;0;713;568;600;810;16580;11466;Ninguno;No aplica
4418;1023467;2017-08-09 00:00:00;1;NEW YORK;37;10;Empleado;S;S;9000;700;1000;4;403;553;698;699;25691;24010;Correo;No contactado
4419;1074632;2016-11-21 00:00:00;1;NEW YORK;40;26;independiente;S;S;8100;700;980;4;482;604;599;915;10634;8339;SMS;Pago parcial
4420;1050406;2017-11-26 00:00:00;0;NEW YORK;41;22;Pensionado;N;S;5625;485;1790;0;589;741;587;742;29959;21563;Ninguno;No aplica
4421;1087213;2017-02-25 00:00:00;1;NEW YORK;50;15;Empleado;S;S;6875;550;900;2;568;510;774;760;10810;5768;SMS;Pago parcial
4422;1031579;2017-08-02 00:00:00;1;545454;47;20;Pensionado;S;S;11875;900;1300;0;446;642;717;667;29917;21910;SMS;Pago parcial
4423;1072894;2018-04-23 00:00:00;0;NEW YORK;22;10;Pensionado;S;S;5400;790;1180;1;763;641;520;576;27318;24869;Ninguno;No aplica
4424;1067099;2019-05-08 00:00:00;0;NEW YORK;62;33.33333333;independiente;S;N;1900;430;1000;3;747;702;596;717;15179;12254;Ninguno;No aplica
4425;1009891;2016-03-12 00:00:00;1;NEW YORK;35;23;independiente;S;N;8100;800;1180;0;455;549;667;714;17251;15803;Whatsapp;Sin gestión
4426;1052115;2016-12-07 00:00:00;1;ATLANTHIC SOUTH;52;10;independiente;S;S;12500;680;1700;2;443;591;673;599;18131;13544;Whatsapp;Sin gestión
4427;1052302;2018-01-16 00:00:00;1;NEW YORK;25;10;Pensionado;N;S;12500;340;850;0;518;634;546;583;24493;13697;Correo;No contactado
4428;1004210;2019-01-08 00:00:00;1;NEW YORK;54;20;Empleado;S;S;10125;767;1130;0;458;506;731;634;25466;12907;Call center;Promesa de pago
4429;1075125;2017-11-23 00:00:00;0;ATLANTHIC SOUTH;25;20;Empleado;S;S;10000;405;1200;0;705;639;708;834;17707;11538;Ninguno;No aplica
4430;1030103;2017-01-17 00:00:00;0;NEW YORK;46;20;Pensionado;S;S;5010;240;400;2;676;691;684;869;24624;20906;Ninguno;No aplica
4431;1014519;2019-11-02 00:00:00;1;NEW YORK;35;5;Pensionado;S;N;6250;280;980;3;411;724;745;738;27412;24537;Call center;Promesa de pago
4432;1016745;2019-11-10 00:00:00;1;NEW YORK;62;44;independiente;S;S;3125;450;750;4;388;528;682;733;23233;15052;SMS;Pago parcial
4433;1028836;2019-10-20 00:00:00;1;545454;51;34;Empleado;S;S;7000;252,916;980;1;511;702;681;690;29881;22346;Call center;Promesa de pago
4434;1097417;2019-05-19 00:00:00;0;545454;44;20;Empleado;S;S;8800;983,333;1400;0;672;800;759;586;7749;5506;Ninguno;No aplica
4435;1080877;2019-03-16 00:00:00;1;NEW ENGALND;50;30;Pensionado;S;S;5000;198;1416;0;472;574;727;844;18156;12805;SMS;Pago parcial
4436;1076179;2019-02-19 00:00:00;1;NEW YORK;58;20;Empleado;S;S;8100;600;980;2;535;562;591;889;28064;17278;Correo;No contactado
4437;1085608;2016-08-04 00:00:00;1;NEW YORK;31;10;Pensionado;S;S;14500;600;1200;0;559;538;694;640;21589;12267;Call center;Promesa de pago
4438;1072199;2019-06-04 00:00:00;1;ATLANTHIC SOUTH;36;6;independiente;S;S;8750;3000;6500;1;486;576;604;713;28736;17194;Call center;Promesa de pago
4439;1080929;2019-05-02 00:00:00;0;NEW YORK;28;15;Pensionado;S;S;13200;500;1350;0;683;596;685;630;25975;13706;Ninguno;No aplica
4440;1056431;2016-05-23 00:00:00;1;NEW ENGALND;67;25;Empleado;S;N;7500;380;1000;0;525;575;683;682;8450;5062;SMS;Pago parcial
4441;1091003;2019-02-15 00:00:00;0;NEW YORK;27;5;Empleado;S;S;6375;170;700;0;632;770;553;777;12214;6163;Ninguno;No aplica
4442;1047812;2019-08-18 00:00:00;0;ATLANTHIC SOUTH;41;20;independiente;S;S;2700;1157;2000;0;711;643;641;552;25195;20499;Ninguno;No aplica
4443;1017036;2016-09-21 00:00:00;1;NEW ENGALND;48;31.66666667;independiente;S;S;4500;400;900;3;528;566;669;762;16814;11067;Correo;No contactado
4444;1011779;2020-07-15 00:00:00;0;NEW YORK;31;10;Empleado;S;N;5000;200;900;2;734;578;619;736;10141;10005;Ninguno;No aplica
4445;1078107;2017-09-14 00:00:00;0;NEW YORK;29;6;independiente;S;N;6250;1000;1400;2;603;702;672;657;29885;17837;Ninguno;No aplica
4446;1071284;2018-10-16 00:00:00;1;NEW YORK;33;20;Pensionado;S;S;11875;320;850;0;462;596;706;800;7708;5187;Call center;Promesa de pago
4447;1045294;2016-03-05 00:00:00;0;NEW YORK;56;30;independiente;S;N;3125;200;900;0;656;684;648;683;23375;15870;Ninguno;No aplica
4448;1006067;2018-10-22 00:00:00;0;NEW YORK;29;6.25;Empleado;S;S;14500;520;1700;2;705;667;666;780;20088;10129;Ninguno;No aplica
4449;1014103;2020-12-07 00:00:00;0;NEW YORK;39;11.66666667;Pensionado;S;N;10125;949;1380;4;724;662;747;533;29847;27447;Ninguno;No aplica
4450;1006821;2015-10-28 00:00:00;1;NEW YORK;60;33.33333333;independiente;S;N;10625;600;1900;3;575;610;683;689;16834;8686;Call center;Promesa de pago
4451;1073175;2016-01-13 00:00:00;1;CHICAGO;47;20;Empleado;S;S;8750;400;600;0;475;578;664;714;17278;16761;Call center;Promesa de pago
4452;1001119;2018-11-14 00:00:00;1;NEW YORK;49;25;independiente;S;S;11600;300;800;3;475;599;583;480;15014;14204;Correo;No contactado
4453;1010885;2019-12-15 00:00:00;0;NEW YORK;34;15;Empleado;S;N;6250;200;800;4;757;693;697;572;8273;6352;Ninguno;No aplica
4454;1037842;2017-03-27 00:00:00;1;NEW YORK;22;7;Pensionado;S;S;2500;280;1100;4;515;647;673;647;19367;14947;Correo;No contactado
4455;1089252;2017-12-09 00:00:00;1;NEW YORK;42;30;Pensionado;S;N;12500;225;800;0;563;621;740;805;9538;7887;Call center;Promesa de pago
4456;1086755;2017-02-05 00:00:00;1;NEW YORK;28;5;Pensionado;S;N;3125;200;800;0;514;592;653;656;17541;12165;SMS;Pago parcial
4457;1075162;2016-08-29 00:00:00;0;NEW YORK;35;20;independiente;S;N;7500;200;1500;3;642;771;523;596;13712;11293;Ninguno;No aplica
4458;1099295;2016-10-13 00:00:00;0;545454;43;10;Empleado;S;S;5400;355;1300;4;633;705;531;744;14168;7401;Ninguno;No aplica
4459;1071538;2016-06-13 00:00:00;1;NEW YORK;59;30;independiente;N;S;10000;290;595,5;0;422;658;701;574;25106;13231;SMS;Pago parcial
4460;1042816;2016-11-08 00:00:00;0;NEW ENGALND;46;20;Pensionado;S;S;8000;584;1750;0;733;716;610;484;8551;6230;Ninguno;No aplica
4461;1043314;2021-01-29 00:00:00;0;ATLANTHIC SOUTH;51;10;Pensionado;S;S;13500;900;2200;0;759;569;681;637;17297;13402;Ninguno;No aplica
4462;1004317;2021-01-10 00:00:00;1;NEW YORK;32;15;Empleado;S;S;11280;240;900;1;592;658;658;590;15965;15070;Call center;Promesa de pago
4463;1071758;2019-03-21 00:00:00;0;ATLANTHIC SOUTH;57;39;Pensionado;S;S;10200;995;1700;4;742;688;638;543;7832;4326;Ninguno;No aplica
4464;1096206;2018-08-15 00:00:00;1;NEW YORK;69;20;independiente;S;S;9500;500;900;0;558;577;643;772;27063;24663;Correo;No contactado
4465;1032121;2015-12-17 00:00:00;0;NEW ENGALND;46;28;independiente;S;N;9000;1600;2400;0;671;697;589;749;27963;16918;Ninguno;No aplica
4466;1035128;2020-11-05 00:00:00;1;NEW ENGALND;63;20;independiente;S;S;8000;346;1220;0;442;559;649;791;18422;12841;Call center;Promesa de pago
4467;1016266;2020-12-17 00:00:00;0;NEW YORK;59;20;Empleado;S;N;3600;380;750;1;743;694;609;770;5152;3392;Ninguno;No aplica
4468;1028521;2017-10-09 00:00:00;1;NEW ENGALND;45;30;Empleado;S;S;8000;198;1510;1;521;544;624;832;27138;18999;Correo;No contactado
4469;1032064;2016-08-12 00:00:00;0;CHICAGO;19;10;independiente;N;S;11250;1766,666;2766,666;2;705;756;627;478;16156;9294;Ninguno;No aplica
4470;1081529;2020-03-02 00:00:00;0;NEW ENGALND;48;30;Empleado;S;S;15000;930;2300;0;719;673;634;711;16108;12110;Ninguno;No aplica
4471;1013354;2019-05-16 00:00:00;0;NEW YORK;27;7;Pensionado;N;S;7500;190;860;0;716;657;715;622;7800;7026;Ninguno;No aplica
4472;1098822;2015-09-19 00:00:00;0;NEW YORK;44;20;Empleado;S;N;3000;250;1000;1;764;625;641;603;10310;7431;Ninguno;No aplica
4473;1043683;2017-11-22 00:00:00;1;NEW YORK;26;10;Empleado;S;S;12000;300;1650;0;565;596;722;770;14944;11138;Call center;Promesa de pago
4474;1043776;2018-06-27 00:00:00;1;NEW YORK;48;20;Empleado;S;S;7500;1210,604;2236,958;1;527;591;758;564;7610;7035;Correo;No contactado
4475;1046361;2018-11-14 00:00:00;1;ATLANTHIC SOUTH;48;28;independiente;S;S;6000;665;1200;0;542;603;710;562;17067;14559;Whatsapp;Sin gestión
4476;1002272;2017-02-06 00:00:00;1;NEW ENGALND;51;31;Empleado;S;S;9500;600;2200;0;526;518;687;777;6104;4549;SMS;Pago parcial
4477;1038454;2017-09-20 00:00:00;0;ATLANTHIC SOUTH;46;20;independiente;S;S;5000;400;1600;2;677;584;673;714;15728;9891;Ninguno;No aplica
4478;1049548;2019-02-04 00:00:00;0;ATLANTHIC SOUTH;53;15;Pensionado;S;S;8125;750;2500;0;738;718;711;682;28745;27091;Ninguno;No aplica
4479;1059925;2017-12-06 00:00:00;1;NEW YORK;41;20;Empleado;S;S;8500;300;1200;3;430;669;656;641;25583;20172;Whatsapp;Sin gestión
4480;1058421;2020-12-29 00:00:00;1;NEW YORK;43;10;independiente;N;N;8625;430;900;3;553;518;719;787;25238;15410;SMS;Pago parcial
4481;1003292;2017-11-12 00:00:00;1;ATLANTHIC SOUTH;31;10;independiente;N;N;6250;576;1500;0;440;675;693;781;12263;7782;Correo;No contactado
4482;1084568;2015-12-26 00:00:00;1;NEW YORK;53;40;Pensionado;N;S;8100;1040;1350;0;514;597;625;728;6914;6233;Whatsapp;Sin gestión
4483;1020703;2020-12-13 00:00:00;1;545454;21;10;independiente;N;N;10000;250;1600;1;458;580;713;614;28749;15009;SMS;Pago parcial
4484;1031767;2019-05-31 00:00:00;0;NEW YORK;68;40;Empleado;S;S;7500;400;830;2;728;656;656;632;24456;24359;Ninguno;No aplica
4485;1025171;2017-12-29 00:00:00;1;NEW ENGALND;37;22;independiente;S;N;15000;484;2000;0;498;497;643;795;5406;3055;Call center;Promesa de pago
4486;1082444;2020-07-13 00:00:00;1;NEW YORK;35;14;Empleado;S;S;11250;163,333;1100;0;420;639;617;839;18689;16783;Correo;No contactado
4487;1022475;2020-07-15 00:00:00;0;NEW YORK;41;33.33333333;independiente;S;N;13125;150;700;0;721;633;662;641;5166;3603;Ninguno;No aplica
4488;1052700;2021-01-14 00:00:00;1;ATLANTHIC SOUTH;51;10;Pensionado;N;S;12500;240;1800;2;471;533;720;698;5508;4110;Correo;No contactado
4489;1085276;2015-09-27 00:00:00;0;ATLANTHIC SOUTH;57;15;Empleado;S;S;2500;255;1200;0;744;740;712;655;23045;21670;Ninguno;No aplica
4490;1005479;2018-11-04 00:00:00;0;NEW YORK;49;29;independiente;S;S;7500;380;900;0;700;567;675;695;8664;6121;Ninguno;No aplica
4491;1065786;2018-08-17 00:00:00;0;NEW YORK;31;16;Empleado;N;S;11250;320;800;0;720;589;692;618;24873;19121;Ninguno;No aplica
4492;1065669;2018-08-03 00:00:00;1;NEW YORK;28;18;independiente;S;S;5000;570;1200;4;452;579;739;460;18050;9470;Call center;Promesa de pago
4493;1050200;2020-01-19 00:00:00;0;NEW YORK;30;15;independiente;S;N;4500;256;467;0;671;698;640;777;5680;2847;Ninguno;No aplica
4494;1096973;2017-11-01 00:00:00;0;CHICAGO;58;20;independiente;N;N;1250;520;750;4;677;709;572;832;23908;14880;Ninguno;No aplica
4495;1066815;2020-04-19 00:00:00;1;ATLANTHIC SOUTH;44;20;independiente;N;S;6300;600;1300;0;543;562;741;665;23504;19750;Call center;Promesa de pago
4496;1054428;2020-01-28 00:00:00;1;NEW YORK;33;20;Empleado;S;S;7600;125;390;0;584;732;613;624;26644;14937;SMS;Pago parcial
4497;1065476;2018-11-18 00:00:00;1;545454;37;15;Pensionado;S;S;12500;330;800;2;460;566;602;708;9357;5211;Correo;No contactado
4498;1067742;2019-06-18 00:00:00;0;NEW YORK;61;20;Empleado;S;N;6736;486;1350;0;754;666;524;653;6363;4489;Ninguno;No aplica
4499;1038363;2016-11-18 00:00:00;1;NEW YORK;50;30;independiente;S;N;6750;200;900;2;392;532;690;810;14523;11966;SMS;Pago parcial
4500;1018726;2016-04-26 00:00:00;0;NEW YORK;48;28;Empleado;S;S;12500;1200;2300;1;640;687;536;675;7292;6242;Ninguno;No aplica
4501;1011446;2017-07-19 00:00:00;0;545454;38;15;Pensionado;N;S;6000;1610;2800;3;652;717;597;599;6538;3852;Ninguno;No aplica
4502;1048198;2018-10-01 00:00:00;1;CHICAGO;69;40;Empleado;S;S;5700;400;600;3;432;652;691;601;8408;4539;Call center;Promesa de pago
4503;1028612;2016-12-13 00:00:00;0;NEW YORK;44;5;Pensionado;S;S;3750;200;900;1;621;591;701;748;29126;28258;Ninguno;No aplica
4504;1012359;2017-01-14 00:00:00;0;NEW YORK;35;4;independiente;S;S;3187;200;790;3;721;665;604;724;13752;8668;Ninguno;No aplica
4505;1028614;2016-08-02 00:00:00;1;NEW YORK;43;4;Empleado;S;S;8500;160;900;1;489;607;641;815;23287;21579;Correo;No contactado
4506;1080291;2018-02-18 00:00:00;0;CHICAGO;50;30;Empleado;S;N;2500;600;1200;0;719;715;589;583;5174;4821;Ninguno;No aplica
4507;1025342;2015-10-27 00:00:00;0;ATLANTHIC SOUTH;31;10;independiente;S;S;9375;800;2014;0;735;680;612;835;7230;6408;Ninguno;No aplica
4508;1010472;2016-10-26 00:00:00;0;NEW YORK;43;20;Empleado;S;S;6300;180;550;1;713;713;669;513;9287;5427;Ninguno;No aplica
4509;1069113;2015-12-27 00:00:00;1;CHICAGO;47;5;Pensionado;S;S;2500;300;800;0;533;531;615;784;25544;23268;Call center;Promesa de pago
4510;1096217;2018-03-07 00:00:00;1;ATLANTHIC SOUTH;39;13;independiente;S;S;12500;1167;1600;3;497;673;633;548;17112;15138;SMS;Pago parcial
4511;1054050;2018-01-30 00:00:00;1;CHICAGO;35;20;Empleado;N;S;1875;230;550;0;441;640;547;649;12106;9665;SMS;Pago parcial
4512;1042215;2020-10-05 00:00:00;0;CHICAGO;47;25;independiente;N;S;2500;320;650;1;753;599;729;810;14689;9821;Ninguno;No aplica
4513;1005508;2018-02-20 00:00:00;0;NEW YORK;38;20;independiente;S;S;5000;400;1900;4;671;615;686;745;17046;10760;Ninguno;No aplica
4514;1067250;2018-11-18 00:00:00;0;NEW YORK;66;49;Pensionado;N;N;12500;510;1200;0;653;617;706;621;24555;13774;Ninguno;No aplica
4515;1097471;2018-02-17 00:00:00;1;ATLANTHIC SOUTH;41;15;independiente;S;S;15000;1138;2100;1;491;621;740;673;22951;17325;SMS;Pago parcial
4516;1078798;2017-11-24 00:00:00;1;ATLANTHIC SOUTH;47;15;Pensionado;N;S;11875;600;1365;3;454;503;592;729;6151;4875;Correo;No contactado
4517;1074493;2018-06-03 00:00:00;1;CHICAGO;32;10;independiente;N;S;3125;346;519;2;479;560;625;766;12619;8577;Call center;Promesa de pago
4518;1097632;2017-08-15 00:00:00;1;CHICAGO;37;10;independiente;N;S;2500;268;513;1;517;607;517;833;11033;8139;Call center;Promesa de pago
4519;1024108;2016-07-15 00:00:00;0;NEW YORK;44;26;independiente;S;S;12500;630;2120;3;717;676;870;629;13560;9245;Ninguno;No aplica
4520;1012405;2019-11-30 00:00:00;0;CHICAGO;56;30;Pensionado;S;S;8750;808;1300;0;655;696;640;525;9946;8161;Ninguno;No aplica
4521;1003915;2017-06-10 00:00:00;0;545454;57;5;Pensionado;S;N;6000;250;2500;4;676;616;723;684;29618;28156;Ninguno;No aplica
4522;1063683;2016-02-09 00:00:00;1;NEW YORK;23;11;independiente;N;S;8100;940;1320;3;554;616;563;679;6907;4020;SMS;Pago parcial
4523;1034834;2015-10-13 00:00:00;1;545454;40;18.33333333;Pensionado;S;S;6250;830;2380;1;525;543;720;603;8490;5864;SMS;Pago parcial
4524;1025724;2017-12-04 00:00:00;1;NEW YORK;64;46.83333333;independiente;S;S;3129;690;1150;3;604;561;780;747;23919;13644;SMS;Pago parcial
4525;1025201;2016-06-07 00:00:00;1;ATLANTHIC SOUTH;52;2.333333333;Pensionado;S;S;5250;694;2100;4;559;594;646;701;9173;7453;SMS;Pago parcial
4526;1093991;2015-12-27 00:00:00;0;NEW YORK;52;30;Empleado;S;S;11250;370;1800;3;757;686;579;698;16065;13887;Ninguno;No aplica
4527;1000905;2020-05-16 00:00:00;0;545454;42;20;Empleado;S;S;17500;1080;1600;0;631;681;640;590;22677;21905;Ninguno;No aplica
4528;1086736;2017-11-04 00:00:00;1;545454;39;11;Empleado;S;S;9000;360;1600;0;538;535;494;764;9769;6247;Whatsapp;Sin gestión
4529;1021405;2019-12-20 00:00:00;0;CHICAGO;53;40;independiente;S;S;6000;258,3;900;3;697;662;647;551;9796;9552;Ninguno;No aplica
4530;1066669;2017-04-30 00:00:00;0;NEW YORK;37;18.33333333;Pensionado;S;S;5700;300;1000;4;672;680;707;596;18046;9594;Ninguno;No aplica
4531;1032473;2019-06-22 00:00:00;0;545454;60;16.66666667;Empleado;S;N;11250;470;1900;0;708;597;647;648;19211;15398;Ninguno;No aplica
4532;1052766;2019-06-12 00:00:00;0;ATLANTHIC SOUTH;23;20;Empleado;N;S;13250;650;1270;1;747;652;630;827;28255;14935;Ninguno;No aplica
4533;1000094;2019-02-11 00:00:00;1;ATLANTHIC SOUTH;54;36;independiente;N;S;2500;855;1400;0;525;603;687;791;24356;23062;Whatsapp;Sin gestión
4534;1025991;2018-11-25 00:00:00;0;ATLANTHIC SOUTH;68;20;Empleado;N;S;5000;700;1400;1;656;603;692;767;25306;19357;Ninguno;No aplica
4535;1056253;2015-12-19 00:00:00;1;NEW YORK;36;8;Empleado;S;S;6250;470;1000;3;537;649;534;848;9997;8344;Whatsapp;Sin gestión
4536;1043191;2019-01-28 00:00:00;0;NEW YORK;31;10;Pensionado;S;S;3750;760;1009;3;668;756;656;994;28416;26023;Ninguno;No aplica
4537;1008885;2019-08-07 00:00:00;0;545454;29;11;Pensionado;S;S;9000;300;1500;0;711;605;821;674;22376;12870;Ninguno;No aplica
4538;1091149;2020-01-06 00:00:00;1;NEW YORK;30;7;Empleado;S;S;12600;410;905;3;485;661;557;848;13112;6809;SMS;Pago parcial
4539;1067512;2015-12-27 00:00:00;0;CHICAGO;40;10.5;Empleado;N;S;1875;320;550;0;689;671;644;761;10287;9664;Ninguno;No aplica
4540;1033185;2016-06-28 00:00:00;1;CHICAGO;68;10;Pensionado;N;S;3125;316;658;0;538;605;786;810;15578;10242;SMS;Pago parcial
4541;1086833;2019-03-08 00:00:00;1;NEW YORK;33;10;Pensionado;S;N;7500;200;1500;3;448;550;727;880;23624;13335;Call center;Promesa de pago
4542;1078864;2018-03-23 00:00:00;0;NEW YORK;45;15;Empleado;S;N;5000;100;500;0;797;735;614;632;22860;16785;Ninguno;No aplica
4543;1076891;2020-02-23 00:00:00;0;NEW YORK;67;35;Pensionado;S;S;5000;200;1310;3;609;704;664;625;11426;9131;Ninguno;No aplica
4544;1084317;2019-06-22 00:00:00;1;NEW YORK;24;5;Pensionado;N;S;6250;350;1050;0;470;531;650;749;16599;8557;Correo;No contactado
4545;1088954;2016-01-25 00:00:00;1;NEW ENGALND;32;10;Pensionado;N;S;6750;1120;1760;3;519;510;598;704;5389;3435;Call center;Promesa de pago
4546;1005063;2016-09-01 00:00:00;1;NEW YORK;39;15;Pensionado;S;S;5800;643;1400;1;529;492;645;749;5999;3098;Whatsapp;Sin gestión
4547;1092800;2019-06-05 00:00:00;1;ATLANTHIC SOUTH;36;10;Pensionado;S;N;18125;587;1600;4;495;591;630;861;17812;12650;Call center;Promesa de pago
4548;1026550;2016-10-11 00:00:00;0;ATLANTHIC SOUTH;29;5;Pensionado;N;S;4200;1390;2400;0;697;714;658;627;20599;19519;Ninguno;No aplica
4549;1049715;2017-09-15 00:00:00;1;NEW ENGALND;36;20;independiente;S;S;2000;300;900;2;521;619;598;693;6855;6796;SMS;Pago parcial
4550;1020263;2017-09-12 00:00:00;1;CHICAGO;66;20;Pensionado;S;S;6250;833,333;1191,666;3;488;573;561;736;13125;10743;Whatsapp;Sin gestión
4551;1016751;2017-05-10 00:00:00;1;NEW YORK;59;33.33333333;independiente;S;N;5000;170;500;2;570;511;647;699;18794;10916;Whatsapp;Sin gestión
4552;1014944;2018-03-23 00:00:00;1;ATLANTHIC SOUTH;28;5;Pensionado;S;S;12500;420;1675;0;542;539;770;548;7763;7398;Correo;No contactado
4553;1061807;2019-05-28 00:00:00;1;CHICAGO;54;30;independiente;N;S;5000;660;950;0;544;649;656;668;25047;18989;Correo;No contactado
4554;1073523;2018-07-21 00:00:00;0;545454;41;23;Empleado;S;S;1300;470;1400;0;652;651;627;732;9986;5761;Ninguno;No aplica
4555;1065948;2018-12-24 00:00:00;1;CHICAGO;25;5;Pensionado;N;N;12000;600;700;4;496;589;703;849;6481;6227;Whatsapp;Sin gestión
4556;1076040;2015-12-02 00:00:00;0;NEW YORK;55;20;Pensionado;S;S;12600;400;1300;4;685;615;639;566;28640;25167;Ninguno;No aplica
4557;1029640;2019-07-23 00:00:00;1;NEW YORK;67;40;Empleado;S;S;11250;480;1750;2;450;600;781;616;8731;7560;Whatsapp;Sin gestión
4558;1012257;2020-06-01 00:00:00;1;NEW YORK;51;10;Pensionado;N;N;5625;350;800;0;518;553;650;723;28646;24481;Call center;Promesa de pago
4559;1036765;2016-12-26 00:00:00;0;CHICAGO;21;10;independiente;N;S;2500;380;560;4;673;743;699;483;21835;13105;Ninguno;No aplica
4560;1005606;2016-11-06 00:00:00;0;NEW ENGALND;53;30;independiente;S;S;1800;150;800;0;733;726;597;630;24477;14821;Ninguno;No aplica
4561;1071505;2018-01-10 00:00:00;1;NEW YORK;40;25;Pensionado;S;S;15000;350;1200;0;446;550;685;564;22266;18796;Whatsapp;Sin gestión
4562;1021930;2016-01-15 00:00:00;1;NEW YORK;40;8;Empleado;S;S;12000;800;2000;0;586;572;669;843;25792;15730;SMS;Pago parcial
4563;1025438;2019-03-16 00:00:00;1;545454;41;23;independiente;S;S;8426;470;1400;0;455;547;646;651;25452;18309;Call center;Promesa de pago
4564;1093522;2016-11-07 00:00:00;1;NEW ENGALND;56;40;Pensionado;N;S;11000;9600;19800;2;511;495;615;869;15758;14040;SMS;Pago parcial
4565;1097349;2016-12-07 00:00:00;1;545454;52;30;Pensionado;S;S;26870;11132,3;18514;3;540;529;605;820;24661;21997;SMS;Pago parcial
4566;1029446;2019-03-10 00:00:00;0;ATLANTHIC SOUTH;56;0;Pensionado;S;S;9000;300;1500;0;671;692;670;612;21311;15485;Ninguno;No aplica
4567;1067322;2015-04-12 00:00:00;1;NEW YORK;23;0;Pensionado;N;S;4400;460;1000;0;543;600;694;624;13566;12156;SMS;Pago parcial
4568;1069944;2017-09-07 00:00:00;1;NEW YORK;28;0;Empleado;S;S;10000;160;600;1;439;589;641;703;16889;15526;Whatsapp;Sin gestión
4569;1058472;2018-05-16 00:00:00;0;NEW YORK;32;0;Empleado;S;N;10000;383;1600;4;773;662;670;661;29335;24271;Ninguno;No aplica
4570;1092865;2018-07-21 00:00:00;0;ATLANTHIC SOUTH;57;0;Pensionado;S;N;7500;734;1300;2;701;736;647;701;16254;9983;Ninguno;No aplica
4571;1008921;2018-08-14 00:00:00;1;NEW YORK;58;0;independiente;N;S;6250;460;800;3;470;584;657;650;26074;16609;Correo;No contactado
4572;1029912;2016-03-16 00:00:00;1;545454;40;0;Empleado;S;N;7200;160;1800;1;485;622;636;787;16442;10809;Correo;No contactado
4573;1048310;2015-11-11 00:00:00;0;NEW YORK;36;0;independiente;S;N;7500;295;700;0;740;574;651;694;18521;10342;Ninguno;No aplica
4574;1063312;2015-08-17 00:00:00;1;NEW ENGALND;27;0;Pensionado;N;S;4200;200;1000;0;471;345;839;689;25979;16538;SMS;Pago parcial
4575;1033551;2019-01-24 00:00:00;0;NEW YORK;58;0;Pensionado;S;S;5000;1312;1910;0;663;697;672;606;9559;5781;Ninguno;No aplica
4576;1036071;2016-03-03 00:00:00;0;NEW YORK;60;0;independiente;S;N;2500;510;700;1;689;595;695;653;21199;15426;Ninguno;No aplica
4577;1017814;2017-02-17 00:00:00;0;545454;48;0;independiente;S;S;7500;200;984;3;641;667;681;596;12291;11728;Ninguno;No aplica
4578;1063330;2015-01-21 00:00:00;0;NEW YORK;67;0;Empleado;S;N;3000;632;765;4;791;662;632;675;13160;7267;Ninguno;No aplica
4579;1003865;2016-01-04 00:00:00;1;NEW YORK;59;0;Empleado;S;S;10000;451,833;975;0;472;675;741;728;5112;4397;Whatsapp;Sin gestión
4580;1075844;2015-01-17 00:00:00;0;NEW YORK;27;0;Pensionado;S;S;3760;185;520;0;742;704;630;694;26515;22369;Ninguno;No aplica
4581;1013369;2016-08-01 00:00:00;0;ATLANTHIC SOUTH;42;0;Pensionado;S;N;12000;400;1200;1;710;690;724;829;24581;13467;Ninguno;No aplica
4582;1011619;2018-08-30 00:00:00;1;NEW YORK;53;0;Empleado;N;S;3140;200;500;0;451;630;627;708;20924;20114;Call center;Promesa de pago
4583;1076303;2017-11-13 00:00:00;0;NEW YORK;29;0;Pensionado;N;N;6000;578;1300;0;700;702;583;760;21523;16879;Ninguno;No aplica
4584;1025598;2018-02-12 00:00:00;0;CHICAGO;26;0;Empleado;S;N;4000;720;1450;0;739;653;676;691;6424;4380;Ninguno;No aplica
4585;1086522;2015-10-20 00:00:00;0;NEW YORK;34;0;Pensionado;N;N;8000;280;600;0;691;744;573;649;24333;21371;Ninguno;No aplica
4586;1091082;2018-05-25 00:00:00;1;ATLANTHIC SOUTH;43;0;Pensionado;N;S;6800;580;1300;0;560;513;687;709;24552;15435;SMS;Pago parcial
4587;1060095;2016-11-08 00:00:00;0;NEW YORK;51;0;independiente;S;N;10000;335;3000;0;751;699;566;665;15808;13386;Ninguno;No aplica
4588;1040887;2014-10-28 00:00:00;1;ATLANTHIC SOUTH;27;0;independiente;S;N;6500;400;1500;1;546;487;628;745;11043;5741;Call center;Promesa de pago
4589;1082452;2019-05-04 00:00:00;1;NEW ENGALND;62;0;Pensionado;N;N;9000;995,834;1267;4;477;592;550;634;11989;11026;Call center;Promesa de pago
4590;1052079;2018-02-19 00:00:00;0;545454;45;0;Pensionado;S;N;8000;470;1950;4;646;692;848;538;28620;20723;Ninguno;No aplica
4591;1062379;2014-10-26 00:00:00;1;ATLANTHIC SOUTH;38;0;Pensionado;S;N;4000;380;846;4;469;681;534;779;11261;9215;Whatsapp;Sin gestión
4592;1033249;2019-11-11 00:00:00;1;NEW YORK;70;0;Empleado;S;N;5000;400;1070;4;510;486;651;801;5887;3595;Whatsapp;Sin gestión
4593;1095150;2019-02-23 00:00:00;1;ATLANTHIC SOUTH;59;0;independiente;N;S;15000;355;1350;1;527;544;730;787;24488;20534;Correo;No contactado
4594;1041778;2016-04-06 00:00:00;1;NEW YORK;30;0;independiente;N;S;6250;750;1150;1;391;629;723;734;21433;18992;Correo;No contactado
4595;1043922;2016-05-07 00:00:00;1;NEW YORK;52;0;Empleado;S;S;4000;280;600;0;500;600;710;789;25335;18662;Whatsapp;Sin gestión
4596;1035255;2017-10-01 00:00:00;0;545454;26;0;independiente;S;N;6250;480;1600;4;708;691;628;734;24944;20176;Ninguno;No aplica
4597;1057437;2019-01-04 00:00:00;0;ATLANTHIC SOUTH;22;0;independiente;N;N;12000;600;1400;4;686;623;745;741;21402;15584;Ninguno;No aplica
4598;1083714;2018-08-30 00:00:00;1;ATLANTHIC SOUTH;42;0;Empleado;N;S;7000;410;1000;0;565;545;714;643;26205;24817;SMS;Pago parcial
4599;1028432;2018-07-19 00:00:00;1;ATLANTHIC SOUTH;52;0;Pensionado;S;S;9375;940;1624;0;521;655;665;621;27724;20763;Correo;No contactado
4600;1078457;2019-11-15 00:00:00;0;NEW YORK;29;0;Pensionado;S;N;4500;618;720;0;766;677;667;635;29442;27113;Ninguno;No aplica
4601;1005965;2015-08-14 00:00:00;0;ATLANTHIC SOUTH;30;0;Empleado;S;S;11125;120;2040;1;689;703;629;668;17253;15539;Ninguno;No aplica
4602;1050755;2015-07-26 00:00:00;0;ATLANTHIC SOUTH;54;0;Pensionado;S;S;12500;713;2500;0;747;673;586;648;23990;16919;Ninguno;No aplica
4603;1058360;2017-04-11 00:00:00;0;545454;54;0;Empleado;N;N;7200;700;1100;1;782;609;737;501;12846;7901;Ninguno;No aplica
4604;1042474;2016-05-07 00:00:00;0;NEW YORK;46;0;Empleado;S;S;5640;99,35;295;0;766;736;742;825;11432;8037;Ninguno;No aplica
4605;1005439;2016-11-09 00:00:00;0;NEW YORK;63;0;independiente;S;S;10140;411,25;1700;4;645;710;588;645;18452;16849;Ninguno;No aplica
4606;1026825;2019-12-02 00:00:00;0;ATLANTHIC SOUTH;41;0;Empleado;S;N;12000;420;1500;0;687;818;639;686;18395;11291;Ninguno;No aplica
4607;1011937;2016-06-25 00:00:00;1;545454;58;0;Empleado;S;S;12375;1079;2000;0;483;519;640;832;8765;6681;Call center;Promesa de pago
4608;1078193;2018-05-17 00:00:00;1;NEW YORK;34;0;Pensionado;S;S;9000;581;1100;1;524;629;648;509;23822;21512;SMS;Pago parcial
4609;1018026;2017-04-29 00:00:00;1;NEW YORK;65;0;Pensionado;S;S;1900;271,82;678,8;4;534;501;655;674;20950;14178;Call center;Promesa de pago
4610;1074976;2018-05-18 00:00:00;1;NEW YORK;64;0;Pensionado;S;N;8000;500;1300;4;458;589;716;685;17502;14371;Whatsapp;Sin gestión
4611;1023187;2017-10-12 00:00:00;1;NEW ENGALND;59;0;Empleado;S;S;10000;150;1100;0;503;639;598;690;14741;9181;Call center;Promesa de pago
4612;1028999;2016-10-04 00:00:00;0;NEW ENGALND;40;0;independiente;S;N;10500;300;750;2;599;556;591;654;27742;15387;Ninguno;No aplica
4613;1037967;2015-01-31 00:00:00;1;ATLANTHIC SOUTH;51;0;independiente;S;S;6000;1176;2000;1;572;568;737;850;29703;26649;SMS;Pago parcial
4614;1070326;2020-03-01 00:00:00;1;NEW YORK;46;0;independiente;S;S;5400;461,773;1796;0;474;546;618;781;10941;6012;Whatsapp;Sin gestión
4615;1013341;2015-12-19 00:00:00;1;545454;55;0;Pensionado;S;N;7500;760;1650;0;503;538;562;806;29028;18453;SMS;Pago parcial
4616;1056863;2016-07-16 00:00:00;0;ATLANTHIC SOUTH;59;0;Pensionado;N;S;5000;500;2800;2;685;703;616;674;9855;9141;Ninguno;No aplica
4617;1068555;2018-06-21 00:00:00;1;545454;22;0;independiente;N;S;12000;400;1325;0;557;647;627;594;27931;18804;Call center;Promesa de pago
4618;1044268;2016-05-26 00:00:00;1;NEW YORK;44;0;Pensionado;N;S;5000;300;500;3;358;572;759;533;28580;28195;SMS;Pago parcial
4619;1063286;2016-05-14 00:00:00;0;545454;62;0;independiente;S;S;3750;535;2450;3;699;692;715;532;27295;27018;Ninguno;No aplica
4620;1074539;2015-02-14 00:00:00;0;545454;31;0;independiente;S;S;1870;350;1000;0;695;687;730;702;27865;17670;Ninguno;No aplica
4621;1081336;2018-05-14 00:00:00;1;NEW YORK;56;0;Empleado;S;S;6000;280;700;0;477;580;707;723;20166;10496;Whatsapp;Sin gestión
4622;1069778;2018-10-06 00:00:00;0;ATLANTHIC SOUTH;42;0;Pensionado;S;S;3750;400;700;0;786;615;716;651;24145;20584;Ninguno;No aplica
4623;1038831;2017-06-21 00:00:00;1;NEW YORK;47;0;independiente;S;S;5500;790;1200;0;456;647;602;687;25840;18747;Call center;Promesa de pago
4624;1016433;2017-12-21 00:00:00;0;NEW YORK;50;0;Empleado;N;S;7000;430;1050;2;739;698;636;851;27745;15270;Ninguno;No aplica
4625;1039460;2017-05-16 00:00:00;1;NEW YORK;37;0;Empleado;N;S;3000;450;630;0;518;604;581;646;27077;23117;Call center;Promesa de pago
4626;1083194;2016-04-19 00:00:00;0;NEW YORK;34;0;Pensionado;S;S;12250;180;600;0;763;632;635;754;10788;5562;Ninguno;No aplica
4627;1088518;2016-06-28 00:00:00;1;NEW YORK;38;0;independiente;N;S;4375;280;800;0;467;552;698;720;5201;4863;Correo;No contactado
4628;1095309;2017-02-22 00:00:00;1;NEW YORK;27;0;Pensionado;S;S;11400;635;1250;2;463;569;659;715;27544;15682;Correo;No contactado
4629;1089415;2015-06-13 00:00:00;0;NEW YORK;50;0;independiente;S;S;10000;485;1200;0;755;588;742;776;15561;8771;Ninguno;No aplica
4630;1081396;2015-09-24 00:00:00;0;NEW YORK;26;0;Pensionado;S;S;5600;660;1230;0;721;579;570;802;21901;12874;Ninguno;No aplica
4631;1005487;2015-09-09 00:00:00;0;NEW YORK;49;0;independiente;S;S;12375;495;1280;1;623;644;685;648;12737;12484;Ninguno;No aplica
4632;1022562;2019-12-11 00:00:00;0;545454;65;0;independiente;S;S;6250;400;1200;3;673;711;563;742;6988;5916;Ninguno;No aplica
4633;1082815;2014-10-23 00:00:00;1;ATLANTHIC SOUTH;31;0;Pensionado;N;S;5100;1360;1933;0;519;541;657;753;20441;18411;SMS;Pago parcial
4634;1082329;2015-03-03 00:00:00;0;NEW YORK;56;0;Pensionado;S;S;8000;270;700;2;742;619;702;671;16737;11696;Ninguno;No aplica
4635;1008748;2017-09-01 00:00:00;1;545454;30;0;Pensionado;S;S;3500;450;1800;3;466;531;635;738;19256;12866;Correo;No contactado
4636;1027506;2014-12-23 00:00:00;0;NEW ENGALND;38;0;Empleado;S;S;12600;604;1050;0;554;653;689;608;25186;15546;Ninguno;No aplica
4637;1045116;2015-07-08 00:00:00;1;ATLANTHIC SOUTH;34;0;independiente;S;S;5000;400;1600;4;526;559;583;692;27192;20131;Correo;No contactado
4638;1066727;2016-09-24 00:00:00;0;545454;26;0;Empleado;S;N;6881;660;1480;0;639;810;534;618;12162;9437;Ninguno;No aplica
4639;1082684;2019-12-06 00:00:00;1;545454;24;0;Empleado;S;S;10000;734;1650;0;399;643;689;801;18065;14739;Correo;No contactado
4640;1022108;2016-03-11 00:00:00;0;NEW YORK;44;0;Empleado;S;S;7500;1340;1697;3;558;741;772;661;27625;17364;Ninguno;No aplica
4641;1028276;2015-09-17 00:00:00;1;NEW ENGALND;50;0;Empleado;S;S;7200;320;1500;1;541;650;580;603;19114;18623;Correo;No contactado
4642;1095455;2014-11-23 00:00:00;0;NEW YORK;65;0;Empleado;S;S;6100;502;1254;2;706;620;736;605;13399;7837;Ninguno;No aplica
4643;1097446;2020-01-03 00:00:00;0;NEW YORK;29;0;Empleado;S;S;9375;515;1250;4;689;607;653;382;10633;10450;Ninguno;No aplica
4644;1047587;2015-11-11 00:00:00;1;NEW YORK;41;0;Pensionado;S;S;5375;520;1380;0;569;514;557;675;10755;5457;Whatsapp;Sin gestión
4645;1035394;2017-02-25 00:00:00;1;545454;23;0;independiente;N;S;7500;150;1000;3;532;660;571;723;15825;11719;Whatsapp;Sin gestión
4646;1065491;2018-12-06 00:00:00;1;CHICAGO;44;0;Empleado;S;N;6250;400;1500;4;581;547;651;708;27693;18462;Correo;No contactado
4647;1092615;2016-03-09 00:00:00;1;NEW YORK;59;0;independiente;S;S;6000;430;660;3;430;505;622;898;9117;6606;SMS;Pago parcial
4648;1086609;2016-05-28 00:00:00;1;NEW YORK;66;0;Pensionado;S;N;5400;625;1800;2;498;554;558;772;29729;23347;Whatsapp;Sin gestión
4649;1013188;2018-10-22 00:00:00;0;ATLANTHIC SOUTH;30;0;Pensionado;N;S;6000;322;1800;0;619;666;531;718;6518;4679;Ninguno;No aplica
4650;1029333;2015-10-21 00:00:00;0;ATLANTHIC SOUTH;36;0;Pensionado;N;S;7500;1520;2400;4;689;696;591;522;27547;19487;Ninguno;No aplica
4651;1038488;2017-07-04 00:00:00;1;NEW YORK;29;0;Empleado;S;S;6000;430;950;1;488;595;664;687;21346;18493;Correo;No contactado
4652;1004777;2016-08-09 00:00:00;0;NEW ENGALND;42;3;Empleado;N;N;15000;12620;28800;0;731;630;650;626;7600;6406;Ninguno;No aplica
4653;1058881;2019-09-17 00:00:00;0;NEW YORK;43;0;independiente;S;S;11250;405;850;1;702;721;615;599;18237;16717;Ninguno;No aplica
4654;1070273;2016-05-25 00:00:00;0;ATLANTHIC SOUTH;59;8;independiente;S;S;15000;662;2129;3;731;642;664;598;23579;14736;Ninguno;No aplica
4655;1082706;2015-10-17 00:00:00;0;ATLANTHIC SOUTH;41;0;Empleado;S;S;7380;600;2150;0;735;671;723;507;8554;6884;Ninguno;No aplica
4656;1085121;2020-01-30 00:00:00;0;545454;55;0;Empleado;N;N;12000;450;1100;3;808;721;678;555;21193;16798;Ninguno;No aplica
4657;1052344;2018-10-15 00:00:00;0;NEW ENGALND;36;0;independiente;S;S;12500;700;1700;0;684;641;642;749;24233;16596;Ninguno;No aplica
4658;1056191;2019-03-18 00:00:00;0;ATLANTHIC SOUTH;35;15;Pensionado;S;S;13750;25400;45826;0;653;646;715;657;20253;15049;Ninguno;No aplica
4659;1017207;2019-07-04 00:00:00;1;ATLANTHIC SOUTH;31;5;independiente;N;S;12800;600;2000;4;512;616;583;674;21194;13922;Whatsapp;Sin gestión
4660;1046317;2016-04-22 00:00:00;1;ATLANTHIC SOUTH;62;0;independiente;S;S;1875;300;650;4;460;529;634;720;6742;3849;Call center;Promesa de pago
4661;1073031;2019-07-12 00:00:00;0;NEW YORK;38;0;independiente;S;S;7500;780;1800;1;774;657;636;775;6306;3827;Ninguno;No aplica
4662;1067147;2017-04-13 00:00:00;0;NEW YORK;20;0;Pensionado;S;S;6250;420;715;4;686;713;563;670;8849;4891;Ninguno;No aplica
4663;1059951;2019-08-12 00:00:00;0;NEW YORK;50;0;independiente;N;S;3750;700;1500;1;672;803;621;719;17360;14609;Ninguno;No aplica
4664;1017663;2019-11-25 00:00:00;0;NEW YORK;22;0;Empleado;N;S;7500;370;980;2;676;716;505;594;17768;14754;Ninguno;No aplica
4665;1096738;2015-01-23 00:00:00;1;NEW YORK;27;11;Empleado;N;S;12500;8109;19284;0;536;608;784;664;28903;28189;Whatsapp;Sin gestión
4666;1034912;2015-11-24 00:00:00;1;NEW YORK;48;0;independiente;S;N;4000;780;1400;0;492;612;584;752;18032;15595;Whatsapp;Sin gestión
4667;1069034;2019-08-31 00:00:00;0;ATLANTHIC SOUTH;32;20;Pensionado;S;S;16875;1620;5000;4;668;616;761;840;9195;4837;Ninguno;No aplica
4668;1000729;2016-07-17 00:00:00;0;NEW YORK;45;0;Pensionado;N;S;5000;663;1040;0;783;687;653;799;26562;25025;Ninguno;No aplica
4669;1093299;2017-05-26 00:00:00;0;NEW YORK;53;0;Empleado;N;S;11250;300;925;2;657;678;690;722;23939;22295;Ninguno;No aplica
4670;1019425;2019-05-10 00:00:00;0;NEW YORK;36;0;independiente;S;S;7400;374;1400;0;702;699;616;684;23689;17095;Ninguno;No aplica
4671;1005775;2017-05-22 00:00:00;1;CHICAGO;24;0;Empleado;N;S;7000;450;750;0;533;587;665;846;12619;10006;SMS;Pago parcial
4672;1031873;2016-03-18 00:00:00;1;ATLANTHIC SOUTH;37;0;independiente;S;S;7500;453;3453;2;418;603;696;792;14280;14109;Whatsapp;Sin gestión
4673;1000269;2018-12-03 00:00:00;0;ATLANTHIC SOUTH;52;0;Empleado;S;S;5600;310;1254,4;3;724;661;697;464;7642;5855;Ninguno;No aplica
4674;1026346;2015-04-13 00:00:00;1;ATLANTHIC SOUTH;36;0;independiente;S;S;8750;416;1980;2;447;584;704;625;14369;13689;SMS;Pago parcial
4675;1077855;2016-05-09 00:00:00;0;ATLANTHIC SOUTH;40;0;independiente;S;S;8125;100;1500;0;741;606;624;700;19296;10449;Ninguno;No aplica
4676;1018208;2016-02-01 00:00:00;0;ATLANTHIC SOUTH;47;0;independiente;S;S;7200;400;1250;0;652;661;616;509;27793;16551;Ninguno;No aplica
4677;1079780;2019-02-08 00:00:00;0;NEW YORK;46;0;Pensionado;S;S;7500;400;800;1;735;763;538;589;20438;14723;Ninguno;No aplica
4678;1040881;2020-01-14 00:00:00;1;NEW YORK;58;0;Pensionado;N;S;6400;360;850;1;555;599;687;657;20674;16382;Call center;Promesa de pago
4679;1027897;2014-12-13 00:00:00;0;ATLANTHIC SOUTH;38;0;independiente;S;S;3750;514;1000;4;743;679;726;647;9757;8860;Ninguno;No aplica
4680;1038641;2015-11-06 00:00:00;1;ATLANTHIC SOUTH;47;25;Pensionado;N;N;7500;187;510;0;513;694;763;694;7994;7947;Correo;No contactado
4681;1040450;2017-07-13 00:00:00;1;NEW ENGALND;61;20;independiente;S;S;5000;200;700;3;488;498;671;694;20226;14045;SMS;Pago parcial
4682;1077050;2019-08-16 00:00:00;1;ATLANTHIC SOUTH;44;35.83333333;Pensionado;S;S;6000;200;1900;0;471;513;596;794;6271;3284;Whatsapp;Sin gestión
4683;1022948;2018-06-07 00:00:00;0;NEW YORK;21;11.66666667;Pensionado;S;S;10000;700;1100;0;774;783;531;646;6813;6136;Ninguno;No aplica
4684;1019434;2018-07-13 00:00:00;1;ATLANTHIC SOUTH;25;5;Empleado;N;S;7500;400;900;4;465;583;723;685;23845;19128;Whatsapp;Sin gestión
4685;1099873;2018-06-17 00:00:00;1;NEW YORK;59;41;independiente;N;S;6250;750;1350;4;448;565;524;599;25504;15284;SMS;Pago parcial
4686;1061800;2019-06-22 00:00:00;1;NEW YORK;51;20;Pensionado;N;S;5400;1028;1862;1;533;508;626;812;27508;20560;Call center;Promesa de pago
4687;1006078;2018-11-23 00:00:00;0;NEW ENGALND;34;20;Empleado;S;S;7500;1350;2800;0;660;707;634;610;13475;11739;Ninguno;No aplica
4688;1076009;2015-12-31 00:00:00;0;ATLANTHIC SOUTH;52;15;independiente;S;S;5000;740;2100;0;652;713;645;572;9396;8317;Ninguno;No aplica
4689;1006868;2018-09-08 00:00:00;1;545454;55;35;Empleado;S;N;6050;250;1270;1;428;514;653;739;14283;10710;Correo;No contactado
4690;1047043;2018-11-14 00:00:00;1;CHICAGO;45;10;Pensionado;N;S;8000;720;1400;0;476;572;660;651;18318;11954;Whatsapp;Sin gestión
4691;1029712;2017-10-04 00:00:00;1;CHICAGO;42;33.33333333;independiente;N;S;7500;325;500;1;496;560;481;673;22200;21909;Call center;Promesa de pago
4692;1094407;2016-03-08 00:00:00;1;NEW YORK;49;29.16666667;Empleado;S;S;9000;600;1200;0;512;595;651;743;28688;23859;Correo;No contactado
4693;1025752;2016-02-27 00:00:00;0;ATLANTHIC SOUTH;37;20;independiente;S;S;7500;390;1500;0;748;613;494;641;28715;20219;Ninguno;No aplica
4694;1034114;2018-01-20 00:00:00;1;ATLANTHIC SOUTH;27;6;Empleado;S;S;4000;400;1410;0;526;655;701;928;5082;3254;Correo;No contactado
4695;1048774;2017-07-13 00:00:00;1;NEW YORK;59;40;Empleado;S;S;4500;300;900;0;490;635;611;713;6920;5990;Whatsapp;Sin gestión
4696;1072616;2018-04-14 00:00:00;1;NEW YORK;46;33;Empleado;S;S;5400;650;940;3;490;558;499;776;12817;7961;SMS;Pago parcial
4697;1081065;2018-07-07 00:00:00;1;NEW YORK;63;10;Empleado;N;S;8750;350;850;2;526;567;593;545;16683;9774;Whatsapp;Sin gestión
4698;1009247;2016-05-13 00:00:00;1;NEW YORK;43;20;Pensionado;S;S;6250;630;1361,5;0;564;572;610;643;16336;12496;Whatsapp;Sin gestión
4699;1033410;2019-02-25 00:00:00;1;ATLANTHIC SOUTH;47;20;Empleado;N;N;6875;330;900;0;506;533;733;622;20596;13284;Whatsapp;Sin gestión
4700;1049408;2016-01-14 00:00:00;0;ATLANTHIC SOUTH;62;20;Pensionado;S;S;7500;2000;2569;0;677;653;664;584;7093;5777;Ninguno;No aplica
4701;1064315;2018-11-06 00:00:00;1;NEW ENGALND;46;15;Empleado;S;S;5800;400;1100;4;450;564;674;757;17905;10008;Call center;Promesa de pago
4702;1020369;2021-04-02 00:00:00;1;545454;51;40;Pensionado;S;S;3000;300;1350;3;428;677;733;813;28455;23546;SMS;Pago parcial
4703;1034495;2016-10-17 00:00:00;0;NEW YORK;33;10;Pensionado;N;S;2000;250;700;2;733;737;643;701;29351;18833;Ninguno;No aplica
4704;1080009;2016-09-30 00:00:00;1;NEW YORK;57;42.5;Pensionado;N;S;9000;964;1645,583;4;529;636;703;700;13367;6685;Call center;Promesa de pago
4705;1021515;2019-08-14 00:00:00;0;NEW YORK;46;25;Pensionado;S;N;6000;481;820;2;729;702;698;613;10285;5795;Ninguno;No aplica
4706;1063443;2018-01-09 00:00:00;1;ATLANTHIC SOUTH;32;20;Empleado;S;S;4375;520;1840;1;494;513;560;820;15896;15368;Whatsapp;Sin gestión
4707;1020434;2018-06-27 00:00:00;0;545454;65;40;independiente;S;S;7500;600;1400;1;770;678;753;856;9937;9278;Ninguno;No aplica
4708;1038735;2020-12-27 00:00:00;1;545454;42;20;independiente;N;S;8100;450;1700;0;476;638;551;732;21753;13417;SMS;Pago parcial
4709;1098893;2021-04-09 00:00:00;0;NEW YORK;40;10;independiente;S;N;4667;470;750;0;748;605;714;755;23202;20631;Ninguno;No aplica
4710;1070491;2018-04-27 00:00:00;1;545454;32;5.833333333;independiente;S;S;1600;380;1400;4;498;618;544;751;23485;18889;Correo;No contactado
4711;1037284;2017-09-02 00:00:00;0;545454;52;16.66666667;Empleado;S;S;5000;280;900;0;670;819;692;738;17977;17715;Ninguno;No aplica
4712;1017948;2017-07-11 00:00:00;1;CHICAGO;55;33.33333333;Pensionado;S;S;4000;480;1091;4;530;644;780;615;24874;17084;SMS;Pago parcial
4713;1051986;2019-07-22 00:00:00;0;545454;36;10;Empleado;S;S;14000;320;1300;4;720;765;635;626;23163;19474;Ninguno;No aplica
4714;1076454;2016-01-27 00:00:00;0;545454;45;10;Pensionado;S;S;6400;300;1200;4;718;693;632;706;12674;6740;Ninguno;No aplica
4715;1089931;2017-03-26 00:00:00;1;ATLANTHIC SOUTH;42;13;independiente;S;S;9000;790;1560;0;504;638;693;829;22748;15881;Whatsapp;Sin gestión
4716;1001009;2016-09-26 00:00:00;0;ATLANTHIC SOUTH;42;10;Pensionado;S;S;7500;600;1300;1;698;637;627;596;28678;28159;Ninguno;No aplica
4717;1085830;2018-04-19 00:00:00;1;NEW ENGALND;34;20;independiente;S;S;6500;455,35;577,5;2;619;628;777;537;8676;6676;SMS;Pago parcial
4718;1049167;2020-04-09 00:00:00;1;NEW ENGALND;45;30;independiente;S;S;4000;400;1200;1;559;619;663;675;7426;4782;Correo;No contactado
4719;1059277;2021-03-30 00:00:00;1;545454;47;10;Empleado;S;N;12500;465;966,667;4;536;597;628;811;29648;16607;Correo;No contactado
4720;1044584;2019-04-25 00:00:00;0;NEW YORK;46;20;Pensionado;S;S;7500;400;1200;0;706;759;612;527;29473;25104;Ninguno;No aplica
4721;1035908;2016-01-14 00:00:00;1;ATLANTHIC SOUTH;74;5.416666667;Empleado;S;N;12500;400;1600;0;550;548;585;614;7962;6548;SMS;Pago parcial
4722;1008646;2017-02-10 00:00:00;0;NEW ENGALND;59;11.66666667;Pensionado;S;S;5800;400;1300;3;726;669;606;684;5859;4025;Ninguno;No aplica
4723;1006333;2016-12-09 00:00:00;1;NEW YORK;56;41;Pensionado;S;S;4800;964;1295;3;501;586;625;710;17048;16630;Correo;No contactado
4724;1005645;2015-12-05 00:00:00;0;NEW YORK;69;20;Empleado;S;S;8000;2000;2750;3;685;618;616;724;9138;4670;Ninguno;No aplica
4725;1000471;2020-12-16 00:00:00;1;NEW ENGALND;43;25;Pensionado;N;N;7200;1600;2400;0;496;594;604;609;7424;4839;Call center;Promesa de pago
4726;1036534;2016-12-16 00:00:00;0;ATLANTHIC SOUTH;46;23.33333333;Pensionado;S;S;2000;600;900;0;541;577;797;641;15409;14801;Ninguno;No aplica
4727;1046498;2021-02-07 00:00:00;1;NEW ENGALND;64;16.66666667;Pensionado;S;S;12500;400;1715;0;511;643;578;828;9017;5955;SMS;Pago parcial
4728;1020365;2018-11-25 00:00:00;0;NEW ENGALND;57;16.66666667;Pensionado;N;S;4000;300;1500;3;676;683;660;563;15451;9674;Ninguno;No aplica
4729;1030228;2017-10-04 00:00:00;0;545454;47;20;Pensionado;S;S;3750;280;1250;0;780;649;691;803;15278;11720;Ninguno;No aplica
4730;1086203;2016-10-10 00:00:00;1;545454;60;20;Empleado;N;S;6500;400;1500;1;501;530;694;624;29944;27306;Correo;No contactado
4731;1013719;2016-10-26 00:00:00;1;NEW ENGALND;48;20;Empleado;S;S;9000;400;940;0;441;566;646;796;15996;8823;Correo;No contactado
4732;1088853;2019-11-18 00:00:00;0;NEW ENGALND;40;20;Pensionado;S;S;13000;681;2000;2;698;721;633;636;29726;28879;Ninguno;No aplica
4733;1037271;2018-03-17 00:00:00;1;NEW YORK;41;20;independiente;S;S;8100;850;1220;0;448;613;682;617;6134;5505;SMS;Pago parcial
4734;1077501;2020-08-10 00:00:00;1;NEW ENGALND;63;33.33333333;independiente;S;S;9000;570;1000;0;524;538;669;675;26550;15681;Call center;Promesa de pago
4735;1065666;2020-02-21 00:00:00;1;NEW ENGALND;48;33;Pensionado;S;S;6400;300;1200;2;515;529;632;769;10119;8662;SMS;Pago parcial
4736;1080444;2018-02-15 00:00:00;1;CHICAGO;33;15;Pensionado;S;S;9880;500;1300;0;548;619;541;719;10694;7405;Correo;No contactado
4737;1079190;2015-12-19 00:00:00;0;545454;45;10;Pensionado;S;S;8140;290;1700;0;660;637;617;771;27520;19296;Ninguno;No aplica
4738;1088774;2016-01-04 00:00:00;1;NEW YORK;54;27;Pensionado;N;S;10000;355;570;0;502;584;570;849;26869;23958;SMS;Pago parcial
4739;1046815;2016-12-13 00:00:00;1;545454;38;5.833333333;independiente;N;S;10306;260;1600;1;432;587;603;614;9164;8993;Correo;No contactado
4740;1059950;2017-11-05 00:00:00;1;NEW YORK;44;33.33333333;independiente;S;N;14000;530;1300;0;535;599;652;607;23730;13368;Whatsapp;Sin gestión
4741;1065351;2017-11-27 00:00:00;0;NEW YORK;36;20;Pensionado;S;S;13280;438,333;900;0;726;731;675;553;10039;7131;Ninguno;No aplica
4742;1091867;2017-09-28 00:00:00;1;ATLANTHIC SOUTH;38;10;Empleado;N;S;5000;1000;1890;1;525;504;775;639;26281;19460;SMS;Pago parcial
4743;1029033;2018-05-08 00:00:00;1;NEW YORK;53;30;Pensionado;S;S;8000;195;475;4;500;465;612;819;19631;13509;SMS;Pago parcial
4744;1074913;2017-02-27 00:00:00;0;NEW YORK;40;10;Pensionado;S;S;8562;673;1750;0;721;646;704;720;15442;10525;Ninguno;No aplica
4745;1066254;2020-04-07 00:00:00;0;NEW YORK;31;10;independiente;S;S;9850;250;1415;0;780;788;671;621;13252;6972;Ninguno;No aplica
4746;1047791;2016-11-28 00:00:00;1;NEW ENGALND;42;20;independiente;S;S;12250;890;1300;2;486;701;741;719;26425;22270;Correo;No contactado
4747;1072647;2021-03-13 00:00:00;1;NEW YORK;30;1;Pensionado;N;S;8100;570;1000;3;507;690;690;846;25285;18157;Correo;No contactado
4748;1047170;2018-08-24 00:00:00;1;NEW YORK;35;16;Empleado;S;N;13500;846;1345;3;446;568;579;892;22721;13573;Correo;No contactado
4749;1018050;2019-04-15 00:00:00;0;NEW ENGALND;42;20;Empleado;S;S;13000;820;1250;3;657;573;529;693;22568;20492;Ninguno;No aplica
4750;1007244;2018-07-12 00:00:00;1;CHICAGO;50;30;Empleado;N;S;3750;377,5;925;0;505;439;672;481;25810;23262;Correo;No contactado
4751;1040197;2020-01-25 00:00:00;0;NEW YORK;58;25;Pensionado;S;N;6750;490;800;4;755;643;613;697;6551;4869;Ninguno;No aplica
4752;1094018;2018-05-22 00:00:00;1;NEW YORK;52;25;Pensionado;S;N;13500;643;1138;1;487;568;581;804;17625;11443;SMS;Pago parcial
4753;1084951;2016-06-27 00:00:00;1;NEW YORK;34;8;Pensionado;S;S;3200;507,083;740;3;488;658;561;740;6629;5429;Correo;No contactado
4754;1070991;2019-03-13 00:00:00;1;NEW ENGALND;41;24;independiente;S;S;12000;500;1200;4;480;632;661;785;22910;14756;SMS;Pago parcial
4755;1072440;2020-08-15 00:00:00;0;545454;54;40;Pensionado;N;S;7500;430;1500;0;673;694;756;702;6361;3931;Ninguno;No aplica
4756;1042916;2018-04-08 00:00:00;1;NEW YORK;49;20;independiente;S;N;12000;423;1200;0;515;527;621;609;9370;8107;Call center;Promesa de pago
4757;1039684;2018-07-31 00:00:00;1;NEW YORK;29;5;Pensionado;S;S;6375;94;600;0;425;522;691;640;10283;5349;SMS;Pago parcial
4758;1043657;2017-01-30 00:00:00;0;ATLANTHIC SOUTH;36;16;Pensionado;S;N;3750;600;1400;2;764;695;643;641;12610;6903;Ninguno;No aplica
4759;1048095;2019-01-24 00:00:00;0;CHICAGO;31;11;independiente;S;N;2500;500;900;1;667;722;560;766;15558;7832;Ninguno;No aplica
4760;1056591;2016-09-27 00:00:00;1;NEW ENGALND;62;40;Empleado;S;S;8000;1470;2360;2;536;604;701;651;19924;11486;Correo;No contactado
4761;1023431;2019-11-25 00:00:00;1;CHICAGO;55;35;Pensionado;S;N;4000;770;1200;3;437;518;573;761;19839;10604;Correo;No contactado
4762;1062496;2017-04-02 00:00:00;0;NEW YORK;40;20.83333333;Empleado;S;S;3750;400;850;1;733;719;652;697;16949;16913;Ninguno;No aplica
4763;1093687;2018-11-27 00:00:00;1;NEW YORK;40;20;Empleado;S;N;6750;200;1000;0;534;606;626;863;15626;10069;Call center;Promesa de pago
4764;1050458;2021-04-05 00:00:00;1;NEW ENGALND;31;33.33333333;Pensionado;S;S;9600;200;1100;3;519;516;713;716;6993;4018;SMS;Pago parcial
4765;1054041;2017-06-09 00:00:00;0;ATLANTHIC SOUTH;54;10;Empleado;S;S;3750;508;1200;0;650;633;576;512;5869;3642;Ninguno;No aplica
4766;1081822;2017-08-29 00:00:00;0;NEW YORK;51;30;Pensionado;S;N;4000;350;900;0;712;721;677;728;6014;5822;Ninguno;No aplica
4767;1008253;2018-02-21 00:00:00;0;ATLANTHIC SOUTH;27;3.666666667;independiente;N;N;7500;700;2500;0;641;666;591;862;15103;11479;Ninguno;No aplica
4768;1037400;2018-12-31 00:00:00;1;ATLANTHIC SOUTH;39;18.33333333;independiente;S;S;13500;650;1200;2;487;675;614;784;21986;15003;Call center;Promesa de pago
4769;1077978;2019-07-03 00:00:00;0;NEW YORK;54;35;independiente;S;S;3200;490;900;1;751;710;396;599;17013;15936;Ninguno;No aplica
4770;1040520;2021-03-23 00:00:00;1;ATLANTHIC SOUTH;57;20;Empleado;S;S;8000;950;1900;4;540;551;796;623;5690;3969;SMS;Pago parcial
4771;1026154;2016-01-17 00:00:00;1;545454;42;20;Empleado;S;S;7500;1430;3400;4;501;579;689;634;21873;14600;Correo;No contactado
4772;1069104;2018-05-03 00:00:00;1;NEW YORK;44;33.33333333;Empleado;S;S;10000;200;1200;0;451;584;596;900;28248;17052;SMS;Pago parcial
4773;1047199;2018-11-08 00:00:00;0;ATLANTHIC SOUTH;57;30;Empleado;S;S;12500;300;1200;0;732;636;571;641;28624;19719;Ninguno;No aplica
4774;1040972;2019-12-02 00:00:00;0;NEW ENGALND;47;16.66666667;independiente;S;S;12500;250;1500;0;701;625;615;610;15748;10368;Ninguno;No aplica
4775;1028280;2017-06-05 00:00:00;1;ATLANTHIC SOUTH;43;4;independiente;S;S;12500;500;2800;2;384;622;700;706;29170;24463;Correo;No contactado
4776;1094399;2019-12-01 00:00:00;0;CHICAGO;36;17.16666667;Pensionado;S;S;6250;870;1100;0;739;731;518;641;13024;8398;Ninguno;No aplica
4777;1073316;2018-03-27 00:00:00;0;545454;27;8.333333333;Pensionado;S;S;12500;450;1200;0;699;716;640;811;21678;17095;Ninguno;No aplica
4778;1085919;2019-08-31 00:00:00;1;NEW YORK;33;10;Pensionado;S;S;15000;596,583;1100;0;560;671;774;629;10488;5590;Correo;No contactado
4779;1025191;2019-09-27 00:00:00;1;ATLANTHIC SOUTH;67;30;Empleado;S;N;7000;1000;1638;2;445;547;571;826;25411;15136;Whatsapp;Sin gestión
4780;1000016;2019-08-21 00:00:00;0;ATLANTHIC SOUTH;62;20;independiente;S;S;1250;510;1100;4;541;780;656;681;16035;11284;Ninguno;No aplica
4781;1048613;2017-04-22 00:00:00;0;NEW YORK;28;10;independiente;S;N;14500;580;1800;1;714;626;804;779;24296;23530;Ninguno;No aplica
4782;1085100;2016-01-22 00:00:00;0;NEW ENGALND;47;20;Empleado;S;N;12600;430;900;3;715;619;694;812;26128;17992;Ninguno;No aplica
4783;1074000;2018-07-30 00:00:00;0;NEW YORK;56;20;Empleado;S;S;3750;250;700;0;615;574;659;678;23257;19351;Ninguno;No aplica
4784;1050580;2017-04-09 00:00:00;0;CHICAGO;27;7;Empleado;S;N;9000;600;1000;0;651;653;685;642;17855;11205;Ninguno;No aplica
4785;1031777;2020-10-10 00:00:00;1;ATLANTHIC SOUTH;45;23.33333333;Empleado;S;N;2500;1500;2600;0;638;550;622;726;24642;13886;Whatsapp;Sin gestión
4786;1036589;2018-09-09 00:00:00;0;CHICAGO;36;16;Empleado;S;N;11500;700;1500;0;685;712;741;661;7817;4137;Ninguno;No aplica
4787;1066080;2020-06-30 00:00:00;1;ATLANTHIC SOUTH;68;12;independiente;S;S;15200;416;1330;0;537;595;622;571;25025;16334;SMS;Pago parcial
4788;1045777;2016-12-19 00:00:00;0;545454;46;30;independiente;S;N;9000;300;1600;2;667;608;513;810;9458;5475;Ninguno;No aplica
4789;1034971;2016-05-23 00:00:00;0;ATLANTHIC SOUTH;25;9;Pensionado;S;S;7800;750;1000;4;595;656;623;692;10307;6050;Ninguno;No aplica
4790;1039895;2020-07-23 00:00:00;1;CHICAGO;58;46;Empleado;N;N;6250;850;1200;2;491;558;582;615;13933;12266;Correo;No contactado
4791;1066751;2017-07-24 00:00:00;1;ATLANTHIC SOUTH;39;10;Pensionado;S;S;7500;570,5;1400;0;487;473;630;534;23425;11898;Call center;Promesa de pago
4792;1007171;2016-02-22 00:00:00;0;545454;58;30;Empleado;S;S;17400;1098;2600;2;680;621;632;461;22063;17185;Ninguno;No aplica
4793;1041898;2017-06-19 00:00:00;1;CHICAGO;32;5;Pensionado;S;N;8750;733,333;1493,333;0;494;534;734;789;15659;10800;Correo;No contactado
4794;1056452;2016-03-03 00:00:00;0;NEW YORK;43;25;Empleado;N;N;4000;200;1100;4;713;766;699;614;10738;8089;Ninguno;No aplica
4795;1027051;2019-05-26 00:00:00;1;CHICAGO;63;30;Empleado;S;N;18172;2055,994;2265,833;2;492;591;668;679;10668;8336;Call center;Promesa de pago
4796;1015291;2018-03-29 00:00:00;1;545454;42;10;independiente;S;S;12600;323;1500;3;437;620;650;764;19427;12757;SMS;Pago parcial
4797;1040048;2017-10-18 00:00:00;0;NEW YORK;23;10;independiente;S;N;7500;280;550;1;724;590;576;624;12697;8222;Ninguno;No aplica
4798;1080822;2019-03-01 00:00:00;0;ATLANTHIC SOUTH;29;10;Pensionado;S;S;12500;1439;2750;2;603;752;497;719;29417;25496;Ninguno;No aplica
4799;1084321;2016-07-01 00:00:00;0;NEW YORK;48;20;Empleado;S;S;3750;500;1500;2;597;758;658;679;21446;20066;Ninguno;No aplica
4800;1093321;2018-01-23 00:00:00;1;CHICAGO;47;10;Empleado;S;N;7500;308,333;1020;0;537;460;706;712;12829;7650;SMS;Pago parcial
4801;1026955;2016-07-07 00:00:00;1;545454;30;14;independiente;S;N;10000;700;1400;4;525;538;642;578;15751;8644;Call center;Promesa de pago
4802;1071490;2017-03-24 00:00:00;1;545454;27;15;Pensionado;S;S;10000;380;1000;0;497;610;613;646;18450;17507;Call center;Promesa de pago
4803;1017975;2016-12-16 00:00:00;1;545454;40;25;Empleado;S;S;13500;450;1500;1;430;619;683;774;12352;8337;Correo;No contactado
4804;1084091;2019-12-05 00:00:00;1;545454;32;11;independiente;S;N;7500;296;1285;0;465;539;644;659;18516;14362;SMS;Pago parcial
4805;1027266;2016-10-07 00:00:00;1;NEW YORK;33;3;Pensionado;S;S;8500;125;1000;2;487;562;768;828;28299;19237;Correo;No contactado
4806;1040680;2020-01-29 00:00:00;0;545454;57;15;independiente;S;S;10000;1600;2300;4;620;644;736;881;13326;7501;Ninguno;No aplica
4807;1011163;2018-07-22 00:00:00;0;ATLANTHIC SOUTH;69;40;Pensionado;S;S;6410;490;1000;3;663;687;717;729;8644;6869;Ninguno;No aplica
4808;1020123;2019-09-16 00:00:00;0;NEW YORK;43;8;Empleado;S;S;12500;300;1400;0;733;752;703;804;26354;20097;Ninguno;No aplica
4809;1008922;2017-09-30 00:00:00;0;ATLANTHIC SOUTH;67;15;Pensionado;S;S;6000;1620;2160;0;771;634;560;735;13003;7821;Ninguno;No aplica
4810;1004023;2021-02-26 00:00:00;0;ATLANTHIC SOUTH;67;15;independiente;S;S;5560;1620;2160;0;679;740;696;622;8278;6009;Ninguno;No aplica
4811;1033457;2016-04-22 00:00:00;0;NEW YORK;36;3;Pensionado;S;S;8500;200;950;2;738;633;676;688;12296;11048;Ninguno;No aplica
4812;1031024;2018-12-07 00:00:00;0;ATLANTHIC SOUTH;70;20;Empleado;S;S;11600;400;2000;0;604;629;692;851;8074;6421;Ninguno;No aplica
4813;1088785;2018-05-01 00:00:00;0;NEW YORK;33;12.33333333;Pensionado;S;S;5000;472;1250;0;733;729;684;623;18261;10015;Ninguno;No aplica
4814;1094448;2016-05-25 00:00:00;1;NEW ENGALND;45;20;independiente;S;N;15000;410;700;4;460;635;682;626;16173;12518;Call center;Promesa de pago
4815;1092783;2018-10-01 00:00:00;0;NEW YORK;36;17;independiente;S;S;7500;774;1900;4;715;731;839;568;13312;11333;Ninguno;No aplica
4816;1039152;2018-11-17 00:00:00;1;545454;57;30;Pensionado;S;S;8000;350;1300;3;488;501;645;700;28936;25937;Whatsapp;Sin gestión
4817;1002825;2019-05-29 00:00:00;1;ATLANTHIC SOUTH;43;16.66666667;Pensionado;S;S;7500;350;1100;2;566;552;716;630;6637;5406;Whatsapp;Sin gestión
4818;1024120;2019-11-02 00:00:00;1;CHICAGO;25;5;Pensionado;S;S;18750;700;3428,569;4;456;629;617;871;18652;10750;Whatsapp;Sin gestión
4819;1009609;2016-05-23 00:00:00;1;545454;40;10;Empleado;S;N;12500;600;1235;4;531;582;705;739;10103;8639;Call center;Promesa de pago
4820;1050890;2016-02-14 00:00:00;1;545454;25;8;independiente;S;N;3500;600;1800;4;486;516;716;807;22028;18474;Correo;No contactado
4821;1034013;2019-07-28 00:00:00;0;NEW YORK;53;33;Pensionado;S;S;5650;340;700;3;692;707;676;643;7032;3602;Ninguno;No aplica
4822;1080154;2016-10-06 00:00:00;1;NEW YORK;31;3;independiente;S;S;2500;207;995;1;491;537;767;617;7761;5478;SMS;Pago parcial
4823;1090799;2018-11-28 00:00:00;1;545454;28;15;independiente;S;S;12510;350;1800;0;458;688;588;602;20195;13459;Call center;Promesa de pago
4824;1060825;2019-10-01 00:00:00;0;NEW ENGALND;33;11.66666667;Pensionado;S;S;12000;500;2000;0;699;773;616;588;23452;19576;Ninguno;No aplica
4825;1055774;2018-11-21 00:00:00;1;CHICAGO;28;10;independiente;N;S;9750;300;930;3;497;616;665;751;21625;13149;Whatsapp;Sin gestión
4826;1002847;2019-04-10 00:00:00;0;545454;25;5;Empleado;S;S;7100;1420;2900;1;712;762;712;717;7668;6099;Ninguno;No aplica
4827;1015862;2020-12-18 00:00:00;0;ATLANTHIC SOUTH;57;45;Pensionado;S;S;16300;300;300;3;704;684;663;724;19638;18786;Ninguno;No aplica
4828;1055877;2019-10-15 00:00:00;0;NEW YORK;43;20;independiente;N;S;4000;340;500;3;740;726;740;536;20954;18836;Ninguno;No aplica
4829;1056134;2020-06-18 00:00:00;1;NEW YORK;47;4;independiente;S;S;8500;211;630;4;546;669;604;720;22186;21315;Correo;No contactado
4830;1038883;2019-10-07 00:00:00;1;NEW YORK;29;10;independiente;N;N;8100;600;1040;0;447;595;570;628;26443;26159;SMS;Pago parcial
4831;1069296;2016-05-19 00:00:00;1;CHICAGO;43;6;Empleado;S;S;3750;600;900;3;543;565;672;756;17356;8771;SMS;Pago parcial
4832;1099620;2017-03-10 00:00:00;0;NEW YORK;24;9;Pensionado;N;S;5000;280;1000;1;641;578;645;713;5195;4215;Ninguno;No aplica
4833;1036074;2017-03-31 00:00:00;0;ATLANTHIC SOUTH;27;15;Empleado;S;S;10200;600;1297;4;729;675;688;565;7187;5077;Ninguno;No aplica
4834;1070724;2020-06-14 00:00:00;1;NEW YORK;68;30;Pensionado;S;S;3500;462,5;850;0;531;629;648;807;16707;15536;Call center;Promesa de pago
4835;1057768;2017-04-17 00:00:00;1;545454;32;17;Empleado;S;N;10000;638;1950;2;404;637;626;930;7330;4588;Call center;Promesa de pago
4836;1039235;2019-03-20 00:00:00;1;545454;49;15;Empleado;S;N;10000;440;2200;2;505;610;645;795;26225;25976;SMS;Pago parcial
4837;1065625;2020-06-07 00:00:00;1;545454;35;15;Empleado;S;S;18250;530;2130;0;477;548;652;705;8606;6944;SMS;Pago parcial
4838;1055492;2019-07-30 00:00:00;0;NEW YORK;46;0;independiente;N;S;6800;450;1100;1;662;561;629;642;29852;26770;Ninguno;No aplica
4839;1023592;2016-01-29 00:00:00;1;NEW YORK;23;0;independiente;N;S;6250;185;720;4;568;550;636;701;5060;2747;Whatsapp;Sin gestión
4840;1016122;2016-04-13 00:00:00;0;NEW YORK;38;0;Pensionado;S;N;6250;370;800;3;667;662;622;602;19387;11472;Ninguno;No aplica
4841;1086305;2016-04-18 00:00:00;0;545454;50;0;independiente;N;S;8125;496;1500;2;660;661;710;693;8927;7849;Ninguno;No aplica
4842;1080037;2015-07-27 00:00:00;1;NEW ENGALND;37;0;Pensionado;S;S;9000;700;1500;0;504;617;664;618;11296;5772;SMS;Pago parcial
4843;1057362;2018-08-24 00:00:00;1;NEW YORK;48;0;Pensionado;N;S;6250;170;950;1;534;699;808;550;18622;16917;Call center;Promesa de pago
4844;1000829;2016-07-14 00:00:00;1;NEW YORK;58;0;Empleado;S;N;4000;174;500;0;493;587;661;740;19125;9696;Correo;No contactado
4845;1014980;2019-01-18 00:00:00;0;NEW YORK;49;0;Empleado;N;S;7500;450;1050;0;758;667;611;672;7591;6290;Ninguno;No aplica
4846;1025269;2016-06-30 00:00:00;0;ATLANTHIC SOUTH;53;0;Pensionado;N;N;5000;430;1341;0;727;664;837;619;17127;11690;Ninguno;No aplica
4847;1068546;2018-06-13 00:00:00;1;CHICAGO;38;0;independiente;S;S;5780;620;900;0;391;587;679;605;20748;16718;Whatsapp;Sin gestión
4848;1060311;2015-06-06 00:00:00;1;ATLANTHIC SOUTH;41;0;independiente;S;N;6400;385;900;4;474;530;719;746;11121;9431;Whatsapp;Sin gestión
4849;1003828;2017-07-09 00:00:00;1;ATLANTHIC SOUTH;26;0;independiente;N;N;3125;270;950;0;472;587;691;631;6200;4162;SMS;Pago parcial
4850;1083942;2015-01-19 00:00:00;1;NEW YORK;53;0;independiente;S;S;5000;200;600;4;524;607;694;707;20721;11479;Correo;No contactado
4851;1051562;2020-01-05 00:00:00;1;NEW YORK;49;0;Pensionado;N;S;3000;165;475;0;369;593;687;879;24238;12963;Whatsapp;Sin gestión
4852;1098583;2016-07-27 00:00:00;1;NEW YORK;40;0;Empleado;N;S;5000;160;550;3;627;607;573;779;16087;12781;Call center;Promesa de pago
4853;1036443;2018-11-02 00:00:00;0;ATLANTHIC SOUTH;32;0;Pensionado;S;N;7500;302;1570;0;727;706;676;547;28408;21599;Ninguno;No aplica
4854;1093974;2016-10-09 00:00:00;0;545454;30;0;Pensionado;S;N;2500;300;1200;2;707;574;557;555;11972;10429;Ninguno;No aplica
4855;1081512;2018-06-27 00:00:00;1;NEW ENGALND;47;0;Empleado;S;N;10390;407;495;2;559;618;638;734;5136;3877;SMS;Pago parcial
4856;1068503;2016-02-15 00:00:00;1;NEW YORK;31;0;Empleado;N;N;4000;190;600;2;617;540;599;596;22413;15941;Call center;Promesa de pago
4857;1023669;2018-04-30 00:00:00;0;NEW YORK;60;0;Empleado;N;S;7500;240;500;4;744;614;675;490;20346;14223;Ninguno;No aplica
4858;1093533;2018-01-23 00:00:00;0;NEW YORK;52;0;independiente;S;S;1875;250,299;398,475;3;747;614;673;718;23978;12306;Ninguno;No aplica
4859;1010854;2016-04-15 00:00:00;1;ATLANTHIC SOUTH;65;0;independiente;S;N;10000;400;1300;0;507;606;684;749;28590;19092;SMS;Pago parcial
4860;1076728;2018-09-30 00:00:00;0;NEW ENGALND;50;0;independiente;N;S;7500;421;1200;0;693;667;670;711;5661;5593;Ninguno;No aplica
4861;1083809;2019-10-28 00:00:00;1;NEW YORK;54;0;Pensionado;S;S;6400;120;650;0;476;479;608;744;7472;7000;Whatsapp;Sin gestión
4862;1076144;2018-07-05 00:00:00;0;ATLANTHIC SOUTH;69;0;Empleado;N;S;8400;635;1400;0;659;709;632;664;5086;3381;Ninguno;No aplica
4863;1050416;2016-10-19 00:00:00;0;CHICAGO;42;0;independiente;N;S;7200;260;636;1;666;594;714;610;15704;12467;Ninguno;No aplica
4864;1017626;2018-04-05 00:00:00;1;545454;58;0;Empleado;S;N;3750;890;1800;0;432;588;725;766;11219;10362;SMS;Pago parcial
4865;1080005;2018-12-28 00:00:00;1;NEW YORK;20;0;independiente;S;S;7500;457;964;1;496;594;570;858;29527;21278;Correo;No contactado
4866;1064314;2017-01-06 00:00:00;1;NEW YORK;45;0;independiente;S;N;7500;885,7;1551,83;4;416;633;543;675;21322;10852;Call center;Promesa de pago
4867;1024802;2020-01-27 00:00:00;0;NEW YORK;34;0;Empleado;S;S;3360;990;1100;0;710;787;599;578;19749;10610;Ninguno;No aplica
4868;1026253;2015-12-05 00:00:00;1;ATLANTHIC SOUTH;59;0;Empleado;S;S;7500;500;1000;0;498;498;723;618;11968;9038;Correo;No contactado
4869;1029093;2019-02-15 00:00:00;0;ATLANTHIC SOUTH;38;0;Pensionado;N;S;3750;375;1300;3;707;677;735;592;24157;23788;Ninguno;No aplica
4870;1010125;2018-12-27 00:00:00;1;ATLANTHIC SOUTH;24;0;Pensionado;N;N;3750;605;1100;4;474;563;585;738;18596;15743;Call center;Promesa de pago
4871;1019322;2015-01-19 00:00:00;0;NEW YORK;54;0;Empleado;N;S;7000;350;1129;0;854;706;672;477;6700;3588;Ninguno;No aplica
4872;1093801;2015-11-02 00:00:00;0;NEW ENGALND;65;0;independiente;N;N;2800;562,85;782,5;3;768;693;778;710;7700;4579;Ninguno;No aplica
4873;1016755;2019-03-08 00:00:00;0;ATLANTHIC SOUTH;27;0;Pensionado;S;N;3750;260;600;2;638;659;679;728;28199;24975;Ninguno;No aplica
4874;1050859;2015-07-16 00:00:00;1;NEW YORK;44;0;independiente;S;N;2700;286;800;1;512;554;750;558;16821;15487;Call center;Promesa de pago
4875;1002052;2019-02-04 00:00:00;0;NEW YORK;58;0;Pensionado;N;N;8750;280;700;0;670;613;720;582;23031;18629;Ninguno;No aplica
4876;1000658;2018-02-17 00:00:00;0;NEW YORK;52;0;Empleado;S;N;5000;200;890;0;649;739;586;677;27422;22547;Ninguno;No aplica
4877;1096263;2018-11-15 00:00:00;1;CHICAGO;62;0;independiente;N;S;7501;168;500;0;433;608;637;707;26548;13650;SMS;Pago parcial
4878;1023033;2017-08-01 00:00:00;1;ATLANTHIC SOUTH;48;0;independiente;N;S;1250;210;500;1;522;635;652;767;10520;9618;Whatsapp;Sin gestión
4879;1013913;2016-10-21 00:00:00;0;ATLANTHIC SOUTH;43;0;Empleado;N;S;8750;750;1800;2;666;661;657;657;16510;14762;Ninguno;No aplica
4880;1028202;2015-01-27 00:00:00;1;NEW YORK;35;0;Pensionado;S;S;6058;872;1032;1;548;541;714;834;8687;5469;Whatsapp;Sin gestión
4881;1000613;2016-01-25 00:00:00;1;NEW YORK;29;0;Pensionado;S;S;10000;220;1200;0;550;515;679;691;21980;18778;Correo;No contactado
4882;1059040;2020-03-12 00:00:00;1;ATLANTHIC SOUTH;30;0;Pensionado;S;S;8400;1535;2733,723;2;569;602;444;632;25929;15750;SMS;Pago parcial
4883;1026871;2015-03-04 00:00:00;1;NEW YORK;52;0;Empleado;N;S;7188;650;978;3;457;518;558;624;13837;7198;Whatsapp;Sin gestión
4884;1092279;2015-06-10 00:00:00;1;ATLANTHIC SOUTH;55;0;independiente;S;S;3125;400;600;3;524;691;497;786;19955;11984;Call center;Promesa de pago
4885;1099025;2018-05-07 00:00:00;1;NEW YORK;32;0;Pensionado;S;S;9000;0;1200;0;532;502;662;723;16281;9595;Call center;Promesa de pago
4886;1045883;2016-04-17 00:00:00;1;NEW YORK;37;0;Pensionado;N;S;10000;290;650;1;476;596;667;777;18917;12653;SMS;Pago parcial
4887;1022767;2014-12-14 00:00:00;1;ATLANTHIC SOUTH;43;0;Empleado;S;S;3750;560;900;0;461;674;670;775;9757;6920;Correo;No contactado
4888;1078346;2016-05-01 00:00:00;0;ATLANTHIC SOUTH;37;0;Empleado;N;S;7200;370;1400;0;780;716;583;488;18045;13611;Ninguno;No aplica
4889;1036160;2016-11-16 00:00:00;1;NEW YORK;54;0;Empleado;S;S;3750;350;800;4;511;591;697;617;25768;19026;SMS;Pago parcial
4890;1037927;2017-10-03 00:00:00;0;545454;20;0;Pensionado;N;N;2500;295;1240;1;732;622;700;578;13912;8839;Ninguno;No aplica
4891;1005051;2017-03-11 00:00:00;1;545454;22;0;independiente;N;N;6400;200;2000;0;459;497;562;647;9733;5008;Correo;No contactado
4892;1014116;2017-05-01 00:00:00;1;ATLANTHIC SOUTH;28;0;independiente;S;S;7875;430;800;0;439;626;547;682;12081;9696;SMS;Pago parcial
4893;1061850;2019-10-20 00:00:00;0;545454;41;0;independiente;S;S;6250;1100;1400;1;672;770;650;760;13690;9554;Ninguno;No aplica
4894;1099383;2018-05-05 00:00:00;1;CHICAGO;42;0;Empleado;S;S;11500;2301;3840;1;494;554;775;828;28501;18507;Call center;Promesa de pago
4895;1066088;2020-01-21 00:00:00;1;NEW YORK;56;0;Pensionado;S;S;3000;263,333;650;4;447;512;769;694;26113;24376;SMS;Pago parcial
4896;1029119;2015-03-28 00:00:00;0;NEW YORK;51;0;Empleado;S;S;7425;400;1200;0;700;533;689;647;6673;5828;Ninguno;No aplica
4897;1037499;2020-01-18 00:00:00;1;ATLANTHIC SOUTH;33;0;independiente;N;S;7500;350;700;4;416;521;599;657;19318;17944;Whatsapp;Sin gestión
4898;1001750;2016-07-28 00:00:00;1;545454;38;0;Pensionado;S;S;5007;1455;3032;0;444;573;712;728;29690;22193;Whatsapp;Sin gestión
4899;1094781;2016-03-12 00:00:00;1;NEW YORK;42;0;Pensionado;S;S;12300;424,917;1040,167;3;534;676;618;738;16171;9144;SMS;Pago parcial
4900;1089884;2017-03-27 00:00:00;1;ATLANTHIC SOUTH;51;0;Pensionado;S;N;8750;477;1100;0;530;620;596;793;18545;15728;Correo;No contactado
4901;1098901;2019-07-11 00:00:00;0;NEW ENGALND;66;0;Empleado;S;N;10800;350;900;3;680;698;500;742;16803;10133;Ninguno;No aplica
4902;1079791;2020-01-29 00:00:00;1;NEW YORK;59;0;Empleado;N;S;12000;550;1220;0;449;556;657;513;28562;20582;Correo;No contactado
4903;1069039;2016-10-18 00:00:00;1;NEW ENGALND;51;0;Pensionado;N;S;12000;340;1650;0;449;545;606;706;7294;3884;Call center;Promesa de pago
4904;1093124;2018-04-20 00:00:00;1;NEW YORK;37;0;Empleado;S;S;4500;300;700;0;481;664;657;845;8630;7876;Call center;Promesa de pago
4905;1014694;2017-09-27 00:00:00;0;NEW ENGALND;34;0;Pensionado;N;S;7000;250;1000;0;732;692;489;631;20093;11312;Ninguno;No aplica
4906;1045371;2018-01-03 00:00:00;0;NEW ENGALND;53;0;independiente;N;S;10000;270;800;0;746;554;662;773;21530;20487;Ninguno;No aplica
4907;1094819;2020-04-27 00:00:00;0;ATLANTHIC SOUTH;42;0;independiente;N;S;13600;884;3200;2;675;640;480;642;19453;18132;Ninguno;No aplica
4908;1082784;2015-01-22 00:00:00;0;ATLANTHIC SOUTH;45;24;independiente;N;S;12500;620;1400;0;642;629;726;686;17174;12576;Ninguno;No aplica
4909;1075583;2016-09-06 00:00:00;1;545454;43;0;Pensionado;S;S;9000;350;1200;2;513;547;687;618;8453;7373;Correo;No contactado
4910;1049597;2018-10-21 00:00:00;0;545454;60;0;independiente;S;S;12500;1200;2855;0;659;714;630;571;9507;7698;Ninguno;No aplica
4911;1083577;2014-12-31 00:00:00;1;ATLANTHIC SOUTH;30;0;independiente;N;S;5550;748;1550;4;474;574;689;785;27167;24492;SMS;Pago parcial
4912;1054321;2016-06-27 00:00:00;0;ATLANTHIC SOUTH;44;0;Pensionado;S;S;10150;950;2200;2;766;675;582;749;29135;20858;Ninguno;No aplica
4913;1092932;2016-05-16 00:00:00;0;ATLANTHIC SOUTH;49;0;independiente;S;N;5625;614;1625;4;741;759;655;672;15602;13931;Ninguno;No aplica
4914;1024402;2017-03-07 00:00:00;1;ATLANTHIC SOUTH;61;0;Pensionado;S;S;5800;300;1300;4;508;538;706;610;10628;7771;Call center;Promesa de pago
4915;1047659;2019-03-17 00:00:00;0;NEW YORK;69;0;independiente;S;N;8000;280;850;4;636;792;433;674;13328;12935;Ninguno;No aplica
4916;1062026;2018-12-19 00:00:00;0;545454;42;0;independiente;S;N;10000;400;1150;0;711;640;619;783;20534;15261;Ninguno;No aplica
4917;1026162;2015-10-12 00:00:00;0;NEW YORK;42;0;Empleado;S;S;5625;420;980;0;753;685;648;827;24744;18096;Ninguno;No aplica
4918;1089542;2016-10-04 00:00:00;0;NEW ENGALND;28;0;Pensionado;S;S;15000;300;920;0;681;663;636;641;24389;21768;Ninguno;No aplica
4919;1065514;2016-01-05 00:00:00;0;NEW ENGALND;48;0;independiente;S;S;7500;600;1400;0;768;687;752;521;8552;7789;Ninguno;No aplica
4920;1077303;2018-01-01 00:00:00;1;NEW YORK;22;0;independiente;S;S;6000;600;980;0;565;607;571;796;21402;16635;Correo;No contactado
4921;1012998;2015-09-04 00:00:00;1;ATLANTHIC SOUTH;60;0;independiente;N;S;3600;250;800;2;583;606;607;695;7242;4272;Correo;No contactado
4922;1041392;2018-11-26 00:00:00;0;545454;56;0;Empleado;S;S;12500;450;1300;1;715;635;516;755;19665;14432;Ninguno;No aplica
4923;1018189;2018-10-28 00:00:00;1;545454;26;0;Pensionado;S;S;5000;350;1500;0;529;513;756;745;27702;27260;SMS;Pago parcial
4924;1065603;2017-05-06 00:00:00;1;NEW YORK;54;0;independiente;N;S;6875;515;1180;1;571;730;633;640;10097;8850;Whatsapp;Sin gestión
4925;1027298;2015-09-22 00:00:00;1;NEW YORK;55;0;independiente;N;N;1250;321;1200;0;522;551;619;725;13640;12352;Correo;No contactado
4926;1012814;2019-10-28 00:00:00;0;ATLANTHIC SOUTH;22;0;Pensionado;N;S;5625;200;695,66;0;675;722;646;788;6948;3588;Ninguno;No aplica
4927;1025009;2015-09-21 00:00:00;0;NEW ENGALND;44;0;Empleado;N;S;7000;300;600;0;678;584;695;657;10618;7793;Ninguno;No aplica
4928;1005309;2018-11-25 00:00:00;0;NEW YORK;44;0;Pensionado;S;S;9000;400;1300;0;712;663;674;577;9236;7604;Ninguno;No aplica
4929;1012368;2017-01-16 00:00:00;1;NEW YORK;33;0;independiente;S;S;4000;560;1240;0;435;572;835;577;28285;25881;Call center;Promesa de pago
4930;1076787;2015-02-11 00:00:00;1;545454;59;0;Empleado;S;S;5500;450;1600;2;493;608;682;651;6920;3630;SMS;Pago parcial
4931;1031194;2017-09-27 00:00:00;0;CHICAGO;52;0;independiente;S;S;5000;1188;1400;0;755;517;617;633;16169;14976;Ninguno;No aplica
4932;1049500;2018-09-28 00:00:00;1;NEW YORK;68;0;Empleado;S;S;12000;405,973;980,25;2;390;590;611;794;9188;7113;SMS;Pago parcial
4933;1002695;2020-03-25 00:00:00;1;NEW YORK;28;0;Empleado;N;S;6250;654;1057;4;577;511;623;619;17207;10301;SMS;Pago parcial
4934;1091212;2017-06-02 00:00:00;1;ATLANTHIC SOUTH;48;0;Empleado;S;N;7500;500;800;4;556;599;545;860;5238;3450;Whatsapp;Sin gestión
4935;1097502;2016-10-11 00:00:00;1;545454;50;0;Empleado;S;S;4000;350;1450;0;477;518;653;600;5204;3336;Whatsapp;Sin gestión
4936;1088929;2017-01-21 00:00:00;0;ATLANTHIC SOUTH;39;0;independiente;N;S;5000;450;700;1;727;629;705;880;15799;12093;Ninguno;No aplica
4937;1022153;2019-06-12 00:00:00;1;NEW YORK;67;0;independiente;S;S;9000;440;980;1;500;564;607;875;10552;5549;Call center;Promesa de pago
4938;1086667;2019-11-17 00:00:00;0;NEW YORK;40;0;Pensionado;S;S;7600;500;1200;0;761;617;593;683;9927;5750;Ninguno;No aplica
4939;1019731;2020-04-30 00:00:00;0;ATLANTHIC SOUTH;57;0;Empleado;N;S;7500;900;1600;4;749;651;756;522;16164;14650;Ninguno;No aplica
4940;1069234;2018-01-04 00:00:00;0;NEW ENGALND;47;33.33333333;Pensionado;N;N;12600;13930;46700;4;630;608;550;665;9390;5318;Ninguno;No aplica
4941;1028623;2020-03-01 00:00:00;0;NEW ENGALND;55;0;Pensionado;N;S;6500;1300;1500;3;729;570;505;635;24071;14845;Ninguno;No aplica
4942;1067305;2019-11-16 00:00:00;0;NEW ENGALND;67;16.33333333;Empleado;S;S;12600;2600;3400;0;690;741;569;555;26335;19137;Ninguno;No aplica
4943;1094185;2020-04-26 00:00:00;1;545454;35;0;independiente;S;N;3600;773;1800;0;504;502;542;746;20641;15657;Call center;Promesa de pago
4944;1002564;2016-07-24 00:00:00;1;CHICAGO;68;0;Pensionado;S;S;3125;250;700;0;464;569;677;646;11160;9841;SMS;Pago parcial
4945;1020940;2020-01-31 00:00:00;0;NEW ENGALND;41;0;Empleado;S;S;7000;250;1300;4;787;725;625;606;26772;19374;Ninguno;No aplica
4946;1051429;2016-06-02 00:00:00;1;545454;61;0;Empleado;S;S;12300;595;2000;3;552;543;635;702;20810;18624;Call center;Promesa de pago
4947;1017074;2015-05-26 00:00:00;0;NEW YORK;38;0;Empleado;S;N;6250;250;700;0;663;630;731;618;10126;8194;Ninguno;No aplica
4948;1005462;2016-04-04 00:00:00;0;ATLANTHIC SOUTH;57;0;independiente;S;N;10800;400;1750;1;633;694;602;857;5816;3237;Ninguno;No aplica
4949;1009556;2017-02-03 00:00:00;0;CHICAGO;42;0;Empleado;S;S;11000;650;1400;1;681;747;704;622;18414;10646;Ninguno;No aplica
4950;1032000;2017-03-28 00:00:00;1;545454;62;0;Empleado;S;S;12000;666,7;1500;4;522;510;756;760;5192;3731;Correo;No contactado
4951;1010153;2020-01-08 00:00:00;1;NEW YORK;70;0;Pensionado;S;N;6500;420;1000;0;512;571;618;733;23160;16176;Whatsapp;Sin gestión
4952;1033009;2017-06-21 00:00:00;1;ATLANTHIC SOUTH;22;0;Empleado;S;S;12375;734;2487;0;563;476;702;752;8645;7536;SMS;Pago parcial
4953;1042838;2017-04-22 00:00:00;1;ATLANTHIC SOUTH;46;0;Empleado;S;S;7600;400;1900;3;539;556;633;759;17816;14081;SMS;Pago parcial
4954;1093013;2015-07-03 00:00:00;1;NEW ENGALND;49;0;independiente;S;S;9600;910;2200;0;548;582;715;799;11314;7853;Correo;No contactado
4955;1056326;2015-06-24 00:00:00;0;ATLANTHIC SOUTH;72;0;Pensionado;S;S;3750;115;720;0;716;629;540;694;29826;17460;Ninguno;No aplica
4956;1033340;2018-12-17 00:00:00;0;NEW ENGALND;49;0;Pensionado;S;S;12000;550;1330;3;631;653;535;690;23172;14214;Ninguno;No aplica
4957;1037598;2019-09-07 00:00:00;1;ATLANTHIC SOUTH;44;30;Empleado;S;N;13100;1050;4050;0;490;496;623;725;12374;9748;Correo;No contactado
4958;1049290;2020-03-18 00:00:00;0;545454;69;0;Pensionado;S;S;5010;450;1400;0;753;685;588;658;8700;6192;Ninguno;No aplica
4959;1091442;2017-11-28 00:00:00;1;NEW YORK;28;0;Empleado;S;S;8000;1095;2500;0;497;643;614;638;15655;11858;Correo;No contactado
4960;1033463;2020-02-27 00:00:00;1;NEW YORK;24;0;Empleado;N;N;2500;929,167;1700;1;525;514;635;715;20129;11782;Correo;No contactado
4961;1042461;2017-04-04 00:00:00;0;NEW YORK;64;0;Empleado;S;S;10625;500;1182,339;4;684;643;700;692;14359;11939;Ninguno;No aplica
4962;1022646;2016-10-12 00:00:00;0;CHICAGO;42;0;Empleado;S;S;5000;320;650;0;649;710;621;706;8893;8237;Ninguno;No aplica
4963;1048048;2015-01-10 00:00:00;1;545454;61;0;Pensionado;N;N;8750;445;1200;0;494;653;592;736;11811;7429;SMS;Pago parcial
4964;1037303;2017-04-19 00:00:00;1;ATLANTHIC SOUTH;66;0;Empleado;N;N;6400;365;1308;0;515;490;625;699;14288;10655;Whatsapp;Sin gestión
4965;1019594;2019-01-15 00:00:00;0;NEW YORK;58;0;Pensionado;N;S;3750;220;700;3;667;670;596;665;24063;23769;Ninguno;No aplica
4966;1018976;2015-12-09 00:00:00;1;NEW YORK;51;0;Empleado;S;N;8000;145;1500;4;488;597;585;670;25288;16858;Whatsapp;Sin gestión
4967;1059011;2017-05-08 00:00:00;0;ATLANTHIC SOUTH;37;18;Pensionado;N;S;11700;900;2340;3;653;674;537;698;28644;22844;Ninguno;No aplica
4968;1022007;2018-05-21 00:00:00;1;NEW YORK;40;0;Empleado;S;S;10625;520;800;1;556;431;655;700;5504;3000;Correo;No contactado
4969;1094308;2016-11-18 00:00:00;0;NEW YORK;41;0;Pensionado;S;S;8750;592;950;0;685;710;610;686;14813;11895;Ninguno;No aplica
4970;1043300;2017-01-19 00:00:00;0;NEW ENGALND;60;0;Pensionado;S;S;9000;200;800;0;773;771;718;760;19671;10717;Ninguno;No aplica
4971;1093837;2016-03-18 00:00:00;0;NEW YORK;32;0;independiente;S;N;12600;200;700;1;776;687;549;606;15738;15417;Ninguno;No aplica
4972;1061826;2016-09-25 00:00:00;0;NEW YORK;56;0;independiente;N;S;5000;332;833;0;696;618;612;724;16186;13885;Ninguno;No aplica
4973;1037821;2016-09-29 00:00:00;1;NEW YORK;31;0;Pensionado;N;S;6250;230;1400;0;450;549;777;723;11773;10526;Call center;Promesa de pago
4974;1021255;2018-02-01 00:00:00;1;ATLANTHIC SOUTH;31;0;Empleado;N;S;5000;410;900;0;396;686;584;902;8816;7512;SMS;Pago parcial
4975;1093019;2015-10-18 00:00:00;0;NEW YORK;40;0;Empleado;N;N;2345;250;750;2;626;735;633;651;5717;4544;Ninguno;No aplica
4976;1036038;2020-02-12 00:00:00;0;NEW YORK;29;0;Empleado;S;N;8800;700;1200;0;631;718;565;733;16676;12089;Ninguno;No aplica
4977;1045453;2015-09-13 00:00:00;1;NEW YORK;26;0;Pensionado;S;S;8000;200;550;0;569;601;556;721;9434;8766;Whatsapp;Sin gestión
4978;1057202;2015-12-08 00:00:00;1;CHICAGO;46;0;independiente;N;S;7200;160;400;0;506;540;758;595;22042;21566;Correo;No contactado
4979;1064119;2019-04-10 00:00:00;0;CHICAGO;56;0;Pensionado;S;S;10625;1003;1635;0;719;668;662;623;10057;7538;Ninguno;No aplica
4980;1018388;2016-08-25 00:00:00;1;NEW YORK;26;0;Empleado;S;S;3800;530;1000;0;389;575;659;799;25392;24523;Call center;Promesa de pago
4981;1013616;2019-10-04 00:00:00;1;NEW YORK;31;0;Empleado;S;S;5625;510;1350;0;440;613;531;681;9994;7912;Call center;Promesa de pago
4982;1047855;2017-02-18 00:00:00;1;NEW ENGALND;69;0;independiente;S;S;12500;200;899,126;0;544;671;675;520;9234;7103;Correo;No contactado
4983;1087215;2015-07-05 00:00:00;0;NEW YORK;35;0;independiente;S;N;9500;1220;2244;0;714;747;731;667;8764;6374;Ninguno;No aplica
4984;1008711;2017-05-03 00:00:00;0;NEW YORK;50;0;independiente;S;S;10125;450;1060;4;693;595;730;572;16181;9784;Ninguno;No aplica
4985;1053027;2020-01-29 00:00:00;1;NEW YORK;40;0;Empleado;S;S;11250;540;828;3;528;593;697;732;9637;4836;SMS;Pago parcial
4986;1075607;2017-04-10 00:00:00;0;545454;24;0;Empleado;S;S;9000;450;1200;0;782;724;571;810;7104;4410;Ninguno;No aplica
4987;1006389;2016-03-14 00:00:00;1;ATLANTHIC SOUTH;36;0;Pensionado;S;S;8750;661;2468;2;489;617;672;789;14447;10905;Whatsapp;Sin gestión
4988;1094230;2015-12-10 00:00:00;0;NEW YORK;48;0;Empleado;S;N;4500;410;870;4;703;642;697;808;28185;19447;Ninguno;No aplica
4989;1085132;2018-08-22 00:00:00;1;CHICAGO;43;20;independiente;S;S;9000;1991;4363;1;510;755;524;669;15674;11352;Call center;Promesa de pago
4990;1009640;2020-05-01 00:00:00;0;NEW YORK;36;0;independiente;S;S;10150;500;2000;0;820;603;572;657;29959;29669;Ninguno;No aplica
4991;1025742;2017-11-30 00:00:00;0;ATLANTHIC SOUTH;41;0;Pensionado;N;S;7000;500;2500;3;595;615;712;576;23991;16197;Ninguno;No aplica
4992;1021624;2017-09-24 00:00:00;0;NEW YORK;45;0;Empleado;S;S;11250;642;1270;2;734;694;711;608;13385;9719;Ninguno;No aplica
4993;1000571;2019-10-20 00:00:00;0;ATLANTHIC SOUTH;35;0;Pensionado;S;S;11250;1030;2500;0;694;807;542;587;16999;9634;Ninguno;No aplica
4994;1019293;2020-01-19 00:00:00;0;CHICAGO;54;0;Empleado;S;S;11500;1900;3200;3;728;630;706;552;8719;4569;Ninguno;No aplica
4995;1067806;2017-03-18 00:00:00;1;NEW YORK;24;0;Pensionado;N;S;9370;200;1250;2;467;564;657;843;7581;6730;Whatsapp;Sin gestión
4996;1073722;2016-08-17 00:00:00;1;545454;21;0;Pensionado;S;N;7200;320;1300;0;498;645;705;532;23949;18808;Whatsapp;Sin gestión
4997;1068741;2020-07-11 00:00:00;1;CHICAGO;69;20;Pensionado;N;N;9000;250;750;3;536;579;606;843;7763;6834;Call center;Promesa de pago
4998;1075535;2016-11-21 00:00:00;1;NEW YORK;33;12;Empleado;S;S;9000;400;1200;3;656;560;695;832;27712;15932;Correo;No contactado
4999;1050452;2020-08-23 00:00:00;1;NEW YORK;38;37;Pensionado;S;S;9500;526;1000;2;540;614;709;765;10991;8638;Call center;Promesa de pago
5000;1004512;2019-04-26 00:00:00;1;ATLANTHIC SOUTH;56;20;Pensionado;N;S;12500;350;1500;0;458;596;625;620;15531;9735;Call center;Promesa de pago
5001;1016762;2016-04-12 00:00:00;0;NEW ENGALND;24;15;Pensionado;S;S;7700;810;2700;2;679;742;651;528;24790;15222;Ninguno;No aplica
5002;1046041;2020-12-22 00:00:00;1;ATLANTHIC SOUTH;40;20;independiente;N;N;6250;370;1000;2;477;657;605;671;16064;8125;SMS;Pago parcial
5003;1067837;2021-04-08 00:00:00;1;ATLANTHIC SOUTH;57;30;independiente;N;S;6250;510;800;2;410;598;766;776;16312;9219;Whatsapp;Sin gestión
5004;1064565;2018-05-29 00:00:00;1;NEW YORK;64;41.66666667;Pensionado;N;S;1500;270;700;2;483;598;642;720;9780;6402;Correo;No contactado
5005;1059044;2018-06-14 00:00:00;0;ATLANTHIC SOUTH;38;10;Empleado;S;S;7500;408;1200;0;737;693;585;576;9177;5125;Ninguno;No aplica
5006;1057191;2019-08-22 00:00:00;0;ATLANTHIC SOUTH;59;30;Pensionado;N;S;3000;200;800;3;636;709;600;773;20169;20026;Ninguno;No aplica
5007;1024137;2019-01-27 00:00:00;0;NEW YORK;47;20;independiente;S;S;10000;273;650;1;752;683;659;822;11476;7509;Ninguno;No aplica
5008;1053335;2020-05-17 00:00:00;0;NEW YORK;38;21.66666667;independiente;N;N;17250;1175;2000;2;724;680;703;650;23988;13557;Ninguno;No aplica
5009;1026997;2020-10-12 00:00:00;0;ATLANTHIC SOUTH;50;15;independiente;S;S;12500;1075;1800;4;663;752;556;680;29565;17725;Ninguno;No aplica
5010;1014327;2016-02-21 00:00:00;0;ATLANTHIC SOUTH;35;5;independiente;S;S;5000;900;1500;0;693;771;779;534;7382;5860;Ninguno;No aplica
5011;1060074;2019-08-19 00:00:00;0;545454;41;10;Empleado;S;N;7500;402,25;891,667;0;780;590;672;633;21915;11659;Ninguno;No aplica
5012;1020517;2018-03-04 00:00:00;1;NEW YORK;28;21.66666667;Empleado;S;S;10000;750;2000;1;537;581;683;766;27463;25574;Whatsapp;Sin gestión
5013;1060110;2016-09-18 00:00:00;0;ATLANTHIC SOUTH;51;26.66666667;independiente;N;S;4375;1700;2500;4;700;639;643;702;17508;17171;Ninguno;No aplica
5014;1075502;2018-09-21 00:00:00;1;NEW YORK;22;4;independiente;N;S;3200;200;500;0;488;561;651;674;5634;3512;Call center;Promesa de pago
5015;1053129;2016-01-18 00:00:00;0;NEW ENGALND;59;5;independiente;S;S;5000;300;1000;2;704;704;640;645;16996;12323;Ninguno;No aplica
5016;1022319;2020-04-13 00:00:00;1;ATLANTHIC SOUTH;33;20;Empleado;S;S;2500;380;800;0;474;620;721;680;19162;9793;Correo;No contactado
5017;1024668;2016-09-24 00:00:00;0;NEW YORK;41;20;Pensionado;S;S;3200;700;1000;3;595;673;649;645;21386;17544;Ninguno;No aplica
5018;1040683;2018-03-31 00:00:00;0;ATLANTHIC SOUTH;58;40;Pensionado;S;S;3800;555;1000;3;802;565;704;708;19005;13436;Ninguno;No aplica
5019;1027295;2021-04-14 00:00:00;1;NEW YORK;19;4;Pensionado;N;N;6750;490;920;0;508;522;620;543;13397;8507;Correo;No contactado
5020;1081690;2019-03-10 00:00:00;0;545454;35;20;Empleado;S;N;6250;560;1800;3;720;734;664;663;27335;16494;Ninguno;No aplica
5021;1043843;2018-10-07 00:00:00;0;545454;48;30;Pensionado;S;S;9000;650;2800;0;697;516;594;701;17327;14330;Ninguno;No aplica
5022;1030927;2017-04-01 00:00:00;1;NEW YORK;26;6;Empleado;S;N;3750;200;900;1;463;651;735;669;19394;13733;Correo;No contactado
5023;1019009;2019-11-17 00:00:00;1;NEW YORK;32;26.66666667;Empleado;S;S;11400;250;900;2;491;611;592;677;27010;15931;Correo;No contactado
5024;1096080;2020-02-19 00:00:00;1;545454;36;10;independiente;S;S;10800;300;1800;0;420;659;627;679;29123;24596;SMS;Pago parcial
5025;1051978;2017-07-17 00:00:00;0;NEW YORK;28;15;independiente;S;S;5400;920;1250;3;814;668;628;627;27387;21431;Ninguno;No aplica
5026;1090419;2020-09-29 00:00:00;0;CHICAGO;47;30;independiente;S;S;6250;500;700;4;638;556;625;671;7890;7332;Ninguno;No aplica
5027;1027026;2019-02-03 00:00:00;1;NEW YORK;22;10;Pensionado;S;S;7500;630;1140;0;448;606;701;732;15858;8860;Correo;No contactado
5028;1094460;2018-10-11 00:00:00;1;NEW YORK;64;3;independiente;S;S;13750;416;810;0;478;656;628;531;27623;24663;Call center;Promesa de pago
5029;1005679;2018-10-02 00:00:00;0;NEW YORK;54;26.66666667;Empleado;S;S;6250;450;680;4;764;735;748;729;13026;10900;Ninguno;No aplica
5030;1052999;2016-09-09 00:00:00;1;NEW ENGALND;53;40;Pensionado;N;S;6000;190;1516;4;501;540;593;694;8306;4631;SMS;Pago parcial
5031;1096367;2020-05-12 00:00:00;1;NEW YORK;50;29.16666667;Pensionado;S;S;7700;730;1850;0;438;585;662;894;5897;4997;Call center;Promesa de pago
5032;1039702;2017-04-23 00:00:00;0;NEW YORK;61;40;Pensionado;S;S;6000;810;2200;3;763;648;596;563;14277;10290;Ninguno;No aplica
5033;1014914;2019-04-16 00:00:00;1;NEW YORK;45;29.16666667;Pensionado;S;N;4000;120;950;0;537;531;679;642;14471;14073;Call center;Promesa de pago
5034;1015934;2019-05-29 00:00:00;1;NEW ENGALND;40;35;Empleado;S;S;5000;900;4300;0;527;637;649;702;19896;11357;Whatsapp;Sin gestión
5035;1013632;2021-05-19 00:00:00;0;545454;46;20;independiente;S;S;8100;390;2000;3;736;608;639;707;20240;16625;Ninguno;No aplica
5036;1042138;2017-07-03 00:00:00;1;NEW ENGALND;20;10;independiente;N;S;4000;500;900;3;620;526;733;544;19683;13601;Correo;No contactado
5037;1039748;2016-06-05 00:00:00;1;NEW ENGALND;35;20;independiente;S;S;6300;200;1000;1;609;514;604;645;5670;5548;Correo;No contactado
5038;1055371;2016-09-06 00:00:00;1;ATLANTHIC SOUTH;28;12;Pensionado;S;S;5500;1100;1200;0;466;491;691;773;28675;19069;Call center;Promesa de pago
5039;1029451;2019-02-27 00:00:00;0;NEW ENGALND;56;34;Empleado;N;S;11250;370;1900;2;781;689;596;585;22889;22456;Ninguno;No aplica
5040;1049942;2017-09-11 00:00:00;1;ATLANTHIC SOUTH;26;10;Empleado;N;S;9600;300;1890;2;519;650;658;843;27844;26472;Correo;No contactado
5041;1087221;2018-06-25 00:00:00;0;NEW YORK;63;44;Pensionado;N;S;6250;290;1200;0;725;669;566;629;16767;10650;Ninguno;No aplica
5042;1043825;2017-01-31 00:00:00;0;NEW YORK;33;10;Pensionado;S;S;8700;950;2100;0;615;590;604;589;18006;16237;Ninguno;No aplica
5043;1069469;2020-08-07 00:00:00;0;ATLANTHIC SOUTH;36;15;Empleado;S;S;5625;200;500;4;691;730;644;725;26551;26493;Ninguno;No aplica
5044;1028757;2017-11-11 00:00:00;0;NEW YORK;33;10;Pensionado;S;N;4000;250;900;2;659;781;777;815;20768;13008;Ninguno;No aplica
5045;1023362;2019-06-19 00:00:00;1;NEW YORK;41;21.66666667;Pensionado;N;S;12500;260;980;4;541;541;657;757;26639;19137;SMS;Pago parcial
5046;1074402;2019-03-11 00:00:00;1;NEW ENGALND;32;5;Pensionado;S;S;6500;1071,025;1975;1;554;551;766;833;21633;16443;Whatsapp;Sin gestión
5047;1072975;2020-11-30 00:00:00;0;ATLANTHIC SOUTH;58;20;independiente;S;S;8750;720;1527;0;596;711;665;821;27841;18026;Ninguno;No aplica
5048;1003128;2020-04-11 00:00:00;1;ATLANTHIC SOUTH;51;33.33333333;Empleado;N;S;2500;400;1000;0;499;677;623;637;6892;3499;Correo;No contactado
5049;1056424;2018-03-11 00:00:00;1;NEW YORK;62;25;independiente;S;N;6750;727;1190;4;556;549;758;804;8439;5148;Correo;No contactado
5050;1019722;2018-08-08 00:00:00;0;NEW YORK;51;30;Pensionado;N;N;5000;166;750;4;691;600;681;533;7854;5034;Ninguno;No aplica
5051;1006391;2020-12-01 00:00:00;0;NEW ENGALND;42;15;independiente;S;S;7500;370;1400;0;736;718;605;708;16577;11965;Ninguno;No aplica
5052;1084924;2017-10-25 00:00:00;1;NEW YORK;57;35;independiente;S;N;12500;500;850;3;518;628;683;714;16763;9816;SMS;Pago parcial
5053;1009632;2020-12-23 00:00:00;1;CHICAGO;39;22;Pensionado;S;N;11875;450;1600;1;517;580;630;832;25176;23581;Whatsapp;Sin gestión
5054;1047796;2016-05-15 00:00:00;0;ATLANTHIC SOUTH;36;10;Pensionado;N;S;2500;400;800;1;686;647;511;776;16618;14166;Ninguno;No aplica
5055;1084927;2016-04-12 00:00:00;0;ATLANTHIC SOUTH;32;20;Empleado;S;N;7500;750;2352;0;639;740;716;721;26714;14495;Ninguno;No aplica
5056;1043507;2019-01-02 00:00:00;1;ATLANTHIC SOUTH;38;15;Pensionado;S;S;6400;290;900;0;444;612;727;747;29255;24137;SMS;Pago parcial
5057;1060791;2020-01-05 00:00:00;1;NEW ENGALND;64;50;Empleado;S;S;4500;778;1300;0;535;534;779;766;13235;10943;Call center;Promesa de pago
5058;1085675;2019-01-08 00:00:00;0;NEW YORK;28;10.83333333;independiente;S;N;9068;530;1300;0;701;683;680;676;24996;24449;Ninguno;No aplica
5059;1044139;2018-06-11 00:00:00;1;NEW ENGALND;42;25;Empleado;S;S;1000;500;1400;2;493;499;633;714;7618;3821;Call center;Promesa de pago
5060;1033512;2019-06-04 00:00:00;1;NEW YORK;65;26.66666667;independiente;S;S;3800;300;800;0;479;621;708;850;26062;16262;Correo;No contactado
5061;1043407;2021-05-02 00:00:00;0;NEW YORK;60;33.33333333;Empleado;S;S;8750;325;900;4;685;664;709;811;8163;7868;Ninguno;No aplica
5062;1093736;2017-12-20 00:00:00;0;CHICAGO;50;20;Empleado;S;S;3000;450;800;3;752;654;765;657;7942;7673;Ninguno;No aplica
5063;1046534;2018-08-15 00:00:00;0;NEW YORK;30;10;Pensionado;S;N;7000;282;960;4;683;678;647;691;29795;25632;Ninguno;No aplica
5064;1079768;2015-12-03 00:00:00;0;NEW YORK;31;10;Empleado;S;N;7500;200;800;0;633;682;638;677;6925;6114;Ninguno;No aplica
5065;1099160;2019-10-30 00:00:00;1;NEW YORK;40;28;independiente;N;S;5400;790;980;0;537;634;600;575;7972;4351;Whatsapp;Sin gestión
5066;1053678;2018-05-15 00:00:00;0;CHICAGO;58;38;Pensionado;S;N;3800;700;1200;0;690;715;688;640;16705;12645;Ninguno;No aplica
5067;1023577;2020-05-26 00:00:00;0;CHICAGO;59;40;Empleado;N;S;3750;350;1200;3;702;671;542;814;15640;9631;Ninguno;No aplica
5068;1048532;2017-09-16 00:00:00;0;CHICAGO;57;42;independiente;N;S;7500;500;1000;0;780;726;704;603;15966;9430;Ninguno;No aplica
5069;1001899;2019-04-05 00:00:00;0;ATLANTHIC SOUTH;35;15;independiente;S;S;12500;500;1500;3;699;704;691;860;22374;20252;Ninguno;No aplica
5070;1090573;2020-05-10 00:00:00;0;ATLANTHIC SOUTH;60;30;Empleado;N;S;7750;450;1360;0;714;654;691;775;16138;9159;Ninguno;No aplica
5071;1058917;2016-11-14 00:00:00;1;CHICAGO;41;10;independiente;S;S;7500;960,333;1840;0;441;573;660;756;23196;17033;Call center;Promesa de pago
5072;1099043;2019-09-05 00:00:00;1;NEW YORK;19;10;Pensionado;S;S;12500;365,7;1023;1;489;571;757;770;20935;20292;SMS;Pago parcial
5073;1090795;2016-04-01 00:00:00;0;NEW YORK;28;11;independiente;S;S;12250;210;1600;1;730;710;711;587;18145;10758;Ninguno;No aplica
5074;1097994;2020-12-11 00:00:00;0;NEW ENGALND;54;15;independiente;S;S;10800;810;2700;0;622;658;608;646;5489;5429;Ninguno;No aplica
5075;1072884;2017-03-05 00:00:00;0;ATLANTHIC SOUTH;34;16;Pensionado;S;S;8750;670;1930;2;710;657;609;800;16748;16700;Ninguno;No aplica
5076;1015657;2020-02-18 00:00:00;1;CHICAGO;64;15;Pensionado;S;S;7500;710;1000;2;505;698;588;665;27260;21203;Call center;Promesa de pago
5077;1019713;2019-03-03 00:00:00;0;545454;58;10;independiente;S;S;5250;200;800;2;702;736;689;766;25029;14644;Ninguno;No aplica
5078;1006617;2017-02-01 00:00:00;1;545454;43;15;independiente;N;N;7500;400;1500;3;552;534;580;596;28465;18731;Call center;Promesa de pago
5079;1056695;2020-12-23 00:00:00;0;ATLANTHIC SOUTH;51;33;Empleado;S;N;7800;800;900;4;717;714;726;562;24275;17290;Ninguno;No aplica
5080;1038436;2020-12-25 00:00:00;0;CHICAGO;53;30;Empleado;S;S;8000;500;900;0;774;687;743;841;8516;5575;Ninguno;No aplica
5081;1051346;2018-08-03 00:00:00;1;CHICAGO;36;15;Empleado;S;S;3750;1100;1500;0;450;603;588;719;24724;15831;SMS;Pago parcial
5082;1047341;2019-01-07 00:00:00;1;CHICAGO;43;23.33333333;independiente;N;S;4500;600;1100;4;507;588;637;672;11410;11252;Correo;No contactado
5083;1049310;2018-10-21 00:00:00;0;NEW YORK;35;7;Pensionado;S;S;10800;375;750;1;704;751;651;793;5053;2914;Ninguno;No aplica
5084;1007300;2016-07-12 00:00:00;0;CHICAGO;53;40;Empleado;S;N;8000;250;2400;0;647;701;712;782;23959;20764;Ninguno;No aplica
5085;1022811;2017-03-02 00:00:00;1;NEW YORK;73;33.33333333;Pensionado;S;S;8800;510;1100;4;548;576;763;803;21999;11004;Whatsapp;Sin gestión
5086;1089896;2018-03-15 00:00:00;0;NEW YORK;56;20;independiente;S;N;11250;300;750;2;816;743;532;619;10944;8734;Ninguno;No aplica
5087;1053575;2019-12-25 00:00:00;1;ATLANTHIC SOUTH;62;42;Pensionado;S;S;8750;500;2000;3;499;594;628;694;12404;11883;Correo;No contactado
5088;1077806;2018-09-09 00:00:00;0;NEW YORK;43;20.83333333;Pensionado;S;N;12900;100;500;1;725;687;631;698;5954;3834;Ninguno;No aplica
5089;1058980;2020-09-28 00:00:00;1;CHICAGO;30;7.5;Pensionado;S;S;8000;1900;3183,333;3;504;599;552;782;15625;9262;SMS;Pago parcial
5090;1034167;2017-06-30 00:00:00;1;545454;39;13.33333333;independiente;S;S;10000;1200;1800;0;464;574;616;674;6629;5474;Call center;Promesa de pago
5091;1083186;2020-11-24 00:00:00;1;NEW YORK;24;11.66666667;Pensionado;N;S;6250;610;1200;3;409;581;680;735;15973;13678;Whatsapp;Sin gestión
5092;1076958;2016-01-28 00:00:00;0;ATLANTHIC SOUTH;29;10;independiente;N;N;5400;200;700;4;665;645;630;694;11859;10009;Ninguno;No aplica
5093;1066887;2018-09-18 00:00:00;1;NEW ENGALND;53;40;Empleado;N;S;8100;800;1800;0;430;535;542;836;13841;9130;Correo;No contactado
5094;1007145;2017-06-06 00:00:00;1;NEW YORK;28;20;Pensionado;S;S;6500;250;1200;0;585;520;851;788;15539;9729;SMS;Pago parcial
5095;1093414;2018-12-16 00:00:00;0;CHICAGO;36;15;Empleado;S;S;12600;1065;2200;2;694;596;669;534;17682;17292;Ninguno;No aplica
5096;1037488;2016-10-13 00:00:00;0;NEW YORK;24;5;independiente;S;S;9375;177;950;0;683;627;658;651;8278;7961;Ninguno;No aplica
5097;1040521;2020-02-20 00:00:00;0;NEW YORK;24;10;Pensionado;S;S;12500;396,413;1125,375;3;744;670;573;586;26839;19556;Ninguno;No aplica
5098;1070476;2016-08-05 00:00:00;0;NEW YORK;60;12;Pensionado;S;S;2500;290;550;1;644;686;668;721;25185;23248;Ninguno;No aplica
5099;1013413;2019-12-16 00:00:00;0;NEW YORK;60;12;Pensionado;S;S;1500;290;550;0;662;664;639;753;23945;17388;Ninguno;No aplica
5100;1015959;2016-03-24 00:00:00;1;545454;61;43;Pensionado;S;S;6250;425;1700;3;503;439;518;729;11539;8218;Call center;Promesa de pago
5101;1099907;2018-11-29 00:00:00;1;545454;62;15;Pensionado;S;S;6500;300;1680;0;551;674;575;696;21754;12582;Call center;Promesa de pago
5102;1090150;2020-10-09 00:00:00;0;NEW YORK;33;8;Empleado;S;S;12500;300;1962,5;0;725;745;706;676;5857;4177;Ninguno;No aplica
5103;1064043;2020-08-20 00:00:00;1;CHICAGO;30;7.166666667;Empleado;S;N;12600;425;1500;0;512;607;786;739;9886;7599;Correo;No contactado
5104;1040270;2016-02-20 00:00:00;0;ATLANTHIC SOUTH;50;30;independiente;S;N;8750;1210;2600;3;704;794;676;612;17945;9174;Ninguno;No aplica
5105;1047651;2017-11-23 00:00:00;0;NEW YORK;51;30;Empleado;S;S;16250;275;1050;1;720;621;727;560;12485;9015;Ninguno;No aplica
5106;1013575;2020-10-10 00:00:00;0;NEW YORK;45;10;independiente;S;S;12500;350;1000;1;710;793;639;485;18680;16638;Ninguno;No aplica
5107;1000947;2018-01-25 00:00:00;0;ATLANTHIC SOUTH;56;20;Pensionado;S;S;5625;200;650;0;649;622;644;784;21767;18285;Ninguno;No aplica
5108;1010704;2018-06-15 00:00:00;0;CHICAGO;57;23.33333333;Empleado;S;N;4000;992;1214;1;702;694;726;715;19397;15859;Ninguno;No aplica
5109;1025515;2018-11-02 00:00:00;1;NEW YORK;53;30;Empleado;S;S;7500;670;1500;3;446;504;766;753;15744;15032;SMS;Pago parcial
5110;1093087;2021-01-03 00:00:00;1;ATLANTHIC SOUTH;41;23;Empleado;S;N;7500;300;1400;0;504;581;741;834;9334;4751;Call center;Promesa de pago
5111;1065642;2020-10-01 00:00:00;0;NEW YORK;36;10;independiente;S;S;3100;260;723;1;676;703;575;557;25674;19988;Ninguno;No aplica
5112;1016941;2020-06-26 00:00:00;1;NEW YORK;33;20;Pensionado;S;S;15000;347;1200;2;627;571;645;564;24109;21546;Call center;Promesa de pago
5113;1049067;2017-11-04 00:00:00;0;ATLANTHIC SOUTH;47;8;Empleado;S;S;6250;652;2216;3;698;723;669;705;17226;13276;Ninguno;No aplica
5114;1008923;2017-04-11 00:00:00;0;ATLANTHIC SOUTH;31;10;independiente;S;N;6300;850;1600;0;630;686;632;696;27588;18262;Ninguno;No aplica
5115;1058543;2017-01-23 00:00:00;1;545454;37;12.16666667;Pensionado;S;S;7500;300;2110;0;493;549;677;564;18440;10476;Whatsapp;Sin gestión
5116;1020968;2016-03-21 00:00:00;0;ATLANTHIC SOUTH;64;40;independiente;S;S;7500;1200;2000;1;726;646;707;702;20020;18895;Ninguno;No aplica
5117;1092077;2020-03-16 00:00:00;1;ATLANTHIC SOUTH;48;20;Pensionado;S;S;4000;200;600;1;584;629;720;684;27495;20219;Call center;Promesa de pago
5118;1082598;2018-06-04 00:00:00;1;ATLANTHIC SOUTH;39;60;Empleado;S;S;5911;1110;1773,333;1;471;541;768;647;9251;8687;Correo;No contactado
5119;1092468;2018-10-28 00:00:00;1;545454;40;15;independiente;S;N;18750;500;2000;0;421;635;627;690;17180;13622;SMS;Pago parcial
5120;1055353;2021-03-18 00:00:00;0;NEW YORK;43;8;Empleado;S;N;11561;873;1800;0;741;753;555;450;21140;17696;Ninguno;No aplica
5121;1080153;2018-01-30 00:00:00;1;ATLANTHIC SOUTH;33;12.5;Pensionado;S;S;8750;250;1420;4;431;480;675;667;5922;5342;SMS;Pago parcial
5122;1091850;2017-07-27 00:00:00;0;NEW ENGALND;68;40;Empleado;S;S;5000;370;1200;0;678;748;782;607;24299;20158;Ninguno;No aplica
5123;1006222;2017-12-17 00:00:00;1;NEW YORK;63;33.33333333;Empleado;S;S;7400;500;900;0;487;704;617;770;12957;9057;Whatsapp;Sin gestión
5124;1056993;2018-08-05 00:00:00;1;545454;49;7;Pensionado;S;S;7200;400;1350;2;497;595;698;706;24430;18489;SMS;Pago parcial
5125;1055509;2021-01-13 00:00:00;1;CHICAGO;46;20;independiente;S;S;12500;480;1500;0;534;616;699;777;20796;18748;Correo;No contactado
5126;1011616;2017-10-01 00:00:00;0;ATLANTHIC SOUTH;20;15;Pensionado;N;S;7500;300;1700;2;666;742;663;441;6230;4279;Ninguno;No aplica
5127;1025392;2017-11-10 00:00:00;0;545454;66;20;Empleado;S;S;13500;300;2250;0;686;663;650;594;15627;10846;Ninguno;No aplica
5128;1008386;2020-08-31 00:00:00;1;ATLANTHIC SOUTH;63;6;independiente;N;S;9600;180;630;2;499;591;585;770;29031;15904;Call center;Promesa de pago
5129;1060742;2015-12-26 00:00:00;0;NEW YORK;68;5;Pensionado;S;S;8500;195;740;4;707;601;490;642;15006;14365;Ninguno;No aplica
5130;1068485;2017-09-01 00:00:00;1;CHICAGO;40;22;Pensionado;S;S;3750;300;1100;0;505;588;572;796;9933;5419;Whatsapp;Sin gestión
5131;1085235;2020-09-26 00:00:00;1;NEW YORK;49;12;independiente;S;N;12000;800;2000;2;522;610;623;558;19295;15901;SMS;Pago parcial
5132;1032164;2018-10-05 00:00:00;0;NEW YORK;30;5;independiente;S;S;10625;180;1000;1;742;711;727;736;21377;15105;Ninguno;No aplica
5133;1097203;2019-08-21 00:00:00;1;ATLANTHIC SOUTH;36;20;Pensionado;S;S;12600;1000;2500;3;520;644;643;662;25324;17798;Whatsapp;Sin gestión
5134;1056443;2019-04-11 00:00:00;1;NEW YORK;32;12.5;Pensionado;S;S;9500;310;2000;2;523;534;614;654;27867;23402;Whatsapp;Sin gestión
5135;1082450;2020-10-22 00:00:00;0;NEW YORK;58;33.33333333;Empleado;S;S;10000;320;565;4;621;648;588;759;5203;2776;Ninguno;No aplica
5136;1083658;2016-03-25 00:00:00;0;ATLANTHIC SOUTH;66;46;independiente;S;S;2500;300;400;1;703;794;696;775;21544;17167;Ninguno;No aplica
5137;1000299;2018-06-22 00:00:00;1;NEW YORK;43;10;Pensionado;S;N;7500;300;1300;0;524;571;745;813;20899;18517;SMS;Pago parcial
5138;1004604;2020-10-17 00:00:00;1;NEW ENGALND;48;1.666666667;Pensionado;S;S;14000;690;1500;4;536;592;724;903;8748;7997;Whatsapp;Sin gestión
5139;1007585;2017-06-15 00:00:00;1;CHICAGO;46;20;independiente;N;N;18200;1500,066;1718,167;0;465;576;692;834;11718;6858;SMS;Pago parcial
5140;1005907;2018-11-26 00:00:00;0;ATLANTHIC SOUTH;60;30;Pensionado;N;S;6250;450;1360;0;667;631;547;598;23965;22736;Ninguno;No aplica
5141;1024231;2018-10-23 00:00:00;0;ATLANTHIC SOUTH;53;28;independiente;S;S;10000;640;1660;4;671;777;625;683;6093;5045;Ninguno;No aplica
5142;1069120;2021-04-16 00:00:00;0;ATLANTHIC SOUTH;27;10;Pensionado;N;S;15750;930;2500;4;727;648;786;638;20228;19033;Ninguno;No aplica
5143;1084761;2016-09-07 00:00:00;1;ATLANTHIC SOUTH;31;14;independiente;S;S;14000;400;1500;0;552;512;729;903;25884;19223;Correo;No contactado
5144;1006385;2018-07-28 00:00:00;0;CHICAGO;35;10;Empleado;S;N;9000;800;1500;1;680;653;542;769;21034;16218;Ninguno;No aplica
5145;1088417;2016-04-10 00:00:00;1;CHICAGO;62;10;Pensionado;S;S;13040;1605,63;1827;1;545;460;646;703;10710;10276;SMS;Pago parcial
5146;1006084;2017-03-14 00:00:00;1;ATLANTHIC SOUTH;49;20;independiente;N;N;13500;330;1500;2;506;541;675;799;14732;13995;Call center;Promesa de pago
5147;1086024;2021-01-06 00:00:00;1;NEW YORK;67;33.33333333;Empleado;S;S;2500;800,833;1325;2;494;522;597;609;24259;17565;SMS;Pago parcial
5148;1044342;2016-01-13 00:00:00;0;NEW YORK;34;20;Empleado;S;S;2625;375;1442;1;689;717;488;693;8191;5219;Ninguno;No aplica
5149;1022216;2019-12-08 00:00:00;1;ATLANTHIC SOUTH;42;1.666666667;Empleado;S;S;6250;1700;4000;3;537;540;657;636;23221;16175;Call center;Promesa de pago
5150;1008920;2019-12-30 00:00:00;0;NEW YORK;44;26;Pensionado;S;S;10000;2680;5520;4;716;733;595;518;5689;3947;Ninguno;No aplica
5151;1022927;2017-08-03 00:00:00;0;ATLANTHIC SOUTH;38;15;Pensionado;N;S;12500;4393;11500;1;814;764;595;741;25143;16178;Ninguno;No aplica
5152;1049212;2020-07-10 00:00:00;1;NEW ENGALND;47;10;independiente;S;N;10800;300;2800;0;457;627;625;802;7103;4505;Whatsapp;Sin gestión
5153;1025833;2016-12-03 00:00:00;0;ATLANTHIC SOUTH;42;60;Empleado;N;S;14500;450;1300;0;726;667;641;711;5365;4992;Ninguno;No aplica
5154;1019089;2017-03-14 00:00:00;0;ATLANTHIC SOUTH;32;15;Empleado;N;S;13200;220;2230;2;674;688;649;654;19010;10169;Ninguno;No aplica
5155;1037964;2019-06-15 00:00:00;0;NEW YORK;34;20;Empleado;S;S;4939;375;1442;2;657;589;588;556;16767;14064;Ninguno;No aplica
5156;1000964;2018-10-28 00:00:00;1;NEW ENGALND;38;0;Pensionado;S;S;3600;300;1000;3;499;572;635;615;21103;12375;SMS;Pago parcial
5157;1014347;2015-10-03 00:00:00;1;NEW YORK;59;0;independiente;S;S;5000;220;800;0;507;528;527;633;29476;19815;Call center;Promesa de pago
5158;1062080;2016-12-02 00:00:00;0;NEW ENGALND;60;0;Empleado;S;S;2200;400;1000;3;846;722;672;649;17742;9417;Ninguno;No aplica
5159;1053780;2016-12-11 00:00:00;1;ATLANTHIC SOUTH;54;0;Empleado;S;N;9000;1160;3200;0;491;734;450;817;17391;11043;SMS;Pago parcial
5160;1088307;2016-10-20 00:00:00;1;NEW YORK;28;0;Pensionado;N;N;6250;230;900;2;443;610;630;815;9172;8110;SMS;Pago parcial
5161;1015870;2018-02-18 00:00:00;0;NEW YORK;25;0;Pensionado;S;S;11250;210;780;0;714;561;714;522;27417;25841;Ninguno;No aplica
5162;1069735;2017-08-11 00:00:00;1;NEW YORK;66;0;Pensionado;S;N;12250;450;1168;4;396;558;576;658;20623;12596;SMS;Pago parcial
5163;1036689;2019-05-27 00:00:00;1;ATLANTHIC SOUTH;44;0;independiente;N;S;4000;1120;2700;4;495;587;700;655;7378;5399;Correo;No contactado
5164;1042586;2017-02-25 00:00:00;0;NEW YORK;30;0;independiente;N;S;4000;895;1080;4;701;685;731;442;22589;16607;Ninguno;No aplica
5165;1098275;2017-05-26 00:00:00;0;NEW YORK;31;0;Empleado;N;N;3750;300;600;4;740;636;418;721;26372;24705;Ninguno;No aplica
5166;1066319;2017-03-13 00:00:00;0;NEW YORK;47;0;Pensionado;N;N;12000;300;1600;1;749;695;639;648;17031;15011;Ninguno;No aplica
5167;1050569;2018-08-02 00:00:00;0;ATLANTHIC SOUTH;41;0;independiente;N;S;6000;200;1800;2;675;605;449;660;10669;8072;Ninguno;No aplica
5168;1093504;2017-03-26 00:00:00;1;ATLANTHIC SOUTH;30;0;Empleado;S;N;4000;205;1300;2;492;523;642;841;7735;6462;Call center;Promesa de pago
5169;1054640;2015-12-28 00:00:00;1;NEW YORK;52;0;independiente;S;N;6250;282,667;800;0;462;619;649;728;14867;13732;Correo;No contactado
5170;1031438;2020-04-17 00:00:00;1;ATLANTHIC SOUTH;33;0;independiente;N;S;8000;550;1550;4;444;519;476;681;13490;6809;Correo;No contactado
5171;1090998;2017-05-09 00:00:00;0;ATLANTHIC SOUTH;31;0;Pensionado;S;S;6300;500;1050;1;715;712;785;721;5956;4178;Ninguno;No aplica
5172;1006002;2016-04-25 00:00:00;1;ATLANTHIC SOUTH;26;0;Pensionado;S;N;8000;735;1230;4;436;498;670;815;14306;13643;Call center;Promesa de pago
5173;1018287;2017-08-17 00:00:00;0;ATLANTHIC SOUTH;36;0;Empleado;S;S;7785;1605;2900;2;679;786;591;697;11623;10114;Ninguno;No aplica
5174;1040280;2018-05-01 00:00:00;1;ATLANTHIC SOUTH;57;0;Pensionado;N;N;10000;300;800;4;450;534;753;782;19908;15357;SMS;Pago parcial
5175;1018998;2018-09-29 00:00:00;0;NEW YORK;36;0;independiente;N;S;4000;550;1050;0;727;667;524;657;22858;17482;Ninguno;No aplica
5176;1005696;2017-02-18 00:00:00;0;ATLANTHIC SOUTH;58;0;Pensionado;S;N;10000;534;1200;2;790;700;564;663;9460;6375;Ninguno;No aplica
5177;1078840;2019-11-10 00:00:00;1;ATLANTHIC SOUTH;65;0;Pensionado;N;S;3000;360;590;1;435;546;489;730;28386;21581;Correo;No contactado
5178;1008217;2016-08-17 00:00:00;1;ATLANTHIC SOUTH;34;0;Pensionado;N;S;8000;550;1075;0;407;589;776;652;18986;15715;Correo;No contactado
5179;1025420;2016-12-01 00:00:00;1;NEW ENGALND;59;0;Pensionado;N;S;6400;600;2200;2;494;615;673;669;17638;12509;Correo;No contactado
5180;1092012;2018-05-01 00:00:00;0;ATLANTHIC SOUTH;45;0;Pensionado;S;S;7500;1010;1800;0;701;738;696;794;27780;23810;Ninguno;No aplica
5181;1076279;2016-12-22 00:00:00;0;NEW YORK;34;0;independiente;S;S;2500;187,667;500;1;711;727;671;851;24212;22532;Ninguno;No aplica
5182;1052461;2016-04-10 00:00:00;0;NEW YORK;41;0;independiente;S;S;9000;200;1100;1;678;670;690;813;7850;4532;Ninguno;No aplica
5183;1039473;2015-09-23 00:00:00;0;NEW YORK;55;0;independiente;S;S;7200;500;1800;0;690;671;655;551;18299;13281;Ninguno;No aplica
5184;1072203;2018-12-25 00:00:00;0;NEW YORK;53;0;Empleado;N;S;11250;320;1016,666;4;718;821;669;542;15698;11052;Ninguno;No aplica
5185;1024663;2016-01-12 00:00:00;0;ATLANTHIC SOUTH;26;0;Pensionado;S;N;12000;650;1070;2;752;737;658;563;24348;20543;Ninguno;No aplica
5186;1001154;2015-06-22 00:00:00;1;NEW YORK;29;0;Empleado;N;S;8850;290;870;0;402;525;607;732;9594;5996;SMS;Pago parcial
5187;1080229;2017-05-04 00:00:00;0;CHICAGO;39;0;Empleado;S;S;3750;300;500;3;682;686;647;417;19282;15814;Ninguno;No aplica
5188;1037508;2015-11-04 00:00:00;1;ATLANTHIC SOUTH;24;0;Pensionado;N;S;6250;552;1200;0;511;560;669;667;21285;19981;Correo;No contactado
5189;1090906;2015-02-22 00:00:00;0;CHICAGO;68;0;Empleado;S;S;6000;400;1200;0;654;672;658;797;19334;13709;Ninguno;No aplica
5190;1058954;2017-11-06 00:00:00;1;CHICAGO;31;0;Pensionado;S;S;11000;700;1200;0;587;506;547;808;11644;11126;Whatsapp;Sin gestión
5191;1027928;2020-02-19 00:00:00;1;NEW YORK;47;0;independiente;S;S;4250;310;700;4;468;555;556;674;7850;7823;Call center;Promesa de pago
5192;1018027;2015-07-11 00:00:00;1;NEW YORK;49;0;Empleado;S;N;5800;350;1000;0;498;689;726;681;19933;11024;Whatsapp;Sin gestión
5193;1074982;2015-10-12 00:00:00;1;NEW ENGALND;32;0;Pensionado;S;N;10800;450;1200;4;528;615;629;771;5165;3184;SMS;Pago parcial
5194;1076645;2020-03-09 00:00:00;1;NEW ENGALND;52;0;independiente;S;S;12500;200;600;2;470;431;691;804;15701;15311;Correo;No contactado
5195;1034891;2018-04-21 00:00:00;1;NEW YORK;43;0;Pensionado;S;S;10000;500;1800;4;408;653;574;672;5919;5796;Call center;Promesa de pago
5196;1086096;2016-12-10 00:00:00;0;NEW ENGALND;56;0;Empleado;S;S;12000;400;1400;2;679;745;547;649;13305;7302;Ninguno;No aplica
5197;1015398;2015-02-03 00:00:00;0;NEW YORK;67;0;Pensionado;S;S;3000;300;1200;2;751;658;591;619;24888;12631;Ninguno;No aplica
